{
  "pools": [
    {
      "rolls": 1,
      "entries": [
        {
          "type": "minecraft:item",
          "name": "minecraft:cake",
          "functions": [
            {
              "function": "minecraft:set_count",
              "count": 1
            },
            {
              "function": "minecraft:set_nbt",
              "tag": "{bites:0}",
              "conditions": [
                {
                  "condition": "minecraft:block_state_property",
                  "block": "minecraft:cake",
                  "properties": {
                    "bites": "0"
                  }
                }
              ]
            },
            {
              "function": "minecraft:set_nbt",
              "tag": "{bites:1}",
              "conditions": [
                {
                  "condition": "minecraft:block_state_property",
                  "block": "minecraft:cake",
                  "properties": {
                    "bites": "1"
                  }
                }
              ]
            },
            {
              "function": "minecraft:set_nbt",
              "tag": "{bites:2}",
              "conditions": [
                {
                  "condition": "minecraft:block_state_property",
                  "block": "minecraft:cake",
                  "properties": {
                    "bites": "2"
                  }
                }
              ]
            },
            {
              "function": "minecraft:set_nbt",
              "tag": "{bites:3}",
              "conditions": [
                {
                  "condition": "minecraft:block_state_property",
                  "block": "minecraft:cake",
                  "properties": {
                    "bites": "3"
                  }
                }
              ]
            },
            {
              "function": "minecraft:set_nbt",
              "tag": "{bites:4}",
              "conditions": [
                {
                  "condition": "minecraft:block_state_property",
                  "block": "minecraft:cake",
                  "properties": {
                    "bites": "4"
                  }
                }
              ]
            },
            {
              "function": "minecraft:set_nbt",
              "tag": "{bites:5}",
              "conditions": [
                {
                  "condition": "minecraft:block_state_property",
                  "block": "minecraft:cake",
                  "properties": {
                    "bites": "5"
                  }
                }
              ]
            },
            {
              "function": "minecraft:set_nbt",
              "tag": "{bites:6}",
              "conditions": [
                {
                  "condition": "minecraft:block_state_property",
                  "block": "minecraft:cake",
                  "properties": {
                    "bites": "6"
                  }
                }
              ]
            },
            {
              "function": "minecraft:set_lore",
              "entity": "this",
              "lore": [
                [
                  {
                    "text": "0 bites",
                    "color": "gray",
                    "italic": false
                  }
                ]
              ],
              "conditions": [
                {
                  "condition": "minecraft:block_state_property",
                  "block": "minecraft:cake",
                  "properties": {
                    "bites": "0"
                  }
                }
              ]
            },
            {
              "function": "minecraft:set_lore",
              "entity": "this",
              "lore": [
                [
                  {
                    "text": "1 bites",
                    "color": "gray",
                    "italic": false
                  }
                ]
              ],
              "conditions": [
                {
                  "condition": "minecraft:block_state_property",
                  "block": "minecraft:cake",
                  "properties": {
                    "bites": "1"
                  }
                }
              ]
            },
            {
              "function": "minecraft:set_lore",
              "entity": "this",
              "lore": [
                [
                  {
                    "text": "2 bites",
                    "color": "gray",
                    "italic": false
                  }
                ]
              ],
              "conditions": [
                {
                  "condition": "minecraft:block_state_property",
                  "block": "minecraft:cake",
                  "properties": {
                    "bites": "2"
                  }
                }
              ]
            },
            {
              "function": "minecraft:set_lore",
              "entity": "this",
              "lore": [
                [
                  {
                    "text": "3 bites",
                    "color": "gray",
                    "italic": false
                  }
                ]
              ],
              "conditions": [
                {
                  "condition": "minecraft:block_state_property",
                  "block": "minecraft:cake",
                  "properties": {
                    "bites": "3"
                  }
                }
              ]
            },
            {
              "function": "minecraft:set_lore",
              "entity": "this",
              "lore": [
                [
                  {
                    "text": "4 bites",
                    "color": "gray",
                    "italic": false
                  }
                ]
              ],
              "conditions": [
                {
                  "condition": "minecraft:block_state_property",
                  "block": "minecraft:cake",
                  "properties": {
                    "bites": "4"
                  }
                }
              ]
            },
            {
              "function": "minecraft:set_lore",
              "entity": "this",
              "lore": [
                [
                  {
                    "text": "5 bites",
                    "color": "gray",
                    "italic": false
                  }
                ]
              ],
              "conditions": [
                {
                  "condition": "minecraft:block_state_property",
                  "block": "minecraft:cake",
                  "properties": {
                    "bites": "5"
                  }
                }
              ]
            },
            {
              "function": "minecraft:set_lore",
              "entity": "this",
              "lore": [
                [
                  {
                    "text": "6 bites",
                    "color": "gray",
                    "italic": false
                  }
                ]
              ],
              "conditions": [
                {
                  "condition": "minecraft:block_state_property",
                  "block": "minecraft:cake",
                  "properties": {
                    "bites": "6"
                  }
                }
              ]
            }
          ]
        }
      ]
    }
  ]
}
