{
    "parent": "wep:root",
   
    "criteria": {
        "dagger":{
            "trigger": "inventory_changed",
            "conditions": {
              "items": [
                {
                    "nbt": "{CustomModelData:99991,Smithed:0b}",
                     "items": ["minecraft:netherite_sword"]
                    
                }
              ]
                
            }
            
            },
            "claymore":{
                "trigger": "inventory_changed",
                "conditions": {
                  "items": [
                    {
                        "nbt": "{CustomModelData:99992,Smithed:0b}",
                        "items": ["minecraft:netherite_sword"]
                        
                    }
                  ]
                    
                }
                
                },
                "cutlass":{
                    "trigger": "inventory_changed",
                    "conditions": {
                      "items": [
                        {
                            "nbt": "{CustomModelData:99993,Smithed:0b}",
                            "items": ["minecraft:netherite_sword"]
                            
                        }
                      ]
                        
                    }
                    
                    },
                    "battleaxe":{
                        "trigger": "inventory_changed",
                        "conditions": {
                          "items": [
                            {
                                "nbt": "{CustomModelData:99994,Smithed:0b}",
                                "items": ["minecraft:netherite_axe"]
                                
                            }
                          ]
                            
                        }
                        
                        },
                        "lance":{
                            "trigger": "inventory_changed",
                            "conditions": {
                              "items": [
                                {
                                    "nbt": "{CustomModelData:99995,Smithed:0b}",
                                    "items": ["minecraft:netherite_sword"]
                                    
                                }
                              ]
                                
                            }
                            
                            },
                            "rapier":{
                                "trigger": "inventory_changed",
                                "conditions": {
                                  "items": [
                                    {
                                        "nbt": "{CustomModelData:99996,Smithed:0b}",
                                        "items": ["minecraft:netherite_sword"]
                                        
                                    }
                                  ]
                                    
                                }
                                
                                },
                                "katana":{
                                    "trigger": "inventory_changed",
                                    "conditions": {
                                      "items": [
                                        {
                                            "nbt": "{CustomModelData:99998,Smithed:0b}",
                                            "items": ["minecraft:netherite_sword"]
                                            
                                        }
                                      ]
                                        
                                    }
                                    
                                    },
                                    "warhammer":{
                                        "trigger": "inventory_changed",
                                        "conditions": {
                                          "items": [
                                            {
                                                "nbt": "{CustomModelData:99999,Smithed:0b}",
                                                "items": ["minecraft:netherite_axe"]
                                                
                                            }
                                          ]
                                            
                                        }
                                        
                                        },
                                        "halberd":{
                                            "trigger": "inventory_changed",
                                            "conditions": {
                                              "items": [
                                                {
                                                    "nbt": "{CustomModelData:999901,Smithed:0b}",
                                                    "items": ["minecraft:netherite_axe"]
                                                    
                                                }
                                              ]
                                                
                                            }
                                            
                                            },
                                            "scythe":{
                                                "trigger": "inventory_changed",
                                                "conditions": {
                                                  "items": [
                                                    {
                                                        "nbt": "{CustomModelData:999902,Smithed:0b}",
                                                        "items": ["minecraft:netherite_sword"]
                                                        
                                                    }
                                                  ]
                                                    
                                                }
                                                
                                                }
        }
    ,
    "rewards": {
        "function": "wep:technical/netherite_application/determination"
    },
    "requirements": [
        ["dagger","claymore","cutlass","battleaxe","lance","rapier","katana","warhammer","halberd","scythe"]
    ]
    

}