{
  "pools": [
    {
      "rolls": 1,
      "entries": [
        {
          "type": "minecraft:item",
          "name": "minecraft:leather_boots",
          "functions": [
            {
              "function": "minecraft:set_components",
              "components": {
                "minecraft:repair_cost": 99999,
                "minecraft:unbreakable": {},
                "minecraft:custom_name": "{\"text\":\"Ice Shoes\",\"color\":\"gold\",\"italic\":false}",
                "minecraft:lore": [
                  "{\"text\":\" \"}",
                  "{\"text\":\"Ability:\",\"color\":\"green\",\"italic\":false}",
                  "{\"text\":\"When hit there is a 20% chance to reduce \",\"color\":\"gray\",\"italic\":false}",
                  "{\"text\":\"the armor values of the enemy by 17.5% for \",\"color\":\"gray\",\"italic\":false}",
                  "{\"text\":\"3 seconds, also reduces speed by 25%. \",\"color\":\"gray\",\"italic\":false}"
                ],
                "minecraft:dyed_color": {
                  "rgb": 8705013,
                  "show_in_tooltip": false
                },
                "minecraft:custom_data": {
                  "armor": "ice_shoes",
                  "mt": "armor"
                }
              }
            },
            {
              "function": "minecraft:set_attributes",
              "modifiers": [
                {
                  "id": "ice_boots",
                  "attribute": "minecraft:generic.armor",
                  "name": "minecraft:generic.armor",
                  "amount": 2.5,
                  "operation": "add_value",
                  "slot": "feet"
                },
                {
                  "id": "ice_boots",
                  "attribute": "minecraft:generic.armor_toughness",
                  "name": "minecraft:generic.armor_toughness",
                  "amount": 2.5,
                  "operation": "add_value",
                  "slot": "feet"
                }
              ]
            },
            {
              "function": "minecraft:set_enchantments",
              "enchantments": {
                "minecraft:protection": {
                  "min": 1,
                  "max": 5
                },
                "minecraft:projectile_protection": {
                  "min": 2,
                  "max": 10
                },
                "minecraft:blast_protection": {
                  "min": 1,
                  "max": 4
                },
                "minecraft:frost_walker": {
                  "min": 1,
                  "max": 10
                },
                "minecraft:feather_falling": {
                  "min": 1,
                  "max": 5
                }
              }
            }
          ]
        },
        {
          "type": "minecraft:item",
          "name": "minecraft:leather_boots",
          "functions": [
            {
              "function": "minecraft:set_components",
              "components": {
                "minecraft:repair_cost": 99999,
                "minecraft:unbreakable": {},
                "minecraft:custom_name": "{\"text\":\"Ice Shoes\",\"color\":\"gold\",\"italic\":false}",
                "minecraft:lore": [
                  "{\"text\":\" \"}",
                  "{\"text\":\"Ability:\",\"color\":\"green\",\"italic\":false}",
                  "{\"text\":\"When hit there is a 20% chance to reduce \",\"color\":\"gray\",\"italic\":false}",
                  "{\"text\":\"the armor values of the enemy by 17.5% for \",\"color\":\"gray\",\"italic\":false}",
                  "{\"text\":\"3 seconds, also reduces speed by 25%. \",\"color\":\"gray\",\"italic\":false}"
                ],
                "minecraft:dyed_color": {
                  "rgb": 8705013,
                  "show_in_tooltip": false
                },
                "minecraft:custom_data": {
                  "armor": "ice_shoes",
                  "mt": "armor"
                }
              }
            },
            {
              "function": "minecraft:set_attributes",
              "modifiers": [
                {
                  "id": "ice_boots",
                  "attribute": "minecraft:generic.armor",
                  "name": "minecraft:generic.armor",
                  "amount": 3,
                  "operation": "add_value",
                  "slot": "feet"
                },
                {
                  "id": "ice_boots",
                  "attribute": "minecraft:generic.armor_toughness",
                  "name": "minecraft:generic.armor_toughness",
                  "amount": 3,
                  "operation": "add_value",
                  "slot": "feet"
                }
              ]
            },
            {
              "function": "minecraft:set_enchantments",
              "enchantments": {
                "minecraft:protection": {
                  "min": 1,
                  "max": 5
                },
                "minecraft:projectile_protection": {
                  "min": 2,
                  "max": 10
                },
                "minecraft:blast_protection": {
                  "min": 1,
                  "max": 4
                },
                "minecraft:frost_walker": {
                  "min": 1,
                  "max": 10
                },
                "minecraft:feather_falling": {
                  "min": 1,
                  "max": 5
                }
              }
            }
          ]
        },
        {
          "type": "minecraft:item",
          "name": "minecraft:leather_boots",
          "functions": [
            {
              "function": "minecraft:set_components",
              "components": {
                "minecraft:repair_cost": 99999,
                "minecraft:unbreakable": {},
                "minecraft:custom_name": "{\"text\":\"Ice Shoes\",\"color\":\"gold\",\"italic\":false}",
                "minecraft:lore": [
                  "{\"text\":\" \"}",
                  "{\"text\":\"Ability:\",\"color\":\"green\",\"italic\":false}",
                  "{\"text\":\"When hit there is a 20% chance to reduce \",\"color\":\"gray\",\"italic\":false}",
                  "{\"text\":\"the armor values of the enemy by 17.5% for \",\"color\":\"gray\",\"italic\":false}",
                  "{\"text\":\"3 seconds, also reduces speed by 25%. \",\"color\":\"gray\",\"italic\":false}"
                ],
                "minecraft:dyed_color": {
                  "rgb": 8705013,
                  "show_in_tooltip": false
                },
                "minecraft:custom_data": {
                  "armor": "ice_shoes",
                  "mt": "armor"
                }
              }
            },
            {
              "function": "minecraft:set_attributes",
              "modifiers": [
                {
                  "id": "ice_boots",
                  "attribute": "minecraft:generic.armor",
                  "name": "minecraft:generic.armor",
                  "amount": 3.5,
                  "operation": "add_value",
                  "slot": "feet"
                },
                {
                  "id": "ice_boots",
                  "attribute": "minecraft:generic.armor_toughness",
                  "name": "minecraft:generic.armor_toughness",
                  "amount": 3.5,
                  "operation": "add_value",
                  "slot": "feet"
                }
              ]
            },
            {
              "function": "minecraft:set_enchantments",
              "enchantments": {
                "minecraft:protection": {
                  "min": 1,
                  "max": 5
                },
                "minecraft:projectile_protection": {
                  "min": 2,
                  "max": 10
                },
                "minecraft:blast_protection": {
                  "min": 1,
                  "max": 4
                },
                "minecraft:frost_walker": {
                  "min": 1,
                  "max": 10
                },
                "minecraft:feather_falling": {
                  "min": 1,
                  "max": 5
                }
              }
            }
          ]
        },
        {
          "type": "minecraft:item",
          "name": "minecraft:leather_boots",
          "functions": [
            {
              "function": "minecraft:set_components",
              "components": {
                "minecraft:repair_cost": 99999,
                "minecraft:unbreakable": {},
                "minecraft:custom_name": "{\"text\":\"Ice Shoes\",\"color\":\"gold\",\"italic\":false}",
                "minecraft:lore": [
                  "{\"text\":\" \"}",
                  "{\"text\":\"Ability:\",\"color\":\"green\",\"italic\":false}",
                  "{\"text\":\"When hit there is a 20% chance to reduce \",\"color\":\"gray\",\"italic\":false}",
                  "{\"text\":\"the armor values of the enemy by 17.5% for \",\"color\":\"gray\",\"italic\":false}",
                  "{\"text\":\"3 seconds, also reduces speed by 25%. \",\"color\":\"gray\",\"italic\":false}"
                ],
                "minecraft:dyed_color": {
                  "rgb": 8705013,
                  "show_in_tooltip": false
                },
                "minecraft:custom_data": {
                  "armor": "ice_shoes",
                  "mt": "armor"
                }
              }
            },
            {
              "function": "minecraft:set_attributes",
              "modifiers": [
                {
                  "id": "ice_boots",
                  "attribute": "minecraft:generic.armor",
                  "name": "minecraft:generic.armor",
                  "amount": 4,
                  "operation": "add_value",
                  "slot": "feet"
                },
                {
                  "id": "ice_boots",
                  "attribute": "minecraft:generic.armor_toughness",
                  "name": "minecraft:generic.armor_toughness",
                  "amount": 4,
                  "operation": "add_value",
                  "slot": "feet"
                }
              ]
            },
            {
              "function": "minecraft:set_enchantments",
              "enchantments": {
                "minecraft:protection": {
                  "min": 1,
                  "max": 5
                },
                "minecraft:projectile_protection": {
                  "min": 2,
                  "max": 10
                },
                "minecraft:blast_protection": {
                  "min": 1,
                  "max": 4
                },
                "minecraft:frost_walker": {
                  "min": 1,
                  "max": 10
                },
                "minecraft:feather_falling": {
                  "min": 1,
                  "max": 5
                }
              }
            }
          ]
        },
        {
          "type": "minecraft:item",
          "name": "minecraft:leather_boots",
          "functions": [
            {
              "function": "minecraft:set_components",
              "components": {
                "minecraft:repair_cost": 99999,
                "minecraft:unbreakable": {},
                "minecraft:custom_name": "{\"text\":\"Ice Shoes\",\"color\":\"gold\",\"italic\":false}",
                "minecraft:lore": [
                  "{\"text\":\" \"}",
                  "{\"text\":\"Ability:\",\"color\":\"green\",\"italic\":false}",
                  "{\"text\":\"When hit there is a 20% chance to reduce \",\"color\":\"gray\",\"italic\":false}",
                  "{\"text\":\"the armor values of the enemy by 17.5% for \",\"color\":\"gray\",\"italic\":false}",
                  "{\"text\":\"3 seconds, also reduces speed by 25%. \",\"color\":\"gray\",\"italic\":false}"
                ],
                "minecraft:dyed_color": {
                  "rgb": 8705013,
                  "show_in_tooltip": false
                },
                "minecraft:custom_data": {
                  "armor": "ice_shoes",
                  "mt": "armor"
                }
              }
            },
            {
              "function": "minecraft:set_attributes",
              "modifiers": [
                {
                  "id": "ice_boots",
                  "attribute": "minecraft:generic.armor",
                  "name": "minecraft:generic.armor",
                  "amount": 4.5,
                  "operation": "add_value",
                  "slot": "feet"
                },
                {
                  "id": "ice_boots",
                  "attribute": "minecraft:generic.armor_toughness",
                  "name": "minecraft:generic.armor_toughness",
                  "amount": 4.5,
                  "operation": "add_value",
                  "slot": "feet"
                }
              ]
            },
            {
              "function": "minecraft:set_enchantments",
              "enchantments": {
                "minecraft:protection": {
                  "min": 1,
                  "max": 5
                },
                "minecraft:projectile_protection": {
                  "min": 2,
                  "max": 10
                },
                "minecraft:blast_protection": {
                  "min": 1,
                  "max": 4
                },
                "minecraft:frost_walker": {
                  "min": 1,
                  "max": 10
                },
                "minecraft:feather_falling": {
                  "min": 1,
                  "max": 5
                }
              }
            }
          ]
        },
        {
          "type": "minecraft:item",
          "name": "minecraft:leather_boots",
          "functions": [
            {
              "function": "minecraft:set_components",
              "components": {
                "minecraft:repair_cost": 99999,
                "minecraft:unbreakable": {},
                "minecraft:custom_name": "{\"text\":\"Ice Shoes\",\"color\":\"gold\",\"italic\":false}",
                "minecraft:lore": [
                  "{\"text\":\" \"}",
                  "{\"text\":\"Ability:\",\"color\":\"green\",\"italic\":false}",
                  "{\"text\":\"When hit there is a 20% chance to reduce \",\"color\":\"gray\",\"italic\":false}",
                  "{\"text\":\"the armor values of the enemy by 17.5% for \",\"color\":\"gray\",\"italic\":false}",
                  "{\"text\":\"3 seconds, also reduces speed by 25%. \",\"color\":\"gray\",\"italic\":false}"
                ],
                "minecraft:dyed_color": {
                  "rgb": 8705013,
                  "show_in_tooltip": false
                },
                "minecraft:custom_data": {
                  "armor": "ice_shoes",
                  "mt": "armor"
                }
              }
            },
            {
              "function": "minecraft:set_attributes",
              "modifiers": [
                {
                  "id": "ice_boots",
                  "attribute": "minecraft:generic.armor",
                  "name": "minecraft:generic.armor",
                  "amount": 5,
                  "operation": "add_value",
                  "slot": "feet"
                },
                {
                  "id": "ice_boots",
                  "attribute": "minecraft:generic.armor_toughness",
                  "name": "minecraft:generic.armor_toughness",
                  "amount": 5,
                  "operation": "add_value",
                  "slot": "feet"
                }
              ]
            },
            {
              "function": "minecraft:set_enchantments",
              "enchantments": {
                "minecraft:protection": {
                  "min": 1,
                  "max": 5
                },
                "minecraft:projectile_protection": {
                  "min": 2,
                  "max": 10
                },
                "minecraft:blast_protection": {
                  "min": 1,
                  "max": 4
                },
                "minecraft:frost_walker": {
                  "min": 1,
                  "max": 10
                },
                "minecraft:feather_falling": {
                  "min": 1,
                  "max": 5
                }
              }
            }
          ]
        },
        {
          "type": "minecraft:item",
          "name": "minecraft:leather_boots",
          "functions": [
            {
              "function": "minecraft:set_components",
              "components": {
                "minecraft:repair_cost": 99999,
                "minecraft:unbreakable": {},
                "minecraft:custom_name": "{\"text\":\"Ice Shoes\",\"color\":\"gold\",\"italic\":false}",
                "minecraft:lore": [
                  "{\"text\":\" \"}",
                  "{\"text\":\"Ability:\",\"color\":\"green\",\"italic\":false}",
                  "{\"text\":\"When hit there is a 20% chance to reduce \",\"color\":\"gray\",\"italic\":false}",
                  "{\"text\":\"the armor values of the enemy by 17.5% for \",\"color\":\"gray\",\"italic\":false}",
                  "{\"text\":\"3 seconds, also reduces speed by 25%. \",\"color\":\"gray\",\"italic\":false}"
                ],
                "minecraft:dyed_color": {
                  "rgb": 8705013,
                  "show_in_tooltip": false
                },
                "minecraft:custom_data": {
                  "armor": "ice_shoes",
                  "mt": "armor"
                }
              }
            },
            {
              "function": "minecraft:set_attributes",
              "modifiers": [
                {
                  "id": "ice_boots",
                  "attribute": "minecraft:generic.armor",
                  "name": "minecraft:generic.armor",
                  "amount": 3,
                  "operation": "add_value",
                  "slot": "feet"
                },
                {
                  "id": "ice_boots",
                  "attribute": "minecraft:generic.armor_toughness",
                  "name": "minecraft:generic.armor_toughness",
                  "amount": 2.5,
                  "operation": "add_value",
                  "slot": "feet"
                }
              ]
            },
            {
              "function": "minecraft:set_enchantments",
              "enchantments": {
                "minecraft:protection": {
                  "min": 1,
                  "max": 5
                },
                "minecraft:projectile_protection": {
                  "min": 2,
                  "max": 10
                },
                "minecraft:blast_protection": {
                  "min": 1,
                  "max": 4
                },
                "minecraft:frost_walker": {
                  "min": 1,
                  "max": 10
                },
                "minecraft:feather_falling": {
                  "min": 1,
                  "max": 5
                }
              }
            }
          ]
        },
        {
          "type": "minecraft:item",
          "name": "minecraft:leather_boots",
          "functions": [
            {
              "function": "minecraft:set_components",
              "components": {
                "minecraft:repair_cost": 99999,
                "minecraft:unbreakable": {},
                "minecraft:custom_name": "{\"text\":\"Ice Shoes\",\"color\":\"gold\",\"italic\":false}",
                "minecraft:lore": [
                  "{\"text\":\" \"}",
                  "{\"text\":\"Ability:\",\"color\":\"green\",\"italic\":false}",
                  "{\"text\":\"When hit there is a 20% chance to reduce \",\"color\":\"gray\",\"italic\":false}",
                  "{\"text\":\"the armor values of the enemy by 17.5% for \",\"color\":\"gray\",\"italic\":false}",
                  "{\"text\":\"3 seconds, also reduces speed by 25%. \",\"color\":\"gray\",\"italic\":false}"
                ],
                "minecraft:dyed_color": {
                  "rgb": 8705013,
                  "show_in_tooltip": false
                },
                "minecraft:custom_data": {
                  "armor": "ice_shoes",
                  "mt": "armor"
                }
              }
            },
            {
              "function": "minecraft:set_attributes",
              "modifiers": [
                {
                  "id": "ice_boots",
                  "attribute": "minecraft:generic.armor",
                  "name": "minecraft:generic.armor",
                  "amount": 3.5,
                  "operation": "add_value",
                  "slot": "feet"
                },
                {
                  "id": "ice_boots",
                  "attribute": "minecraft:generic.armor_toughness",
                  "name": "minecraft:generic.armor_toughness",
                  "amount": 2.5,
                  "operation": "add_value",
                  "slot": "feet"
                }
              ]
            },
            {
              "function": "minecraft:set_enchantments",
              "enchantments": {
                "minecraft:protection": {
                  "min": 1,
                  "max": 5
                },
                "minecraft:projectile_protection": {
                  "min": 2,
                  "max": 10
                },
                "minecraft:blast_protection": {
                  "min": 1,
                  "max": 4
                },
                "minecraft:frost_walker": {
                  "min": 1,
                  "max": 10
                },
                "minecraft:feather_falling": {
                  "min": 1,
                  "max": 5
                }
              }
            }
          ]
        },
        {
          "type": "minecraft:item",
          "name": "minecraft:leather_boots",
          "functions": [
            {
              "function": "minecraft:set_components",
              "components": {
                "minecraft:repair_cost": 99999,
                "minecraft:unbreakable": {},
                "minecraft:custom_name": "{\"text\":\"Ice Shoes\",\"color\":\"gold\",\"italic\":false}",
                "minecraft:lore": [
                  "{\"text\":\" \"}",
                  "{\"text\":\"Ability:\",\"color\":\"green\",\"italic\":false}",
                  "{\"text\":\"When hit there is a 20% chance to reduce \",\"color\":\"gray\",\"italic\":false}",
                  "{\"text\":\"the armor values of the enemy by 17.5% for \",\"color\":\"gray\",\"italic\":false}",
                  "{\"text\":\"3 seconds, also reduces speed by 25%. \",\"color\":\"gray\",\"italic\":false}"
                ],
                "minecraft:dyed_color": {
                  "rgb": 8705013,
                  "show_in_tooltip": false
                },
                "minecraft:custom_data": {
                  "armor": "ice_shoes",
                  "mt": "armor"
                }
              }
            },
            {
              "function": "minecraft:set_attributes",
              "modifiers": [
                {
                  "id": "ice_boots",
                  "attribute": "minecraft:generic.armor",
                  "name": "minecraft:generic.armor",
                  "amount": 3.5,
                  "operation": "add_value",
                  "slot": "feet"
                },
                {
                  "id": "ice_boots",
                  "attribute": "minecraft:generic.armor_toughness",
                  "name": "minecraft:generic.armor_toughness",
                  "amount": 2.5,
                  "operation": "add_value",
                  "slot": "feet"
                }
              ]
            },
            {
              "function": "minecraft:set_enchantments",
              "enchantments": {
                "minecraft:protection": {
                  "min": 1,
                  "max": 5
                },
                "minecraft:projectile_protection": {
                  "min": 2,
                  "max": 10
                },
                "minecraft:blast_protection": {
                  "min": 1,
                  "max": 4
                },
                "minecraft:frost_walker": {
                  "min": 1,
                  "max": 10
                },
                "minecraft:feather_falling": {
                  "min": 1,
                  "max": 5
                }
              }
            }
          ]
        },
        {
          "type": "minecraft:item",
          "name": "minecraft:leather_boots",
          "functions": [
            {
              "function": "minecraft:set_components",
              "components": {
                "minecraft:repair_cost": 99999,
                "minecraft:unbreakable": {},
                "minecraft:custom_name": "{\"text\":\"Ice Shoes\",\"color\":\"gold\",\"italic\":false}",
                "minecraft:lore": [
                  "{\"text\":\" \"}",
                  "{\"text\":\"Ability:\",\"color\":\"green\",\"italic\":false}",
                  "{\"text\":\"When hit there is a 20% chance to reduce \",\"color\":\"gray\",\"italic\":false}",
                  "{\"text\":\"the armor values of the enemy by 17.5% for \",\"color\":\"gray\",\"italic\":false}",
                  "{\"text\":\"3 seconds, also reduces speed by 25%. \",\"color\":\"gray\",\"italic\":false}"
                ],
                "minecraft:dyed_color": {
                  "rgb": 8705013,
                  "show_in_tooltip": false
                },
                "minecraft:custom_data": {
                  "armor": "ice_shoes",
                  "mt": "armor"
                }
              }
            },
            {
              "function": "minecraft:set_attributes",
              "modifiers": [
                {
                  "id": "ice_boots",
                  "attribute": "minecraft:generic.armor",
                  "name": "minecraft:generic.armor",
                  "amount": 4,
                  "operation": "add_value",
                  "slot": "feet"
                },
                {
                  "id": "ice_boots",
                  "attribute": "minecraft:generic.armor_toughness",
                  "name": "minecraft:generic.armor_toughness",
                  "amount": 2.5,
                  "operation": "add_value",
                  "slot": "feet"
                }
              ]
            },
            {
              "function": "minecraft:set_enchantments",
              "enchantments": {
                "minecraft:protection": {
                  "min": 1,
                  "max": 5
                },
                "minecraft:projectile_protection": {
                  "min": 2,
                  "max": 10
                },
                "minecraft:blast_protection": {
                  "min": 1,
                  "max": 4
                },
                "minecraft:frost_walker": {
                  "min": 1,
                  "max": 10
                },
                "minecraft:feather_falling": {
                  "min": 1,
                  "max": 5
                }
              }
            }
          ]
        },
        {
          "type": "minecraft:item",
          "name": "minecraft:leather_boots",
          "functions": [
            {
              "function": "minecraft:set_components",
              "components": {
                "minecraft:repair_cost": 99999,
                "minecraft:unbreakable": {},
                "minecraft:custom_name": "{\"text\":\"Ice Shoes\",\"color\":\"gold\",\"italic\":false}",
                "minecraft:lore": [
                  "{\"text\":\" \"}",
                  "{\"text\":\"Ability:\",\"color\":\"green\",\"italic\":false}",
                  "{\"text\":\"When hit there is a 20% chance to reduce \",\"color\":\"gray\",\"italic\":false}",
                  "{\"text\":\"the armor values of the enemy by 17.5% for \",\"color\":\"gray\",\"italic\":false}",
                  "{\"text\":\"3 seconds, also reduces speed by 25%. \",\"color\":\"gray\",\"italic\":false}"
                ],
                "minecraft:dyed_color": {
                  "rgb": 8705013,
                  "show_in_tooltip": false
                },
                "minecraft:custom_data": {
                  "armor": "ice_shoes",
                  "mt": "armor"
                }
              }
            },
            {
              "function": "minecraft:set_attributes",
              "modifiers": [
                {
                  "id": "ice_boots",
                  "attribute": "minecraft:generic.armor",
                  "name": "minecraft:generic.armor",
                  "amount": 4.5,
                  "operation": "add_value",
                  "slot": "feet"
                },
                {
                  "id": "ice_boots",
                  "attribute": "minecraft:generic.armor_toughness",
                  "name": "minecraft:generic.armor_toughness",
                  "amount": 2.5,
                  "operation": "add_value",
                  "slot": "feet"
                }
              ]
            },
            {
              "function": "minecraft:set_enchantments",
              "enchantments": {
                "minecraft:protection": {
                  "min": 1,
                  "max": 5
                },
                "minecraft:projectile_protection": {
                  "min": 2,
                  "max": 10
                },
                "minecraft:blast_protection": {
                  "min": 1,
                  "max": 4
                },
                "minecraft:frost_walker": {
                  "min": 1,
                  "max": 10
                },
                "minecraft:feather_falling": {
                  "min": 1,
                  "max": 5
                }
              }
            }
          ]
        },
        {
          "type": "minecraft:item",
          "name": "minecraft:leather_boots",
          "functions": [
            {
              "function": "minecraft:set_components",
              "components": {
                "minecraft:repair_cost": 99999,
                "minecraft:unbreakable": {},
                "minecraft:custom_name": "{\"text\":\"Ice Shoes\",\"color\":\"gold\",\"italic\":false}",
                "minecraft:lore": [
                  "{\"text\":\" \"}",
                  "{\"text\":\"Ability:\",\"color\":\"green\",\"italic\":false}",
                  "{\"text\":\"When hit there is a 20% chance to reduce \",\"color\":\"gray\",\"italic\":false}",
                  "{\"text\":\"the armor values of the enemy by 17.5% for \",\"color\":\"gray\",\"italic\":false}",
                  "{\"text\":\"3 seconds, also reduces speed by 25%. \",\"color\":\"gray\",\"italic\":false}"
                ],
                "minecraft:dyed_color": {
                  "rgb": 8705013,
                  "show_in_tooltip": false
                },
                "minecraft:custom_data": {
                  "armor": "ice_shoes",
                  "mt": "armor"
                }
              }
            },
            {
              "function": "minecraft:set_attributes",
              "modifiers": [
                {
                  "id": "ice_boots",
                  "attribute": "minecraft:generic.armor",
                  "name": "minecraft:generic.armor",
                  "amount": 5,
                  "operation": "add_value",
                  "slot": "feet"
                },
                {
                  "id": "ice_boots",
                  "attribute": "minecraft:generic.armor_toughness",
                  "name": "minecraft:generic.armor_toughness",
                  "amount": 2.5,
                  "operation": "add_value",
                  "slot": "feet"
                }
              ]
            },
            {
              "function": "minecraft:set_enchantments",
              "enchantments": {
                "minecraft:protection": {
                  "min": 1,
                  "max": 5
                },
                "minecraft:projectile_protection": {
                  "min": 2,
                  "max": 10
                },
                "minecraft:blast_protection": {
                  "min": 1,
                  "max": 4
                },
                "minecraft:frost_walker": {
                  "min": 1,
                  "max": 10
                },
                "minecraft:feather_falling": {
                  "min": 1,
                  "max": 5
                }
              }
            }
          ]
        },
        {
          "type": "minecraft:item",
          "name": "minecraft:leather_boots",
          "functions": [
            {
              "function": "minecraft:set_components",
              "components": {
                "minecraft:repair_cost": 99999,
                "minecraft:unbreakable": {},
                "minecraft:custom_name": "{\"text\":\"Ice Shoes\",\"color\":\"gold\",\"italic\":false}",
                "minecraft:lore": [
                  "{\"text\":\" \"}",
                  "{\"text\":\"Ability:\",\"color\":\"green\",\"italic\":false}",
                  "{\"text\":\"When hit there is a 20% chance to reduce \",\"color\":\"gray\",\"italic\":false}",
                  "{\"text\":\"the armor values of the enemy by 17.5% for \",\"color\":\"gray\",\"italic\":false}",
                  "{\"text\":\"3 seconds, also reduces speed by 25%. \",\"color\":\"gray\",\"italic\":false}"
                ],
                "minecraft:dyed_color": {
                  "rgb": 8705013,
                  "show_in_tooltip": false
                },
                "minecraft:custom_data": {
                  "armor": "ice_shoes",
                  "mt": "armor"
                }
              }
            },
            {
              "function": "minecraft:set_attributes",
              "modifiers": [
                {
                  "id": "ice_boots",
                  "attribute": "minecraft:generic.armor",
                  "name": "minecraft:generic.armor",
                  "amount": 3.5,
                  "operation": "add_value",
                  "slot": "feet"
                },
                {
                  "id": "ice_boots",
                  "attribute": "minecraft:generic.armor_toughness",
                  "name": "minecraft:generic.armor_toughness",
                  "amount": 5,
                  "operation": "add_value",
                  "slot": "feet"
                }
              ]
            },
            {
              "function": "minecraft:set_enchantments",
              "enchantments": {
                "minecraft:protection": {
                  "min": 1,
                  "max": 5
                },
                "minecraft:projectile_protection": {
                  "min": 2,
                  "max": 10
                },
                "minecraft:blast_protection": {
                  "min": 1,
                  "max": 4
                },
                "minecraft:frost_walker": {
                  "min": 1,
                  "max": 10
                },
                "minecraft:feather_falling": {
                  "min": 1,
                  "max": 5
                }
              }
            }
          ]
        },
        {
          "type": "minecraft:item",
          "name": "minecraft:leather_boots",
          "functions": [
            {
              "function": "minecraft:set_components",
              "components": {
                "minecraft:repair_cost": 99999,
                "minecraft:unbreakable": {},
                "minecraft:custom_name": "{\"text\":\"Ice Shoes\",\"color\":\"gold\",\"italic\":false}",
                "minecraft:lore": [
                  "{\"text\":\" \"}",
                  "{\"text\":\"Ability:\",\"color\":\"green\",\"italic\":false}",
                  "{\"text\":\"When hit there is a 20% chance to reduce \",\"color\":\"gray\",\"italic\":false}",
                  "{\"text\":\"the armor values of the enemy by 17.5% for \",\"color\":\"gray\",\"italic\":false}",
                  "{\"text\":\"3 seconds, also reduces speed by 25%. \",\"color\":\"gray\",\"italic\":false}"
                ],
                "minecraft:dyed_color": {
                  "rgb": 8705013,
                  "show_in_tooltip": false
                },
                "minecraft:custom_data": {
                  "armor": "ice_shoes",
                  "mt": "armor"
                }
              }
            },
            {
              "function": "minecraft:set_attributes",
              "modifiers": [
                {
                  "id": "ice_boots",
                  "attribute": "minecraft:generic.armor",
                  "name": "minecraft:generic.armor",
                  "amount": 3.5,
                  "operation": "add_value",
                  "slot": "feet"
                },
                {
                  "id": "ice_boots",
                  "attribute": "minecraft:generic.armor_toughness",
                  "name": "minecraft:generic.armor_toughness",
                  "amount": 4.5,
                  "operation": "add_value",
                  "slot": "feet"
                }
              ]
            },
            {
              "function": "minecraft:set_enchantments",
              "enchantments": {
                "minecraft:protection": {
                  "min": 1,
                  "max": 5
                },
                "minecraft:projectile_protection": {
                  "min": 2,
                  "max": 10
                },
                "minecraft:blast_protection": {
                  "min": 1,
                  "max": 4
                },
                "minecraft:frost_walker": {
                  "min": 1,
                  "max": 10
                },
                "minecraft:feather_falling": {
                  "min": 1,
                  "max": 5
                }
              }
            }
          ]
        },
        {
          "type": "minecraft:item",
          "name": "minecraft:leather_boots",
          "functions": [
            {
              "function": "minecraft:set_components",
              "components": {
                "minecraft:repair_cost": 99999,
                "minecraft:unbreakable": {},
                "minecraft:custom_name": "{\"text\":\"Ice Shoes\",\"color\":\"gold\",\"italic\":false}",
                "minecraft:lore": [
                  "{\"text\":\" \"}",
                  "{\"text\":\"Ability:\",\"color\":\"green\",\"italic\":false}",
                  "{\"text\":\"When hit there is a 20% chance to reduce \",\"color\":\"gray\",\"italic\":false}",
                  "{\"text\":\"the armor values of the enemy by 17.5% for \",\"color\":\"gray\",\"italic\":false}",
                  "{\"text\":\"3 seconds, also reduces speed by 25%. \",\"color\":\"gray\",\"italic\":false}"
                ],
                "minecraft:dyed_color": {
                  "rgb": 8705013,
                  "show_in_tooltip": false
                },
                "minecraft:custom_data": {
                  "armor": "ice_shoes",
                  "mt": "armor"
                }
              }
            },
            {
              "function": "minecraft:set_attributes",
              "modifiers": [
                {
                  "id": "ice_boots",
                  "attribute": "minecraft:generic.armor",
                  "name": "minecraft:generic.armor",
                  "amount": 3,
                  "operation": "add_value",
                  "slot": "feet"
                },
                {
                  "id": "ice_boots",
                  "attribute": "minecraft:generic.armor_toughness",
                  "name": "minecraft:generic.armor_toughness",
                  "amount": 5,
                  "operation": "add_value",
                  "slot": "feet"
                }
              ]
            },
            {
              "function": "minecraft:set_enchantments",
              "enchantments": {
                "minecraft:protection": {
                  "min": 1,
                  "max": 5
                },
                "minecraft:projectile_protection": {
                  "min": 2,
                  "max": 10
                },
                "minecraft:blast_protection": {
                  "min": 1,
                  "max": 4
                },
                "minecraft:frost_walker": {
                  "min": 1,
                  "max": 10
                },
                "minecraft:feather_falling": {
                  "min": 1,
                  "max": 5
                }
              }
            }
          ]
        },
        {
          "type": "minecraft:item",
          "name": "minecraft:leather_boots",
          "functions": [
            {
              "function": "minecraft:set_components",
              "components": {
                "minecraft:repair_cost": 99999,
                "minecraft:unbreakable": {},
                "minecraft:custom_name": "{\"text\":\"Ice Shoes\",\"color\":\"gold\",\"italic\":false}",
                "minecraft:lore": [
                  "{\"text\":\" \"}",
                  "{\"text\":\"Ability:\",\"color\":\"green\",\"italic\":false}",
                  "{\"text\":\"When hit there is a 20% chance to reduce \",\"color\":\"gray\",\"italic\":false}",
                  "{\"text\":\"the armor values of the enemy by 17.5% for \",\"color\":\"gray\",\"italic\":false}",
                  "{\"text\":\"3 seconds, also reduces speed by 25%. \",\"color\":\"gray\",\"italic\":false}"
                ],
                "minecraft:dyed_color": {
                  "rgb": 8705013,
                  "show_in_tooltip": false
                },
                "minecraft:custom_data": {
                  "armor": "ice_shoes",
                  "mt": "armor"
                }
              }
            },
            {
              "function": "minecraft:set_attributes",
              "modifiers": [
                {
                  "id": "ice_boots",
                  "attribute": "minecraft:generic.armor",
                  "name": "minecraft:generic.armor",
                  "amount": 4.5,
                  "operation": "add_value",
                  "slot": "feet"
                },
                {
                  "id": "ice_boots",
                  "attribute": "minecraft:generic.armor_toughness",
                  "name": "minecraft:generic.armor_toughness",
                  "amount": 5,
                  "operation": "add_value",
                  "slot": "feet"
                }
              ]
            },
            {
              "function": "minecraft:set_enchantments",
              "enchantments": {
                "minecraft:protection": {
                  "min": 1,
                  "max": 5
                },
                "minecraft:projectile_protection": {
                  "min": 2,
                  "max": 10
                },
                "minecraft:blast_protection": {
                  "min": 1,
                  "max": 4
                },
                "minecraft:frost_walker": {
                  "min": 1,
                  "max": 10
                },
                "minecraft:feather_falling": {
                  "min": 1,
                  "max": 5
                }
              }
            }
          ]
        },
        {
          "type": "minecraft:item",
          "name": "minecraft:leather_boots",
          "functions": [
            {
              "function": "minecraft:set_components",
              "components": {
                "minecraft:repair_cost": 99999,
                "minecraft:unbreakable": {},
                "minecraft:custom_name": "{\"text\":\"Ice Shoes\",\"color\":\"gold\",\"italic\":false}",
                "minecraft:lore": [
                  "{\"text\":\" \"}",
                  "{\"text\":\"Ability:\",\"color\":\"green\",\"italic\":false}",
                  "{\"text\":\"When hit there is a 20% chance to reduce \",\"color\":\"gray\",\"italic\":false}",
                  "{\"text\":\"the armor values of the enemy by 17.5% for \",\"color\":\"gray\",\"italic\":false}",
                  "{\"text\":\"3 seconds, also reduces speed by 25%. \",\"color\":\"gray\",\"italic\":false}"
                ],
                "minecraft:dyed_color": {
                  "rgb": 8705013,
                  "show_in_tooltip": false
                },
                "minecraft:custom_data": {
                  "armor": "ice_shoes",
                  "mt": "armor"
                }
              }
            },
            {
              "function": "minecraft:set_attributes",
              "modifiers": [
                {
                  "id": "ice_boots",
                  "attribute": "minecraft:generic.armor",
                  "name": "minecraft:generic.armor",
                  "amount": 4.5,
                  "operation": "add_value",
                  "slot": "feet"
                },
                {
                  "id": "ice_boots",
                  "attribute": "minecraft:generic.armor_toughness",
                  "name": "minecraft:generic.armor_toughness",
                  "amount": 4,
                  "operation": "add_value",
                  "slot": "feet"
                }
              ]
            },
            {
              "function": "minecraft:set_enchantments",
              "enchantments": {
                "minecraft:protection": {
                  "min": 1,
                  "max": 5
                },
                "minecraft:projectile_protection": {
                  "min": 2,
                  "max": 10
                },
                "minecraft:blast_protection": {
                  "min": 1,
                  "max": 4
                },
                "minecraft:frost_walker": {
                  "min": 1,
                  "max": 10
                },
                "minecraft:feather_falling": {
                  "min": 1,
                  "max": 5
                }
              }
            }
          ]
        },
        {
          "type": "minecraft:item",
          "name": "minecraft:leather_boots",
          "functions": [
            {
              "function": "minecraft:set_components",
              "components": {
                "minecraft:repair_cost": 99999,
                "minecraft:unbreakable": {},
                "minecraft:custom_name": "{\"text\":\"Ice Shoes\",\"color\":\"gold\",\"italic\":false}",
                "minecraft:lore": [
                  "{\"text\":\" \"}",
                  "{\"text\":\"Ability:\",\"color\":\"green\",\"italic\":false}",
                  "{\"text\":\"When hit there is a 20% chance to reduce \",\"color\":\"gray\",\"italic\":false}",
                  "{\"text\":\"the armor values of the enemy by 17.5% for \",\"color\":\"gray\",\"italic\":false}",
                  "{\"text\":\"3 seconds, also reduces speed by 25%. \",\"color\":\"gray\",\"italic\":false}"
                ],
                "minecraft:dyed_color": {
                  "rgb": 8705013,
                  "show_in_tooltip": false
                },
                "minecraft:custom_data": {
                  "armor": "ice_shoes",
                  "mt": "armor"
                }
              }
            },
            {
              "function": "minecraft:set_attributes",
              "modifiers": [
                {
                  "id": "ice_boots",
                  "attribute": "minecraft:generic.armor",
                  "name": "minecraft:generic.armor",
                  "amount": 4.5,
                  "operation": "add_value",
                  "slot": "feet"
                },
                {
                  "id": "ice_boots",
                  "attribute": "minecraft:generic.armor_toughness",
                  "name": "minecraft:generic.armor_toughness",
                  "amount": 3,
                  "operation": "add_value",
                  "slot": "feet"
                }
              ]
            },
            {
              "function": "minecraft:set_enchantments",
              "enchantments": {
                "minecraft:protection": {
                  "min": 1,
                  "max": 5
                },
                "minecraft:projectile_protection": {
                  "min": 2,
                  "max": 10
                },
                "minecraft:blast_protection": {
                  "min": 1,
                  "max": 4
                },
                "minecraft:frost_walker": {
                  "min": 1,
                  "max": 10
                },
                "minecraft:feather_falling": {
                  "min": 1,
                  "max": 5
                }
              }
            }
          ]
        },
        {
          "type": "minecraft:item",
          "name": "minecraft:leather_boots",
          "functions": [
            {
              "function": "minecraft:set_components",
              "components": {
                "minecraft:repair_cost": 99999,
                "minecraft:unbreakable": {},
                "minecraft:custom_name": "{\"text\":\"Ice Shoes\",\"color\":\"gold\",\"italic\":false}",
                "minecraft:lore": [
                  "{\"text\":\" \"}",
                  "{\"text\":\"Ability:\",\"color\":\"green\",\"italic\":false}",
                  "{\"text\":\"When hit there is a 20% chance to reduce \",\"color\":\"gray\",\"italic\":false}",
                  "{\"text\":\"the armor values of the enemy by 17.5% for \",\"color\":\"gray\",\"italic\":false}",
                  "{\"text\":\"3 seconds, also reduces speed by 25%. \",\"color\":\"gray\",\"italic\":false}"
                ],
                "minecraft:dyed_color": {
                  "rgb": 8705013,
                  "show_in_tooltip": false
                },
                "minecraft:custom_data": {
                  "armor": "ice_shoes",
                  "mt": "armor"
                }
              }
            },
            {
              "function": "minecraft:set_attributes",
              "modifiers": [
                {
                  "id": "ice_boots",
                  "attribute": "minecraft:generic.armor",
                  "name": "minecraft:generic.armor",
                  "amount": 3.5,
                  "operation": "add_value",
                  "slot": "feet"
                },
                {
                  "id": "ice_boots",
                  "attribute": "minecraft:generic.armor_toughness",
                  "name": "minecraft:generic.armor_toughness",
                  "amount": 4,
                  "operation": "add_value",
                  "slot": "feet"
                }
              ]
            },
            {
              "function": "minecraft:set_enchantments",
              "enchantments": {
                "minecraft:protection": {
                  "min": 1,
                  "max": 5
                },
                "minecraft:projectile_protection": {
                  "min": 2,
                  "max": 10
                },
                "minecraft:blast_protection": {
                  "min": 1,
                  "max": 4
                },
                "minecraft:frost_walker": {
                  "min": 1,
                  "max": 10
                },
                "minecraft:feather_falling": {
                  "min": 1,
                  "max": 5
                }
              }
            }
          ]
        },
        {
          "type": "minecraft:item",
          "name": "minecraft:leather_boots",
          "functions": [
            {
              "function": "minecraft:set_components",
              "components": {
                "minecraft:repair_cost": 99999,
                "minecraft:unbreakable": {},
                "minecraft:custom_name": "{\"text\":\"Ice Shoes\",\"color\":\"gold\",\"italic\":false}",
                "minecraft:lore": [
                  "{\"text\":\" \"}",
                  "{\"text\":\"Ability:\",\"color\":\"green\",\"italic\":false}",
                  "{\"text\":\"When hit there is a 20% chance to reduce \",\"color\":\"gray\",\"italic\":false}",
                  "{\"text\":\"the armor values of the enemy by 17.5% for \",\"color\":\"gray\",\"italic\":false}",
                  "{\"text\":\"3 seconds, also reduces speed by 25%. \",\"color\":\"gray\",\"italic\":false}"
                ],
                "minecraft:dyed_color": {
                  "rgb": 8705013,
                  "show_in_tooltip": false
                },
                "minecraft:custom_data": {
                  "armor": "ice_shoes",
                  "mt": "armor"
                }
              }
            },
            {
              "function": "minecraft:set_attributes",
              "modifiers": [
                {
                  "id": "ice_boots",
                  "attribute": "minecraft:generic.armor",
                  "name": "minecraft:generic.armor",
                  "amount": 3,
                  "operation": "add_value",
                  "slot": "feet"
                },
                {
                  "id": "ice_boots",
                  "attribute": "minecraft:generic.armor_toughness",
                  "name": "minecraft:generic.armor_toughness",
                  "amount": 3.5,
                  "operation": "add_value",
                  "slot": "feet"
                }
              ]
            },
            {
              "function": "minecraft:set_enchantments",
              "enchantments": {
                "minecraft:protection": {
                  "min": 1,
                  "max": 5
                },
                "minecraft:projectile_protection": {
                  "min": 2,
                  "max": 10
                },
                "minecraft:blast_protection": {
                  "min": 1,
                  "max": 4
                },
                "minecraft:frost_walker": {
                  "min": 1,
                  "max": 10
                },
                "minecraft:feather_falling": {
                  "min": 1,
                  "max": 5
                }
              }
            }
          ]
        },
        {
          "type": "minecraft:item",
          "name": "minecraft:leather_boots",
          "functions": [
            {
              "function": "minecraft:set_components",
              "components": {
                "minecraft:repair_cost": 99999,
                "minecraft:unbreakable": {},
                "minecraft:custom_name": "{\"text\":\"Ice Shoes\",\"color\":\"gold\",\"italic\":false}",
                "minecraft:lore": [
                  "{\"text\":\" \"}",
                  "{\"text\":\"Ability:\",\"color\":\"green\",\"italic\":false}",
                  "{\"text\":\"When hit there is a 20% chance to reduce \",\"color\":\"gray\",\"italic\":false}",
                  "{\"text\":\"the armor values of the enemy by 17.5% for \",\"color\":\"gray\",\"italic\":false}",
                  "{\"text\":\"3 seconds, also reduces speed by 25%. \",\"color\":\"gray\",\"italic\":false}"
                ],
                "minecraft:dyed_color": {
                  "rgb": 8705013,
                  "show_in_tooltip": false
                },
                "minecraft:custom_data": {
                  "armor": "ice_shoes",
                  "mt": "armor"
                }
              }
            },
            {
              "function": "minecraft:set_attributes",
              "modifiers": [
                {
                  "id": "ice_boots",
                  "attribute": "minecraft:generic.armor",
                  "name": "minecraft:generic.armor",
                  "amount": 3,
                  "operation": "add_value",
                  "slot": "feet"
                },
                {
                  "id": "ice_boots",
                  "attribute": "minecraft:generic.armor_toughness",
                  "name": "minecraft:generic.armor_toughness",
                  "amount": 4,
                  "operation": "add_value",
                  "slot": "feet"
                }
              ]
            },
            {
              "function": "minecraft:set_enchantments",
              "enchantments": {
                "minecraft:protection": {
                  "min": 1,
                  "max": 5
                },
                "minecraft:projectile_protection": {
                  "min": 2,
                  "max": 10
                },
                "minecraft:blast_protection": {
                  "min": 1,
                  "max": 4
                },
                "minecraft:frost_walker": {
                  "min": 1,
                  "max": 10
                },
                "minecraft:feather_falling": {
                  "min": 1,
                  "max": 5
                }
              }
            }
          ]
        },
        {
          "type": "minecraft:item",
          "name": "minecraft:leather_boots",
          "functions": [
            {
              "function": "minecraft:set_components",
              "components": {
                "minecraft:repair_cost": 99999,
                "minecraft:unbreakable": {},
                "minecraft:custom_name": "{\"text\":\"Ice Shoes\",\"color\":\"gold\",\"italic\":false}",
                "minecraft:lore": [
                  "{\"text\":\" \"}",
                  "{\"text\":\"Ability:\",\"color\":\"green\",\"italic\":false}",
                  "{\"text\":\"When hit there is a 20% chance to reduce \",\"color\":\"gray\",\"italic\":false}",
                  "{\"text\":\"the armor values of the enemy by 17.5% for \",\"color\":\"gray\",\"italic\":false}",
                  "{\"text\":\"3 seconds, also reduces speed by 25%. \",\"color\":\"gray\",\"italic\":false}"
                ],
                "minecraft:dyed_color": {
                  "rgb": 8705013,
                  "show_in_tooltip": false
                },
                "minecraft:custom_data": {
                  "armor": "ice_shoes",
                  "mt": "armor"
                }
              }
            },
            {
              "function": "minecraft:set_attributes",
              "modifiers": [
                {
                  "id": "ice_boots",
                  "attribute": "minecraft:generic.armor",
                  "name": "minecraft:generic.armor",
                  "amount": 3,
                  "operation": "add_value",
                  "slot": "feet"
                },
                {
                  "id": "ice_boots",
                  "attribute": "minecraft:generic.armor_toughness",
                  "name": "minecraft:generic.armor_toughness",
                  "amount": 4.5,
                  "operation": "add_value",
                  "slot": "feet"
                }
              ]
            },
            {
              "function": "minecraft:set_enchantments",
              "enchantments": {
                "minecraft:protection": {
                  "min": 1,
                  "max": 5
                },
                "minecraft:projectile_protection": {
                  "min": 2,
                  "max": 10
                },
                "minecraft:blast_protection": {
                  "min": 1,
                  "max": 4
                },
                "minecraft:frost_walker": {
                  "min": 1,
                  "max": 10
                },
                "minecraft:feather_falling": {
                  "min": 1,
                  "max": 5
                }
              }
            }
          ]
        },
        {
          "type": "minecraft:item",
          "name": "minecraft:leather_boots",
          "functions": [
            {
              "function": "minecraft:set_components",
              "components": {
                "minecraft:repair_cost": 99999,
                "minecraft:unbreakable": {},
                "minecraft:custom_name": "{\"text\":\"Ice Shoes\",\"color\":\"gold\",\"italic\":false}",
                "minecraft:lore": [
                  "{\"text\":\" \"}",
                  "{\"text\":\"Ability:\",\"color\":\"green\",\"italic\":false}",
                  "{\"text\":\"When hit there is a 20% chance to reduce \",\"color\":\"gray\",\"italic\":false}",
                  "{\"text\":\"the armor values of the enemy by 17.5% for \",\"color\":\"gray\",\"italic\":false}",
                  "{\"text\":\"3 seconds, also reduces speed by 25%. \",\"color\":\"gray\",\"italic\":false}"
                ],
                "minecraft:dyed_color": {
                  "rgb": 8705013,
                  "show_in_tooltip": false
                },
                "minecraft:custom_data": {
                  "armor": "ice_shoes",
                  "mt": "armor"
                }
              }
            },
            {
              "function": "minecraft:set_attributes",
              "modifiers": [
                {
                  "id": "ice_boots",
                  "attribute": "minecraft:generic.armor",
                  "name": "minecraft:generic.armor",
                  "amount": 3,
                  "operation": "add_value",
                  "slot": "feet"
                },
                {
                  "id": "ice_boots",
                  "attribute": "minecraft:generic.armor_toughness",
                  "name": "minecraft:generic.armor_toughness",
                  "amount": 5,
                  "operation": "add_value",
                  "slot": "feet"
                }
              ]
            },
            {
              "function": "minecraft:set_enchantments",
              "enchantments": {
                "minecraft:protection": {
                  "min": 1,
                  "max": 5
                },
                "minecraft:projectile_protection": {
                  "min": 2,
                  "max": 10
                },
                "minecraft:blast_protection": {
                  "min": 1,
                  "max": 4
                },
                "minecraft:frost_walker": {
                  "min": 1,
                  "max": 10
                },
                "minecraft:feather_falling": {
                  "min": 1,
                  "max": 5
                }
              }
            }
          ]
        },
        {
          "type": "minecraft:item",
          "name": "minecraft:leather_boots",
          "functions": [
            {
              "function": "minecraft:set_components",
              "components": {
                "minecraft:repair_cost": 99999,
                "minecraft:unbreakable": {},
                "minecraft:custom_name": "{\"text\":\"Ice Shoes\",\"color\":\"gold\",\"italic\":false}",
                "minecraft:lore": [
                  "{\"text\":\" \"}",
                  "{\"text\":\"Ability:\",\"color\":\"green\",\"italic\":false}",
                  "{\"text\":\"When hit there is a 20% chance to reduce \",\"color\":\"gray\",\"italic\":false}",
                  "{\"text\":\"the armor values of the enemy by 17.5% for \",\"color\":\"gray\",\"italic\":false}",
                  "{\"text\":\"3 seconds, also reduces speed by 25%. \",\"color\":\"gray\",\"italic\":false}"
                ],
                "minecraft:dyed_color": {
                  "rgb": 8705013,
                  "show_in_tooltip": false
                },
                "minecraft:custom_data": {
                  "armor": "ice_shoes",
                  "mt": "armor"
                }
              }
            },
            {
              "function": "minecraft:set_attributes",
              "modifiers": [
                {
                  "id": "ice_boots",
                  "attribute": "minecraft:generic.armor",
                  "name": "minecraft:generic.armor",
                  "amount": 3.5,
                  "operation": "add_value",
                  "slot": "feet"
                },
                {
                  "id": "ice_boots",
                  "attribute": "minecraft:generic.armor_toughness",
                  "name": "minecraft:generic.armor_toughness",
                  "amount": 3,
                  "operation": "add_value",
                  "slot": "feet"
                }
              ]
            },
            {
              "function": "minecraft:set_enchantments",
              "enchantments": {
                "minecraft:protection": {
                  "min": 1,
                  "max": 5
                },
                "minecraft:projectile_protection": {
                  "min": 2,
                  "max": 10
                },
                "minecraft:blast_protection": {
                  "min": 1,
                  "max": 4
                },
                "minecraft:frost_walker": {
                  "min": 1,
                  "max": 10
                },
                "minecraft:feather_falling": {
                  "min": 1,
                  "max": 5
                }
              }
            }
          ]
        },
        {
          "type": "minecraft:item",
          "name": "minecraft:leather_boots",
          "functions": [
            {
              "function": "minecraft:set_components",
              "components": {
                "minecraft:repair_cost": 99999,
                "minecraft:unbreakable": {},
                "minecraft:custom_name": "{\"text\":\"Ice Shoes\",\"color\":\"gold\",\"italic\":false}",
                "minecraft:lore": [
                  "{\"text\":\" \"}",
                  "{\"text\":\"Ability:\",\"color\":\"green\",\"italic\":false}",
                  "{\"text\":\"When hit there is a 20% chance to reduce \",\"color\":\"gray\",\"italic\":false}",
                  "{\"text\":\"the armor values of the enemy by 17.5% for \",\"color\":\"gray\",\"italic\":false}",
                  "{\"text\":\"3 seconds, also reduces speed by 25%. \",\"color\":\"gray\",\"italic\":false}"
                ],
                "minecraft:dyed_color": {
                  "rgb": 8705013,
                  "show_in_tooltip": false
                },
                "minecraft:custom_data": {
                  "armor": "ice_shoes",
                  "mt": "armor"
                }
              }
            },
            {
              "function": "minecraft:set_attributes",
              "modifiers": [
                {
                  "id": "ice_boots",
                  "attribute": "minecraft:generic.armor",
                  "name": "minecraft:generic.armor",
                  "amount": 4,
                  "operation": "add_value",
                  "slot": "feet"
                },
                {
                  "id": "ice_boots",
                  "attribute": "minecraft:generic.armor_toughness",
                  "name": "minecraft:generic.armor_toughness",
                  "amount": 5,
                  "operation": "add_value",
                  "slot": "feet"
                }
              ]
            },
            {
              "function": "minecraft:set_enchantments",
              "enchantments": {
                "minecraft:protection": {
                  "min": 1,
                  "max": 5
                },
                "minecraft:projectile_protection": {
                  "min": 2,
                  "max": 10
                },
                "minecraft:blast_protection": {
                  "min": 1,
                  "max": 4
                },
                "minecraft:frost_walker": {
                  "min": 1,
                  "max": 10
                },
                "minecraft:feather_falling": {
                  "min": 1,
                  "max": 5
                }
              }
            }
          ]
        },
        {
          "type": "minecraft:item",
          "name": "minecraft:leather_boots",
          "functions": [
            {
              "function": "minecraft:set_components",
              "components": {
                "minecraft:repair_cost": 99999,
                "minecraft:unbreakable": {},
                "minecraft:custom_name": "{\"text\":\"Ice Shoes\",\"color\":\"gold\",\"italic\":false}",
                "minecraft:lore": [
                  "{\"text\":\" \"}",
                  "{\"text\":\"Ability:\",\"color\":\"green\",\"italic\":false}",
                  "{\"text\":\"When hit there is a 20% chance to reduce \",\"color\":\"gray\",\"italic\":false}",
                  "{\"text\":\"the armor values of the enemy by 17.5% for \",\"color\":\"gray\",\"italic\":false}",
                  "{\"text\":\"3 seconds, also reduces speed by 25%. \",\"color\":\"gray\",\"italic\":false}"
                ],
                "minecraft:dyed_color": {
                  "rgb": 8705013,
                  "show_in_tooltip": false
                },
                "minecraft:custom_data": {
                  "armor": "ice_shoes",
                  "mt": "armor"
                }
              }
            },
            {
              "function": "minecraft:set_attributes",
              "modifiers": [
                {
                  "id": "ice_boots",
                  "attribute": "minecraft:generic.armor",
                  "name": "minecraft:generic.armor",
                  "amount": 5,
                  "operation": "add_value",
                  "slot": "feet"
                },
                {
                  "id": "ice_boots",
                  "attribute": "minecraft:generic.armor_toughness",
                  "name": "minecraft:generic.armor_toughness",
                  "amount": 3,
                  "operation": "add_value",
                  "slot": "feet"
                }
              ]
            },
            {
              "function": "minecraft:set_enchantments",
              "enchantments": {
                "minecraft:protection": {
                  "min": 1,
                  "max": 5
                },
                "minecraft:projectile_protection": {
                  "min": 2,
                  "max": 10
                },
                "minecraft:blast_protection": {
                  "min": 1,
                  "max": 4
                },
                "minecraft:frost_walker": {
                  "min": 1,
                  "max": 10
                },
                "minecraft:feather_falling": {
                  "min": 1,
                  "max": 5
                }
              }
            }
          ]
        },
        {
          "type": "minecraft:item",
          "name": "minecraft:leather_boots",
          "functions": [
            {
              "function": "minecraft:set_components",
              "components": {
                "minecraft:repair_cost": 99999,
                "minecraft:unbreakable": {},
                "minecraft:custom_name": "{\"text\":\"Ice Shoes\",\"color\":\"gold\",\"italic\":false}",
                "minecraft:lore": [
                  "{\"text\":\" \"}",
                  "{\"text\":\"Ability:\",\"color\":\"green\",\"italic\":false}",
                  "{\"text\":\"When hit there is a 20% chance to reduce \",\"color\":\"gray\",\"italic\":false}",
                  "{\"text\":\"the armor values of the enemy by 17.5% for \",\"color\":\"gray\",\"italic\":false}",
                  "{\"text\":\"3 seconds, also reduces speed by 25%. \",\"color\":\"gray\",\"italic\":false}"
                ],
                "minecraft:dyed_color": {
                  "rgb": 8705013,
                  "show_in_tooltip": false
                },
                "minecraft:custom_data": {
                  "armor": "ice_shoes",
                  "mt": "armor"
                }
              }
            },
            {
              "function": "minecraft:set_attributes",
              "modifiers": [
                {
                  "id": "ice_boots",
                  "attribute": "minecraft:generic.armor",
                  "name": "minecraft:generic.armor",
                  "amount": 4,
                  "operation": "add_value",
                  "slot": "feet"
                },
                {
                  "id": "ice_boots",
                  "attribute": "minecraft:generic.armor_toughness",
                  "name": "minecraft:generic.armor_toughness",
                  "amount": 3,
                  "operation": "add_value",
                  "slot": "feet"
                }
              ]
            },
            {
              "function": "minecraft:set_enchantments",
              "enchantments": {
                "minecraft:protection": {
                  "min": 1,
                  "max": 5
                },
                "minecraft:projectile_protection": {
                  "min": 2,
                  "max": 10
                },
                "minecraft:blast_protection": {
                  "min": 1,
                  "max": 4
                },
                "minecraft:frost_walker": {
                  "min": 1,
                  "max": 10
                },
                "minecraft:feather_falling": {
                  "min": 1,
                  "max": 5
                }
              }
            }
          ]
        },
        {
          "type": "minecraft:item",
          "name": "minecraft:leather_boots",
          "functions": [
            {
              "function": "minecraft:set_components",
              "components": {
                "minecraft:repair_cost": 99999,
                "minecraft:unbreakable": {},
                "minecraft:custom_name": "{\"text\":\"Ice Shoes\",\"color\":\"gold\",\"italic\":false}",
                "minecraft:lore": [
                  "{\"text\":\" \"}",
                  "{\"text\":\"Ability:\",\"color\":\"green\",\"italic\":false}",
                  "{\"text\":\"When hit there is a 20% chance to reduce \",\"color\":\"gray\",\"italic\":false}",
                  "{\"text\":\"the armor values of the enemy by 17.5% for \",\"color\":\"gray\",\"italic\":false}",
                  "{\"text\":\"3 seconds, also reduces speed by 25%. \",\"color\":\"gray\",\"italic\":false}"
                ],
                "minecraft:dyed_color": {
                  "rgb": 8705013,
                  "show_in_tooltip": false
                },
                "minecraft:custom_data": {
                  "armor": "ice_shoes",
                  "mt": "armor"
                }
              }
            },
            {
              "function": "minecraft:set_attributes",
              "modifiers": [
                {
                  "id": "ice_boots",
                  "attribute": "minecraft:generic.armor",
                  "name": "minecraft:generic.armor",
                  "amount": 4.5,
                  "operation": "add_value",
                  "slot": "feet"
                },
                {
                  "id": "ice_boots",
                  "attribute": "minecraft:generic.armor_toughness",
                  "name": "minecraft:generic.armor_toughness",
                  "amount": 3.5,
                  "operation": "add_value",
                  "slot": "feet"
                }
              ]
            },
            {
              "function": "minecraft:set_enchantments",
              "enchantments": {
                "minecraft:protection": {
                  "min": 1,
                  "max": 5
                },
                "minecraft:projectile_protection": {
                  "min": 2,
                  "max": 10
                },
                "minecraft:blast_protection": {
                  "min": 1,
                  "max": 4
                },
                "minecraft:frost_walker": {
                  "min": 1,
                  "max": 10
                },
                "minecraft:feather_falling": {
                  "min": 1,
                  "max": 5
                }
              }
            }
          ]
        },
        {
          "type": "minecraft:item",
          "name": "minecraft:leather_boots",
          "functions": [
            {
              "function": "minecraft:set_components",
              "components": {
                "minecraft:repair_cost": 99999,
                "minecraft:unbreakable": {},
                "minecraft:custom_name": "{\"text\":\"Ice Shoes\",\"color\":\"gold\",\"italic\":false}",
                "minecraft:lore": [
                  "{\"text\":\" \"}",
                  "{\"text\":\"Ability:\",\"color\":\"green\",\"italic\":false}",
                  "{\"text\":\"When hit there is a 20% chance to reduce \",\"color\":\"gray\",\"italic\":false}",
                  "{\"text\":\"the armor values of the enemy by 17.5% for \",\"color\":\"gray\",\"italic\":false}",
                  "{\"text\":\"3 seconds, also reduces speed by 25%. \",\"color\":\"gray\",\"italic\":false}"
                ],
                "minecraft:dyed_color": {
                  "rgb": 8705013,
                  "show_in_tooltip": false
                },
                "minecraft:custom_data": {
                  "armor": "ice_shoes",
                  "mt": "armor"
                }
              }
            },
            {
              "function": "minecraft:set_attributes",
              "modifiers": [
                {
                  "id": "ice_boots",
                  "attribute": "minecraft:generic.armor",
                  "name": "minecraft:generic.armor",
                  "amount": 4.5,
                  "operation": "add_value",
                  "slot": "feet"
                },
                {
                  "id": "ice_boots",
                  "attribute": "minecraft:generic.armor_toughness",
                  "name": "minecraft:generic.armor_toughness",
                  "amount": 4,
                  "operation": "add_value",
                  "slot": "feet"
                }
              ]
            },
            {
              "function": "minecraft:set_enchantments",
              "enchantments": {
                "minecraft:protection": {
                  "min": 1,
                  "max": 5
                },
                "minecraft:projectile_protection": {
                  "min": 2,
                  "max": 10
                },
                "minecraft:blast_protection": {
                  "min": 1,
                  "max": 4
                },
                "minecraft:frost_walker": {
                  "min": 1,
                  "max": 10
                },
                "minecraft:feather_falling": {
                  "min": 1,
                  "max": 5
                }
              }
            }
          ]
        },
        {
          "type": "minecraft:item",
          "name": "minecraft:leather_boots",
          "functions": [
            {
              "function": "minecraft:set_components",
              "components": {
                "minecraft:repair_cost": 99999,
                "minecraft:unbreakable": {},
                "minecraft:custom_name": "{\"text\":\"Ice Shoes\",\"color\":\"gold\",\"italic\":false}",
                "minecraft:lore": [
                  "{\"text\":\" \"}",
                  "{\"text\":\"Ability:\",\"color\":\"green\",\"italic\":false}",
                  "{\"text\":\"When hit there is a 20% chance to reduce \",\"color\":\"gray\",\"italic\":false}",
                  "{\"text\":\"the armor values of the enemy by 17.5% for \",\"color\":\"gray\",\"italic\":false}",
                  "{\"text\":\"3 seconds, also reduces speed by 25%. \",\"color\":\"gray\",\"italic\":false}"
                ],
                "minecraft:dyed_color": {
                  "rgb": 8705013,
                  "show_in_tooltip": false
                },
                "minecraft:custom_data": {
                  "armor": "ice_shoes",
                  "mt": "armor"
                }
              }
            },
            {
              "function": "minecraft:set_attributes",
              "modifiers": [
                {
                  "id": "ice_boots",
                  "attribute": "minecraft:generic.armor",
                  "name": "minecraft:generic.armor",
                  "amount": 4.5,
                  "operation": "add_value",
                  "slot": "feet"
                },
                {
                  "id": "ice_boots",
                  "attribute": "minecraft:generic.armor_toughness",
                  "name": "minecraft:generic.armor_toughness",
                  "amount": 5,
                  "operation": "add_value",
                  "slot": "feet"
                }
              ]
            },
            {
              "function": "minecraft:set_enchantments",
              "enchantments": {
                "minecraft:protection": {
                  "min": 1,
                  "max": 5
                },
                "minecraft:projectile_protection": {
                  "min": 2,
                  "max": 10
                },
                "minecraft:blast_protection": {
                  "min": 1,
                  "max": 4
                },
                "minecraft:frost_walker": {
                  "min": 1,
                  "max": 10
                },
                "minecraft:feather_falling": {
                  "min": 1,
                  "max": 5
                }
              }
            }
          ]
        },
        {
          "type": "minecraft:item",
          "name": "minecraft:leather_boots",
          "functions": [
            {
              "function": "minecraft:set_components",
              "components": {
                "minecraft:repair_cost": 99999,
                "minecraft:unbreakable": {},
                "minecraft:custom_name": "{\"text\":\"Ice Shoes\",\"color\":\"gold\",\"italic\":false}",
                "minecraft:lore": [
                  "{\"text\":\" \"}",
                  "{\"text\":\"Ability:\",\"color\":\"green\",\"italic\":false}",
                  "{\"text\":\"When hit there is a 20% chance to reduce \",\"color\":\"gray\",\"italic\":false}",
                  "{\"text\":\"the armor values of the enemy by 17.5% for \",\"color\":\"gray\",\"italic\":false}",
                  "{\"text\":\"3 seconds, also reduces speed by 25%. \",\"color\":\"gray\",\"italic\":false}"
                ],
                "minecraft:dyed_color": {
                  "rgb": 8705013,
                  "show_in_tooltip": false
                },
                "minecraft:custom_data": {
                  "armor": "ice_shoes",
                  "mt": "armor"
                }
              }
            },
            {
              "function": "minecraft:set_attributes",
              "modifiers": [
                {
                  "id": "ice_boots",
                  "attribute": "minecraft:generic.armor",
                  "name": "minecraft:generic.armor",
                  "amount": 2.5,
                  "operation": "add_value",
                  "slot": "feet"
                },
                {
                  "id": "ice_boots",
                  "attribute": "minecraft:generic.armor_toughness",
                  "name": "minecraft:generic.armor_toughness",
                  "amount": 3,
                  "operation": "add_value",
                  "slot": "feet"
                }
              ]
            },
            {
              "function": "minecraft:set_enchantments",
              "enchantments": {
                "minecraft:protection": {
                  "min": 1,
                  "max": 5
                },
                "minecraft:projectile_protection": {
                  "min": 2,
                  "max": 10
                },
                "minecraft:blast_protection": {
                  "min": 1,
                  "max": 4
                },
                "minecraft:frost_walker": {
                  "min": 1,
                  "max": 10
                },
                "minecraft:feather_falling": {
                  "min": 1,
                  "max": 5
                }
              }
            }
          ]
        },
        {
          "type": "minecraft:item",
          "name": "minecraft:leather_boots",
          "functions": [
            {
              "function": "minecraft:set_components",
              "components": {
                "minecraft:repair_cost": 99999,
                "minecraft:unbreakable": {},
                "minecraft:custom_name": "{\"text\":\"Ice Shoes\",\"color\":\"gold\",\"italic\":false}",
                "minecraft:lore": [
                  "{\"text\":\" \"}",
                  "{\"text\":\"Ability:\",\"color\":\"green\",\"italic\":false}",
                  "{\"text\":\"When hit there is a 20% chance to reduce \",\"color\":\"gray\",\"italic\":false}",
                  "{\"text\":\"the armor values of the enemy by 17.5% for \",\"color\":\"gray\",\"italic\":false}",
                  "{\"text\":\"3 seconds, also reduces speed by 25%. \",\"color\":\"gray\",\"italic\":false}"
                ],
                "minecraft:dyed_color": {
                  "rgb": 8705013,
                  "show_in_tooltip": false
                },
                "minecraft:custom_data": {
                  "armor": "ice_shoes",
                  "mt": "armor"
                }
              }
            },
            {
              "function": "minecraft:set_attributes",
              "modifiers": [
                {
                  "id": "ice_boots",
                  "attribute": "minecraft:generic.armor",
                  "name": "minecraft:generic.armor",
                  "amount": 2.5,
                  "operation": "add_value",
                  "slot": "feet"
                },
                {
                  "id": "ice_boots",
                  "attribute": "minecraft:generic.armor_toughness",
                  "name": "minecraft:generic.armor_toughness",
                  "amount": 3.5,
                  "operation": "add_value",
                  "slot": "feet"
                }
              ]
            },
            {
              "function": "minecraft:set_enchantments",
              "enchantments": {
                "minecraft:protection": {
                  "min": 1,
                  "max": 5
                },
                "minecraft:projectile_protection": {
                  "min": 2,
                  "max": 10
                },
                "minecraft:blast_protection": {
                  "min": 1,
                  "max": 4
                },
                "minecraft:frost_walker": {
                  "min": 1,
                  "max": 10
                },
                "minecraft:feather_falling": {
                  "min": 1,
                  "max": 5
                }
              }
            }
          ]
        },
        {
          "type": "minecraft:item",
          "name": "minecraft:leather_boots",
          "functions": [
            {
              "function": "minecraft:set_components",
              "components": {
                "minecraft:repair_cost": 99999,
                "minecraft:unbreakable": {},
                "minecraft:custom_name": "{\"text\":\"Ice Shoes\",\"color\":\"gold\",\"italic\":false}",
                "minecraft:lore": [
                  "{\"text\":\" \"}",
                  "{\"text\":\"Ability:\",\"color\":\"green\",\"italic\":false}",
                  "{\"text\":\"When hit there is a 20% chance to reduce \",\"color\":\"gray\",\"italic\":false}",
                  "{\"text\":\"the armor values of the enemy by 17.5% for \",\"color\":\"gray\",\"italic\":false}",
                  "{\"text\":\"3 seconds, also reduces speed by 25%. \",\"color\":\"gray\",\"italic\":false}"
                ],
                "minecraft:dyed_color": {
                  "rgb": 8705013,
                  "show_in_tooltip": false
                },
                "minecraft:custom_data": {
                  "armor": "ice_shoes",
                  "mt": "armor"
                }
              }
            },
            {
              "function": "minecraft:set_attributes",
              "modifiers": [
                {
                  "id": "ice_boots",
                  "attribute": "minecraft:generic.armor",
                  "name": "minecraft:generic.armor",
                  "amount": 2.5,
                  "operation": "add_value",
                  "slot": "feet"
                },
                {
                  "id": "ice_boots",
                  "attribute": "minecraft:generic.armor_toughness",
                  "name": "minecraft:generic.armor_toughness",
                  "amount": 3.5,
                  "operation": "add_value",
                  "slot": "feet"
                }
              ]
            },
            {
              "function": "minecraft:set_enchantments",
              "enchantments": {
                "minecraft:protection": {
                  "min": 1,
                  "max": 5
                },
                "minecraft:projectile_protection": {
                  "min": 2,
                  "max": 10
                },
                "minecraft:blast_protection": {
                  "min": 1,
                  "max": 4
                },
                "minecraft:frost_walker": {
                  "min": 1,
                  "max": 10
                },
                "minecraft:feather_falling": {
                  "min": 1,
                  "max": 5
                }
              }
            }
          ]
        },
        {
          "type": "minecraft:item",
          "name": "minecraft:leather_boots",
          "functions": [
            {
              "function": "minecraft:set_components",
              "components": {
                "minecraft:repair_cost": 99999,
                "minecraft:unbreakable": {},
                "minecraft:custom_name": "{\"text\":\"Ice Shoes\",\"color\":\"gold\",\"italic\":false}",
                "minecraft:lore": [
                  "{\"text\":\" \"}",
                  "{\"text\":\"Ability:\",\"color\":\"green\",\"italic\":false}",
                  "{\"text\":\"When hit there is a 20% chance to reduce \",\"color\":\"gray\",\"italic\":false}",
                  "{\"text\":\"the armor values of the enemy by 17.5% for \",\"color\":\"gray\",\"italic\":false}",
                  "{\"text\":\"3 seconds, also reduces speed by 25%. \",\"color\":\"gray\",\"italic\":false}"
                ],
                "minecraft:dyed_color": {
                  "rgb": 8705013,
                  "show_in_tooltip": false
                },
                "minecraft:custom_data": {
                  "armor": "ice_shoes",
                  "mt": "armor"
                }
              }
            },
            {
              "function": "minecraft:set_attributes",
              "modifiers": [
                {
                  "id": "ice_boots",
                  "attribute": "minecraft:generic.armor",
                  "name": "minecraft:generic.armor",
                  "amount": 2.5,
                  "operation": "add_value",
                  "slot": "feet"
                },
                {
                  "id": "ice_boots",
                  "attribute": "minecraft:generic.armor_toughness",
                  "name": "minecraft:generic.armor_toughness",
                  "amount": 4,
                  "operation": "add_value",
                  "slot": "feet"
                }
              ]
            },
            {
              "function": "minecraft:set_enchantments",
              "enchantments": {
                "minecraft:protection": {
                  "min": 1,
                  "max": 5
                },
                "minecraft:projectile_protection": {
                  "min": 2,
                  "max": 10
                },
                "minecraft:blast_protection": {
                  "min": 1,
                  "max": 4
                },
                "minecraft:frost_walker": {
                  "min": 1,
                  "max": 10
                },
                "minecraft:feather_falling": {
                  "min": 1,
                  "max": 5
                }
              }
            }
          ]
        },
        {
          "type": "minecraft:item",
          "name": "minecraft:leather_boots",
          "functions": [
            {
              "function": "minecraft:set_components",
              "components": {
                "minecraft:repair_cost": 99999,
                "minecraft:unbreakable": {},
                "minecraft:custom_name": "{\"text\":\"Ice Shoes\",\"color\":\"gold\",\"italic\":false}",
                "minecraft:lore": [
                  "{\"text\":\" \"}",
                  "{\"text\":\"Ability:\",\"color\":\"green\",\"italic\":false}",
                  "{\"text\":\"When hit there is a 20% chance to reduce \",\"color\":\"gray\",\"italic\":false}",
                  "{\"text\":\"the armor values of the enemy by 17.5% for \",\"color\":\"gray\",\"italic\":false}",
                  "{\"text\":\"3 seconds, also reduces speed by 25%. \",\"color\":\"gray\",\"italic\":false}"
                ],
                "minecraft:dyed_color": {
                  "rgb": 8705013,
                  "show_in_tooltip": false
                },
                "minecraft:custom_data": {
                  "armor": "ice_shoes",
                  "mt": "armor"
                }
              }
            },
            {
              "function": "minecraft:set_attributes",
              "modifiers": [
                {
                  "id": "ice_boots",
                  "attribute": "minecraft:generic.armor",
                  "name": "minecraft:generic.armor",
                  "amount": 2.5,
                  "operation": "add_value",
                  "slot": "feet"
                },
                {
                  "id": "ice_boots",
                  "attribute": "minecraft:generic.armor_toughness",
                  "name": "minecraft:generic.armor_toughness",
                  "amount": 4.5,
                  "operation": "add_value",
                  "slot": "feet"
                }
              ]
            },
            {
              "function": "minecraft:set_enchantments",
              "enchantments": {
                "minecraft:protection": {
                  "min": 1,
                  "max": 5
                },
                "minecraft:projectile_protection": {
                  "min": 2,
                  "max": 10
                },
                "minecraft:blast_protection": {
                  "min": 1,
                  "max": 4
                },
                "minecraft:frost_walker": {
                  "min": 1,
                  "max": 10
                },
                "minecraft:feather_falling": {
                  "min": 1,
                  "max": 5
                }
              }
            }
          ]
        },
        {
          "type": "minecraft:item",
          "name": "minecraft:leather_boots",
          "functions": [
            {
              "function": "minecraft:set_components",
              "components": {
                "minecraft:repair_cost": 99999,
                "minecraft:unbreakable": {},
                "minecraft:custom_name": "{\"text\":\"Ice Shoes\",\"color\":\"gold\",\"italic\":false}",
                "minecraft:lore": [
                  "{\"text\":\" \"}",
                  "{\"text\":\"Ability:\",\"color\":\"green\",\"italic\":false}",
                  "{\"text\":\"When hit there is a 20% chance to reduce \",\"color\":\"gray\",\"italic\":false}",
                  "{\"text\":\"the armor values of the enemy by 17.5% for \",\"color\":\"gray\",\"italic\":false}",
                  "{\"text\":\"3 seconds, also reduces speed by 25%. \",\"color\":\"gray\",\"italic\":false}"
                ],
                "minecraft:dyed_color": {
                  "rgb": 8705013,
                  "show_in_tooltip": false
                },
                "minecraft:custom_data": {
                  "armor": "ice_shoes",
                  "mt": "armor"
                }
              }
            },
            {
              "function": "minecraft:set_attributes",
              "modifiers": [
                {
                  "id": "ice_boots",
                  "attribute": "minecraft:generic.armor",
                  "name": "minecraft:generic.armor",
                  "amount": 2.5,
                  "operation": "add_value",
                  "slot": "feet"
                },
                {
                  "id": "ice_boots",
                  "attribute": "minecraft:generic.armor_toughness",
                  "name": "minecraft:generic.armor_toughness",
                  "amount": 5,
                  "operation": "add_value",
                  "slot": "feet"
                }
              ]
            },
            {
              "function": "minecraft:set_enchantments",
              "enchantments": {
                "minecraft:protection": {
                  "min": 1,
                  "max": 5
                },
                "minecraft:projectile_protection": {
                  "min": 2,
                  "max": 10
                },
                "minecraft:blast_protection": {
                  "min": 1,
                  "max": 4
                },
                "minecraft:frost_walker": {
                  "min": 1,
                  "max": 10
                },
                "minecraft:feather_falling": {
                  "min": 1,
                  "max": 5
                }
              }
            }
          ]
        }
      ]
    }
  ]
}
