{
  "pools": [
    {
      "rolls": 1,
      "entries": [
        {
          "type": "item",
          "weight": 1,
          "name": "minecraft:leather_chestplate",
          "functions": [
            {
              "function": "set_count",
              "count": 1
            },
            {
              "function": "minecraft:set_components",
              "components": {
                "minecraft:repair_cost": 99999,
                "minecraft:unbreakable": {},
                "minecraft:custom_name": "{\"text\":\"Ocean Chestplate\",\"color\":\"gold\",\"bold\":false,\"italic\":false}",
                "minecraft:lore": [
                  "{\"text\":\" \"}",
                  "{\"text\":\"Ability:\",\"color\":\"green\",\"italic\":false}",
                  "{\"text\":\"When worn the user gains permanent\",\"color\":\"gray\",\"italic\":false}",
                  "{\"text\":\"Dolphin's Grace and Conduit Power II.\",\"color\":\"gray\",\"italic\":false}"
                ],
                "minecraft:dyed_color": {
                  "rgb": 957667,
                  "show_in_tooltip": false
                },
                "minecraft:custom_data": {
                  "armor": "ocean_chestplate",
                  "mt": "armor"
                }
              }
            },
            {
              "function": "minecraft:set_enchantments",
              "enchantments": {
                "minecraft:protection": {
                  "min": 3,
                  "max": 7
                },
                "minecraft:projectile_protection": {
                  "min": 3,
                  "max": 7
                },
                "minecraft:blast_protection": {
                  "min": 3,
                  "max": 7
                },
                "minecraft:fire_protection": {
                  "min": 3,
                  "max": 7
                },
                "minecraft:feather_falling": {
                  "min": {
                    "type": "minecraft:constant",
                    "value": 1
                  },
                  "max": {
                    "type": "minecraft:constant",
                    "value": 3
                  }
                }
              }
            },
            {
              "function": "minecraft:set_attributes",
              "modifiers": [
                {
                  "id": "ocean_chestplate",
                  "attribute": "minecraft:generic.knockback_resistance",
                  "name": "minecraft:generic.knockback_resistance",
                  "amount": 0.1,
                  "operation": "add_value",
                  "slot": "chest"
                },
                {
                  "id": "ocean_chestplate",
                  "attribute": "minecraft:generic.armor_toughness",
                  "name": "minecraft:generic.armor_toughness",
                  "amount": 3,
                  "operation": "add_value",
                  "slot": "chest"
                },
                {
                  "id": "ocean_chestplate",
                  "attribute": "minecraft:generic.armor",
                  "name": "minecraft:generic.armor",
                  "amount": 8,
                  "operation": "add_value",
                  "slot": "chest"
                }
              ]
            }
          ]
        },
        {
          "type": "item",
          "weight": 1,
          "name": "minecraft:leather_chestplate",
          "functions": [
            {
              "function": "set_count",
              "count": 1
            },
            {
              "function": "minecraft:set_components",
              "components": {
                "minecraft:repair_cost": 99999,
                "minecraft:unbreakable": {},
                "minecraft:custom_name": "{\"text\":\"Ocean Chestplate\",\"color\":\"gold\",\"bold\":false,\"italic\":false}",
                "minecraft:lore": [
                  "{\"text\":\" \"}",
                  "{\"text\":\"Ability:\",\"color\":\"green\",\"italic\":false}",
                  "{\"text\":\"When worn the user gains permanent\",\"color\":\"gray\",\"italic\":false}",
                  "{\"text\":\"Dolphin's Grace and Conduit Power II.\",\"color\":\"gray\",\"italic\":false}"
                ],
                "minecraft:dyed_color": {
                  "rgb": 957667,
                  "show_in_tooltip": false
                },
                "minecraft:custom_data": {
                  "armor": "ocean_chestplate",
                  "mt": "armor"
                }
              }
            },
            {
              "function": "minecraft:set_enchantments",
              "enchantments": {
                "minecraft:protection": {
                  "min": 3,
                  "max": 7
                },
                "minecraft:projectile_protection": {
                  "min": 3,
                  "max": 7
                },
                "minecraft:blast_protection": {
                  "min": 3,
                  "max": 7
                },
                "minecraft:fire_protection": {
                  "min": 3,
                  "max": 7
                },
                "minecraft:feather_falling": {
                  "min": {
                    "type": "minecraft:constant",
                    "value": 1
                  },
                  "max": {
                    "type": "minecraft:constant",
                    "value": 3
                  }
                }
              }
            },
            {
              "function": "minecraft:set_attributes",
              "modifiers": [
                {
                  "id": "ocean_chestplate",
                  "attribute": "minecraft:generic.knockback_resistance",
                  "name": "minecraft:generic.knockback_resistance",
                  "amount": 0.1,
                  "operation": "add_value",
                  "slot": "chest"
                },
                {
                  "id": "ocean_chestplate",
                  "attribute": "minecraft:generic.armor_toughness",
                  "name": "minecraft:generic.armor_toughness",
                  "amount": 3.5,
                  "operation": "add_value",
                  "slot": "chest"
                },
                {
                  "id": "ocean_chestplate",
                  "attribute": "minecraft:generic.armor",
                  "name": "minecraft:generic.armor",
                  "amount": 8.5,
                  "operation": "add_value",
                  "slot": "chest"
                }
              ]
            }
          ]
        },
        {
          "type": "item",
          "weight": 1,
          "name": "minecraft:leather_chestplate",
          "functions": [
            {
              "function": "set_count",
              "count": 1
            },
            {
              "function": "minecraft:set_components",
              "components": {
                "minecraft:repair_cost": 99999,
                "minecraft:unbreakable": {},
                "minecraft:custom_name": "{\"text\":\"Ocean Chestplate\",\"color\":\"gold\",\"bold\":false,\"italic\":false}",
                "minecraft:lore": [
                  "{\"text\":\" \"}",
                  "{\"text\":\"Ability:\",\"color\":\"green\",\"italic\":false}",
                  "{\"text\":\"When worn the user gains permanent\",\"color\":\"gray\",\"italic\":false}",
                  "{\"text\":\"Dolphin's Grace and Conduit Power II.\",\"color\":\"gray\",\"italic\":false}"
                ],
                "minecraft:dyed_color": {
                  "rgb": 957667,
                  "show_in_tooltip": false
                },
                "minecraft:custom_data": {
                  "armor": "ocean_chestplate",
                  "mt": "armor"
                }
              }
            },
            {
              "function": "minecraft:set_enchantments",
              "enchantments": {
                "minecraft:protection": {
                  "min": 3,
                  "max": 7
                },
                "minecraft:projectile_protection": {
                  "min": 3,
                  "max": 7
                },
                "minecraft:blast_protection": {
                  "min": 3,
                  "max": 7
                },
                "minecraft:fire_protection": {
                  "min": 3,
                  "max": 7
                },
                "minecraft:feather_falling": {
                  "min": {
                    "type": "minecraft:constant",
                    "value": 1
                  },
                  "max": {
                    "type": "minecraft:constant",
                    "value": 3
                  }
                }
              }
            },
            {
              "function": "minecraft:set_attributes",
              "modifiers": [
                {
                  "id": "ocean_chestplate",
                  "attribute": "minecraft:generic.knockback_resistance",
                  "name": "minecraft:generic.knockback_resistance",
                  "amount": 0.1,
                  "operation": "add_value",
                  "slot": "chest"
                },
                {
                  "id": "ocean_chestplate",
                  "attribute": "minecraft:generic.armor_toughness",
                  "name": "minecraft:generic.armor_toughness",
                  "amount": 4,
                  "operation": "add_value",
                  "slot": "chest"
                },
                {
                  "id": "ocean_chestplate",
                  "attribute": "minecraft:generic.armor",
                  "name": "minecraft:generic.armor",
                  "amount": 9,
                  "operation": "add_value",
                  "slot": "chest"
                }
              ]
            }
          ]
        },
        {
          "type": "item",
          "weight": 1,
          "name": "minecraft:leather_chestplate",
          "functions": [
            {
              "function": "set_count",
              "count": 1
            },
            {
              "function": "minecraft:set_components",
              "components": {
                "minecraft:repair_cost": 99999,
                "minecraft:unbreakable": {},
                "minecraft:custom_name": "{\"text\":\"Ocean Chestplate\",\"color\":\"gold\",\"bold\":false,\"italic\":false}",
                "minecraft:lore": [
                  "{\"text\":\" \"}",
                  "{\"text\":\"Ability:\",\"color\":\"green\",\"italic\":false}",
                  "{\"text\":\"When worn the user gains permanent\",\"color\":\"gray\",\"italic\":false}",
                  "{\"text\":\"Dolphin's Grace and Conduit Power II.\",\"color\":\"gray\",\"italic\":false}"
                ],
                "minecraft:dyed_color": {
                  "rgb": 957667,
                  "show_in_tooltip": false
                },
                "minecraft:custom_data": {
                  "armor": "ocean_chestplate",
                  "mt": "armor"
                }
              }
            },
            {
              "function": "minecraft:set_enchantments",
              "enchantments": {
                "minecraft:protection": {
                  "min": 3,
                  "max": 7
                },
                "minecraft:projectile_protection": {
                  "min": 3,
                  "max": 7
                },
                "minecraft:blast_protection": {
                  "min": 3,
                  "max": 7
                },
                "minecraft:fire_protection": {
                  "min": 3,
                  "max": 7
                },
                "minecraft:feather_falling": {
                  "min": {
                    "type": "minecraft:constant",
                    "value": 1
                  },
                  "max": {
                    "type": "minecraft:constant",
                    "value": 3
                  }
                }
              }
            },
            {
              "function": "minecraft:set_attributes",
              "modifiers": [
                {
                  "id": "ocean_chestplate",
                  "attribute": "minecraft:generic.knockback_resistance",
                  "name": "minecraft:generic.knockback_resistance",
                  "amount": 0.1,
                  "operation": "add_value",
                  "slot": "chest"
                },
                {
                  "id": "ocean_chestplate",
                  "attribute": "minecraft:generic.armor_toughness",
                  "name": "minecraft:generic.armor_toughness",
                  "amount": 4.5,
                  "operation": "add_value",
                  "slot": "chest"
                },
                {
                  "id": "ocean_chestplate",
                  "attribute": "minecraft:generic.armor",
                  "name": "minecraft:generic.armor",
                  "amount": 9.5,
                  "operation": "add_value",
                  "slot": "chest"
                }
              ]
            }
          ]
        },
        {
          "type": "item",
          "weight": 1,
          "name": "minecraft:leather_chestplate",
          "functions": [
            {
              "function": "set_count",
              "count": 1
            },
            {
              "function": "minecraft:set_components",
              "components": {
                "minecraft:repair_cost": 99999,
                "minecraft:unbreakable": {},
                "minecraft:custom_name": "{\"text\":\"Ocean Chestplate\",\"color\":\"gold\",\"bold\":false,\"italic\":false}",
                "minecraft:lore": [
                  "{\"text\":\" \"}",
                  "{\"text\":\"Ability:\",\"color\":\"green\",\"italic\":false}",
                  "{\"text\":\"When worn the user gains permanent\",\"color\":\"gray\",\"italic\":false}",
                  "{\"text\":\"Dolphin's Grace and Conduit Power II.\",\"color\":\"gray\",\"italic\":false}"
                ],
                "minecraft:dyed_color": {
                  "rgb": 957667,
                  "show_in_tooltip": false
                },
                "minecraft:custom_data": {
                  "armor": "ocean_chestplate",
                  "mt": "armor"
                }
              }
            },
            {
              "function": "minecraft:set_enchantments",
              "enchantments": {
                "minecraft:protection": {
                  "min": 3,
                  "max": 7
                },
                "minecraft:projectile_protection": {
                  "min": 3,
                  "max": 7
                },
                "minecraft:blast_protection": {
                  "min": 3,
                  "max": 7
                },
                "minecraft:fire_protection": {
                  "min": 3,
                  "max": 7
                },
                "minecraft:feather_falling": {
                  "min": {
                    "type": "minecraft:constant",
                    "value": 1
                  },
                  "max": {
                    "type": "minecraft:constant",
                    "value": 3
                  }
                }
              }
            },
            {
              "function": "minecraft:set_attributes",
              "modifiers": [
                {
                  "id": "ocean_chestplate",
                  "attribute": "minecraft:generic.knockback_resistance",
                  "name": "minecraft:generic.knockback_resistance",
                  "amount": 0.1,
                  "operation": "add_value",
                  "slot": "chest"
                },
                {
                  "id": "ocean_chestplate",
                  "attribute": "minecraft:generic.armor_toughness",
                  "name": "minecraft:generic.armor_toughness",
                  "amount": 5,
                  "operation": "add_value",
                  "slot": "chest"
                },
                {
                  "id": "ocean_chestplate",
                  "attribute": "minecraft:generic.armor",
                  "name": "minecraft:generic.armor",
                  "amount": 10,
                  "operation": "add_value",
                  "slot": "chest"
                }
              ]
            }
          ]
        },
        {
          "type": "item",
          "weight": 1,
          "name": "minecraft:leather_chestplate",
          "functions": [
            {
              "function": "set_count",
              "count": 1
            },
            {
              "function": "minecraft:set_components",
              "components": {
                "minecraft:repair_cost": 99999,
                "minecraft:unbreakable": {},
                "minecraft:custom_name": "{\"text\":\"Ocean Chestplate\",\"color\":\"gold\",\"bold\":false,\"italic\":false}",
                "minecraft:lore": [
                  "{\"text\":\" \"}",
                  "{\"text\":\"Ability:\",\"color\":\"green\",\"italic\":false}",
                  "{\"text\":\"When worn the user gains permanent\",\"color\":\"gray\",\"italic\":false}",
                  "{\"text\":\"Dolphin's Grace and Conduit Power II.\",\"color\":\"gray\",\"italic\":false}"
                ],
                "minecraft:dyed_color": {
                  "rgb": 957667,
                  "show_in_tooltip": false
                },
                "minecraft:custom_data": {
                  "armor": "ocean_chestplate",
                  "mt": "armor"
                }
              }
            },
            {
              "function": "minecraft:set_enchantments",
              "enchantments": {
                "minecraft:protection": {
                  "min": 3,
                  "max": 7
                },
                "minecraft:projectile_protection": {
                  "min": 3,
                  "max": 7
                },
                "minecraft:blast_protection": {
                  "min": 3,
                  "max": 7
                },
                "minecraft:fire_protection": {
                  "min": 3,
                  "max": 7
                },
                "minecraft:feather_falling": {
                  "min": {
                    "type": "minecraft:constant",
                    "value": 1
                  },
                  "max": {
                    "type": "minecraft:constant",
                    "value": 3
                  }
                }
              }
            },
            {
              "function": "minecraft:set_attributes",
              "modifiers": [
                {
                  "id": "ocean_chestplate",
                  "attribute": "minecraft:generic.knockback_resistance",
                  "name": "minecraft:generic.knockback_resistance",
                  "amount": 0.1,
                  "operation": "add_value",
                  "slot": "chest"
                },
                {
                  "id": "ocean_chestplate",
                  "attribute": "minecraft:generic.armor_toughness",
                  "name": "minecraft:generic.armor_toughness",
                  "amount": 3,
                  "operation": "add_value",
                  "slot": "chest"
                },
                {
                  "id": "ocean_chestplate",
                  "attribute": "minecraft:generic.armor",
                  "name": "minecraft:generic.armor",
                  "amount": 7,
                  "operation": "add_value",
                  "slot": "chest"
                }
              ]
            }
          ]
        },
        {
          "type": "item",
          "weight": 1,
          "name": "minecraft:leather_chestplate",
          "functions": [
            {
              "function": "set_count",
              "count": 1
            },
            {
              "function": "minecraft:set_components",
              "components": {
                "minecraft:repair_cost": 99999,
                "minecraft:unbreakable": {},
                "minecraft:custom_name": "{\"text\":\"Ocean Chestplate\",\"color\":\"gold\",\"bold\":false,\"italic\":false}",
                "minecraft:lore": [
                  "{\"text\":\" \"}",
                  "{\"text\":\"Ability:\",\"color\":\"green\",\"italic\":false}",
                  "{\"text\":\"When worn the user gains permanent\",\"color\":\"gray\",\"italic\":false}",
                  "{\"text\":\"Dolphin's Grace and Conduit Power II.\",\"color\":\"gray\",\"italic\":false}"
                ],
                "minecraft:dyed_color": {
                  "rgb": 957667,
                  "show_in_tooltip": false
                },
                "minecraft:custom_data": {
                  "armor": "ocean_chestplate",
                  "mt": "armor"
                }
              }
            },
            {
              "function": "minecraft:set_enchantments",
              "enchantments": {
                "minecraft:protection": {
                  "min": 3,
                  "max": 7
                },
                "minecraft:projectile_protection": {
                  "min": 3,
                  "max": 7
                },
                "minecraft:blast_protection": {
                  "min": 3,
                  "max": 7
                },
                "minecraft:fire_protection": {
                  "min": 3,
                  "max": 7
                },
                "minecraft:feather_falling": {
                  "min": {
                    "type": "minecraft:constant",
                    "value": 1
                  },
                  "max": {
                    "type": "minecraft:constant",
                    "value": 3
                  }
                }
              }
            },
            {
              "function": "minecraft:set_attributes",
              "modifiers": [
                {
                  "id": "ocean_chestplate",
                  "attribute": "minecraft:generic.knockback_resistance",
                  "name": "minecraft:generic.knockback_resistance",
                  "amount": 0.1,
                  "operation": "add_value",
                  "slot": "chest"
                },
                {
                  "id": "ocean_chestplate",
                  "attribute": "minecraft:generic.armor_toughness",
                  "name": "minecraft:generic.armor_toughness",
                  "amount": 3,
                  "operation": "add_value",
                  "slot": "chest"
                },
                {
                  "id": "ocean_chestplate",
                  "attribute": "minecraft:generic.armor",
                  "name": "minecraft:generic.armor",
                  "amount": 8.5,
                  "operation": "add_value",
                  "slot": "chest"
                }
              ]
            }
          ]
        },
        {
          "type": "item",
          "weight": 1,
          "name": "minecraft:leather_chestplate",
          "functions": [
            {
              "function": "set_count",
              "count": 1
            },
            {
              "function": "minecraft:set_components",
              "components": {
                "minecraft:repair_cost": 99999,
                "minecraft:unbreakable": {},
                "minecraft:custom_name": "{\"text\":\"Ocean Chestplate\",\"color\":\"gold\",\"bold\":false,\"italic\":false}",
                "minecraft:lore": [
                  "{\"text\":\" \"}",
                  "{\"text\":\"Ability:\",\"color\":\"green\",\"italic\":false}",
                  "{\"text\":\"When worn the user gains permanent\",\"color\":\"gray\",\"italic\":false}",
                  "{\"text\":\"Dolphin's Grace and Conduit Power II.\",\"color\":\"gray\",\"italic\":false}"
                ],
                "minecraft:dyed_color": {
                  "rgb": 957667,
                  "show_in_tooltip": false
                },
                "minecraft:custom_data": {
                  "armor": "ocean_chestplate",
                  "mt": "armor"
                }
              }
            },
            {
              "function": "minecraft:set_enchantments",
              "enchantments": {
                "minecraft:protection": {
                  "min": 3,
                  "max": 7
                },
                "minecraft:projectile_protection": {
                  "min": 3,
                  "max": 7
                },
                "minecraft:blast_protection": {
                  "min": 3,
                  "max": 7
                },
                "minecraft:fire_protection": {
                  "min": 3,
                  "max": 7
                },
                "minecraft:feather_falling": {
                  "min": {
                    "type": "minecraft:constant",
                    "value": 1
                  },
                  "max": {
                    "type": "minecraft:constant",
                    "value": 3
                  }
                }
              }
            },
            {
              "function": "minecraft:set_attributes",
              "modifiers": [
                {
                  "id": "ocean_chestplate",
                  "attribute": "minecraft:generic.knockback_resistance",
                  "name": "minecraft:generic.knockback_resistance",
                  "amount": 0.1,
                  "operation": "add_value",
                  "slot": "chest"
                },
                {
                  "id": "ocean_chestplate",
                  "attribute": "minecraft:generic.armor_toughness",
                  "name": "minecraft:generic.armor_toughness",
                  "amount": 3,
                  "operation": "add_value",
                  "slot": "chest"
                },
                {
                  "id": "ocean_chestplate",
                  "attribute": "minecraft:generic.armor",
                  "name": "minecraft:generic.armor",
                  "amount": 9,
                  "operation": "add_value",
                  "slot": "chest"
                }
              ]
            }
          ]
        },
        {
          "type": "item",
          "weight": 1,
          "name": "minecraft:leather_chestplate",
          "functions": [
            {
              "function": "set_count",
              "count": 1
            },
            {
              "function": "minecraft:set_components",
              "components": {
                "minecraft:repair_cost": 99999,
                "minecraft:unbreakable": {},
                "minecraft:custom_name": "{\"text\":\"Ocean Chestplate\",\"color\":\"gold\",\"bold\":false,\"italic\":false}",
                "minecraft:lore": [
                  "{\"text\":\" \"}",
                  "{\"text\":\"Ability:\",\"color\":\"green\",\"italic\":false}",
                  "{\"text\":\"When worn the user gains permanent\",\"color\":\"gray\",\"italic\":false}",
                  "{\"text\":\"Dolphin's Grace and Conduit Power II.\",\"color\":\"gray\",\"italic\":false}"
                ],
                "minecraft:dyed_color": {
                  "rgb": 957667,
                  "show_in_tooltip": false
                },
                "minecraft:custom_data": {
                  "armor": "ocean_chestplate",
                  "mt": "armor"
                }
              }
            },
            {
              "function": "minecraft:set_enchantments",
              "enchantments": {
                "minecraft:protection": {
                  "min": 3,
                  "max": 7
                },
                "minecraft:projectile_protection": {
                  "min": 3,
                  "max": 7
                },
                "minecraft:blast_protection": {
                  "min": 3,
                  "max": 7
                },
                "minecraft:fire_protection": {
                  "min": 3,
                  "max": 7
                },
                "minecraft:feather_falling": {
                  "min": {
                    "type": "minecraft:constant",
                    "value": 1
                  },
                  "max": {
                    "type": "minecraft:constant",
                    "value": 3
                  }
                }
              }
            },
            {
              "function": "minecraft:set_attributes",
              "modifiers": [
                {
                  "id": "ocean_chestplate",
                  "attribute": "minecraft:generic.knockback_resistance",
                  "name": "minecraft:generic.knockback_resistance",
                  "amount": 0.1,
                  "operation": "add_value",
                  "slot": "chest"
                },
                {
                  "id": "ocean_chestplate",
                  "attribute": "minecraft:generic.armor_toughness",
                  "name": "minecraft:generic.armor_toughness",
                  "amount": 3,
                  "operation": "add_value",
                  "slot": "chest"
                },
                {
                  "id": "ocean_chestplate",
                  "attribute": "minecraft:generic.armor",
                  "name": "minecraft:generic.armor",
                  "amount": 9.5,
                  "operation": "add_value",
                  "slot": "chest"
                }
              ]
            }
          ]
        },
        {
          "type": "item",
          "weight": 1,
          "name": "minecraft:leather_chestplate",
          "functions": [
            {
              "function": "set_count",
              "count": 1
            },
            {
              "function": "minecraft:set_components",
              "components": {
                "minecraft:repair_cost": 99999,
                "minecraft:unbreakable": {},
                "minecraft:custom_name": "{\"text\":\"Ocean Chestplate\",\"color\":\"gold\",\"bold\":false,\"italic\":false}",
                "minecraft:lore": [
                  "{\"text\":\" \"}",
                  "{\"text\":\"Ability:\",\"color\":\"green\",\"italic\":false}",
                  "{\"text\":\"When worn the user gains permanent\",\"color\":\"gray\",\"italic\":false}",
                  "{\"text\":\"Dolphin's Grace and Conduit Power II.\",\"color\":\"gray\",\"italic\":false}"
                ],
                "minecraft:dyed_color": {
                  "rgb": 957667,
                  "show_in_tooltip": false
                },
                "minecraft:custom_data": {
                  "armor": "ocean_chestplate",
                  "mt": "armor"
                }
              }
            },
            {
              "function": "minecraft:set_enchantments",
              "enchantments": {
                "minecraft:protection": {
                  "min": 3,
                  "max": 7
                },
                "minecraft:projectile_protection": {
                  "min": 3,
                  "max": 7
                },
                "minecraft:blast_protection": {
                  "min": 3,
                  "max": 7
                },
                "minecraft:fire_protection": {
                  "min": 3,
                  "max": 7
                },
                "minecraft:feather_falling": {
                  "min": {
                    "type": "minecraft:constant",
                    "value": 1
                  },
                  "max": {
                    "type": "minecraft:constant",
                    "value": 3
                  }
                }
              }
            },
            {
              "function": "minecraft:set_attributes",
              "modifiers": [
                {
                  "id": "ocean_chestplate",
                  "attribute": "minecraft:generic.knockback_resistance",
                  "name": "minecraft:generic.knockback_resistance",
                  "amount": 0.1,
                  "operation": "add_value",
                  "slot": "chest"
                },
                {
                  "id": "ocean_chestplate",
                  "attribute": "minecraft:generic.armor_toughness",
                  "name": "minecraft:generic.armor_toughness",
                  "amount": 3,
                  "operation": "add_value",
                  "slot": "chest"
                },
                {
                  "id": "ocean_chestplate",
                  "attribute": "minecraft:generic.armor",
                  "name": "minecraft:generic.armor",
                  "amount": 10,
                  "operation": "add_value",
                  "slot": "chest"
                }
              ]
            }
          ]
        },
        {
          "type": "item",
          "weight": 1,
          "name": "minecraft:leather_chestplate",
          "functions": [
            {
              "function": "set_count",
              "count": 1
            },
            {
              "function": "minecraft:set_components",
              "components": {
                "minecraft:repair_cost": 99999,
                "minecraft:unbreakable": {},
                "minecraft:custom_name": "{\"text\":\"Ocean Chestplate\",\"color\":\"gold\",\"bold\":false,\"italic\":false}",
                "minecraft:lore": [
                  "{\"text\":\" \"}",
                  "{\"text\":\"Ability:\",\"color\":\"green\",\"italic\":false}",
                  "{\"text\":\"When worn the user gains permanent\",\"color\":\"gray\",\"italic\":false}",
                  "{\"text\":\"Dolphin's Grace and Conduit Power II.\",\"color\":\"gray\",\"italic\":false}"
                ],
                "minecraft:dyed_color": {
                  "rgb": 957667,
                  "show_in_tooltip": false
                },
                "minecraft:custom_data": {
                  "armor": "ocean_chestplate",
                  "mt": "armor"
                }
              }
            },
            {
              "function": "minecraft:set_enchantments",
              "enchantments": {
                "minecraft:protection": {
                  "min": 3,
                  "max": 7
                },
                "minecraft:projectile_protection": {
                  "min": 3,
                  "max": 7
                },
                "minecraft:blast_protection": {
                  "min": 3,
                  "max": 7
                },
                "minecraft:fire_protection": {
                  "min": 3,
                  "max": 7
                },
                "minecraft:feather_falling": {
                  "min": {
                    "type": "minecraft:constant",
                    "value": 1
                  },
                  "max": {
                    "type": "minecraft:constant",
                    "value": 3
                  }
                }
              }
            },
            {
              "function": "minecraft:set_attributes",
              "modifiers": [
                {
                  "id": "ocean_chestplate",
                  "attribute": "minecraft:generic.knockback_resistance",
                  "name": "minecraft:generic.knockback_resistance",
                  "amount": 0.1,
                  "operation": "add_value",
                  "slot": "chest"
                },
                {
                  "id": "ocean_chestplate",
                  "attribute": "minecraft:generic.armor_toughness",
                  "name": "minecraft:generic.armor_toughness",
                  "amount": 3.5,
                  "operation": "add_value",
                  "slot": "chest"
                },
                {
                  "id": "ocean_chestplate",
                  "attribute": "minecraft:generic.armor",
                  "name": "minecraft:generic.armor",
                  "amount": 8,
                  "operation": "add_value",
                  "slot": "chest"
                }
              ]
            }
          ]
        },
        {
          "type": "item",
          "weight": 1,
          "name": "minecraft:leather_chestplate",
          "functions": [
            {
              "function": "set_count",
              "count": 1
            },
            {
              "function": "minecraft:set_components",
              "components": {
                "minecraft:repair_cost": 99999,
                "minecraft:unbreakable": {},
                "minecraft:custom_name": "{\"text\":\"Ocean Chestplate\",\"color\":\"gold\",\"bold\":false,\"italic\":false}",
                "minecraft:lore": [
                  "{\"text\":\" \"}",
                  "{\"text\":\"Ability:\",\"color\":\"green\",\"italic\":false}",
                  "{\"text\":\"When worn the user gains permanent\",\"color\":\"gray\",\"italic\":false}",
                  "{\"text\":\"Dolphin's Grace and Conduit Power II.\",\"color\":\"gray\",\"italic\":false}"
                ],
                "minecraft:dyed_color": {
                  "rgb": 957667,
                  "show_in_tooltip": false
                },
                "minecraft:custom_data": {
                  "armor": "ocean_chestplate",
                  "mt": "armor"
                }
              }
            },
            {
              "function": "minecraft:set_enchantments",
              "enchantments": {
                "minecraft:protection": {
                  "min": 3,
                  "max": 7
                },
                "minecraft:projectile_protection": {
                  "min": 3,
                  "max": 7
                },
                "minecraft:blast_protection": {
                  "min": 3,
                  "max": 7
                },
                "minecraft:fire_protection": {
                  "min": 3,
                  "max": 7
                },
                "minecraft:feather_falling": {
                  "min": {
                    "type": "minecraft:constant",
                    "value": 1
                  },
                  "max": {
                    "type": "minecraft:constant",
                    "value": 3
                  }
                }
              }
            },
            {
              "function": "minecraft:set_attributes",
              "modifiers": [
                {
                  "id": "ocean_chestplate",
                  "attribute": "minecraft:generic.knockback_resistance",
                  "name": "minecraft:generic.knockback_resistance",
                  "amount": 0.1,
                  "operation": "add_value",
                  "slot": "chest"
                },
                {
                  "id": "ocean_chestplate",
                  "attribute": "minecraft:generic.armor_toughness",
                  "name": "minecraft:generic.armor_toughness",
                  "amount": 4,
                  "operation": "add_value",
                  "slot": "chest"
                },
                {
                  "id": "ocean_chestplate",
                  "attribute": "minecraft:generic.armor",
                  "name": "minecraft:generic.armor",
                  "amount": 8,
                  "operation": "add_value",
                  "slot": "chest"
                }
              ]
            }
          ]
        },
        {
          "type": "item",
          "weight": 1,
          "name": "minecraft:leather_chestplate",
          "functions": [
            {
              "function": "set_count",
              "count": 1
            },
            {
              "function": "minecraft:set_components",
              "components": {
                "minecraft:repair_cost": 99999,
                "minecraft:unbreakable": {},
                "minecraft:custom_name": "{\"text\":\"Ocean Chestplate\",\"color\":\"gold\",\"bold\":false,\"italic\":false}",
                "minecraft:lore": [
                  "{\"text\":\" \"}",
                  "{\"text\":\"Ability:\",\"color\":\"green\",\"italic\":false}",
                  "{\"text\":\"When worn the user gains permanent\",\"color\":\"gray\",\"italic\":false}",
                  "{\"text\":\"Dolphin's Grace and Conduit Power II.\",\"color\":\"gray\",\"italic\":false}"
                ],
                "minecraft:dyed_color": {
                  "rgb": 957667,
                  "show_in_tooltip": false
                },
                "minecraft:custom_data": {
                  "armor": "ocean_chestplate",
                  "mt": "armor"
                }
              }
            },
            {
              "function": "minecraft:set_enchantments",
              "enchantments": {
                "minecraft:protection": {
                  "min": 3,
                  "max": 7
                },
                "minecraft:projectile_protection": {
                  "min": 3,
                  "max": 7
                },
                "minecraft:blast_protection": {
                  "min": 3,
                  "max": 7
                },
                "minecraft:fire_protection": {
                  "min": 3,
                  "max": 7
                },
                "minecraft:feather_falling": {
                  "min": {
                    "type": "minecraft:constant",
                    "value": 1
                  },
                  "max": {
                    "type": "minecraft:constant",
                    "value": 3
                  }
                }
              }
            },
            {
              "function": "minecraft:set_attributes",
              "modifiers": [
                {
                  "id": "ocean_chestplate",
                  "attribute": "minecraft:generic.knockback_resistance",
                  "name": "minecraft:generic.knockback_resistance",
                  "amount": 0.1,
                  "operation": "add_value",
                  "slot": "chest"
                },
                {
                  "id": "ocean_chestplate",
                  "attribute": "minecraft:generic.armor_toughness",
                  "name": "minecraft:generic.armor_toughness",
                  "amount": 4.5,
                  "operation": "add_value",
                  "slot": "chest"
                },
                {
                  "id": "ocean_chestplate",
                  "attribute": "minecraft:generic.armor",
                  "name": "minecraft:generic.armor",
                  "amount": 8,
                  "operation": "add_value",
                  "slot": "chest"
                }
              ]
            }
          ]
        },
        {
          "type": "item",
          "weight": 1,
          "name": "minecraft:leather_chestplate",
          "functions": [
            {
              "function": "set_count",
              "count": 1
            },
            {
              "function": "minecraft:set_components",
              "components": {
                "minecraft:repair_cost": 99999,
                "minecraft:unbreakable": {},
                "minecraft:custom_name": "{\"text\":\"Ocean Chestplate\",\"color\":\"gold\",\"bold\":false,\"italic\":false}",
                "minecraft:lore": [
                  "{\"text\":\" \"}",
                  "{\"text\":\"Ability:\",\"color\":\"green\",\"italic\":false}",
                  "{\"text\":\"When worn the user gains permanent\",\"color\":\"gray\",\"italic\":false}",
                  "{\"text\":\"Dolphin's Grace and Conduit Power II.\",\"color\":\"gray\",\"italic\":false}"
                ],
                "minecraft:dyed_color": {
                  "rgb": 957667,
                  "show_in_tooltip": false
                },
                "minecraft:custom_data": {
                  "armor": "ocean_chestplate",
                  "mt": "armor"
                }
              }
            },
            {
              "function": "minecraft:set_enchantments",
              "enchantments": {
                "minecraft:protection": {
                  "min": 3,
                  "max": 7
                },
                "minecraft:projectile_protection": {
                  "min": 3,
                  "max": 7
                },
                "minecraft:blast_protection": {
                  "min": 3,
                  "max": 7
                },
                "minecraft:fire_protection": {
                  "min": 3,
                  "max": 7
                },
                "minecraft:feather_falling": {
                  "min": {
                    "type": "minecraft:constant",
                    "value": 1
                  },
                  "max": {
                    "type": "minecraft:constant",
                    "value": 3
                  }
                }
              }
            },
            {
              "function": "minecraft:set_attributes",
              "modifiers": [
                {
                  "id": "ocean_chestplate",
                  "attribute": "minecraft:generic.knockback_resistance",
                  "name": "minecraft:generic.knockback_resistance",
                  "amount": 0.1,
                  "operation": "add_value",
                  "slot": "chest"
                },
                {
                  "id": "ocean_chestplate",
                  "attribute": "minecraft:generic.armor_toughness",
                  "name": "minecraft:generic.armor_toughness",
                  "amount": 5,
                  "operation": "add_value",
                  "slot": "chest"
                },
                {
                  "id": "ocean_chestplate",
                  "attribute": "minecraft:generic.armor",
                  "name": "minecraft:generic.armor",
                  "amount": 8,
                  "operation": "add_value",
                  "slot": "chest"
                }
              ]
            }
          ]
        },
        {
          "type": "item",
          "weight": 1,
          "name": "minecraft:leather_chestplate",
          "functions": [
            {
              "function": "set_count",
              "count": 1
            },
            {
              "function": "minecraft:set_components",
              "components": {
                "minecraft:repair_cost": 99999,
                "minecraft:unbreakable": {},
                "minecraft:custom_name": "{\"text\":\"Ocean Chestplate\",\"color\":\"gold\",\"bold\":false,\"italic\":false}",
                "minecraft:lore": [
                  "{\"text\":\" \"}",
                  "{\"text\":\"Ability:\",\"color\":\"green\",\"italic\":false}",
                  "{\"text\":\"When worn the user gains permanent\",\"color\":\"gray\",\"italic\":false}",
                  "{\"text\":\"Dolphin's Grace and Conduit Power II.\",\"color\":\"gray\",\"italic\":false}"
                ],
                "minecraft:dyed_color": {
                  "rgb": 957667,
                  "show_in_tooltip": false
                },
                "minecraft:custom_data": {
                  "armor": "ocean_chestplate",
                  "mt": "armor"
                }
              }
            },
            {
              "function": "minecraft:set_enchantments",
              "enchantments": {
                "minecraft:protection": {
                  "min": 3,
                  "max": 7
                },
                "minecraft:projectile_protection": {
                  "min": 3,
                  "max": 7
                },
                "minecraft:blast_protection": {
                  "min": 3,
                  "max": 7
                },
                "minecraft:fire_protection": {
                  "min": 3,
                  "max": 7
                },
                "minecraft:feather_falling": {
                  "min": {
                    "type": "minecraft:constant",
                    "value": 1
                  },
                  "max": {
                    "type": "minecraft:constant",
                    "value": 3
                  }
                }
              }
            },
            {
              "function": "minecraft:set_attributes",
              "modifiers": [
                {
                  "id": "ocean_chestplate",
                  "attribute": "minecraft:generic.knockback_resistance",
                  "name": "minecraft:generic.knockback_resistance",
                  "amount": 0.1,
                  "operation": "add_value",
                  "slot": "chest"
                },
                {
                  "id": "ocean_chestplate",
                  "attribute": "minecraft:generic.armor_toughness",
                  "name": "minecraft:generic.armor_toughness",
                  "amount": 3.5,
                  "operation": "add_value",
                  "slot": "chest"
                },
                {
                  "id": "ocean_chestplate",
                  "attribute": "minecraft:generic.armor",
                  "name": "minecraft:generic.armor",
                  "amount": 8,
                  "operation": "add_value",
                  "slot": "chest"
                }
              ]
            }
          ]
        },
        {
          "type": "item",
          "weight": 1,
          "name": "minecraft:leather_chestplate",
          "functions": [
            {
              "function": "set_count",
              "count": 1
            },
            {
              "function": "minecraft:set_components",
              "components": {
                "minecraft:repair_cost": 99999,
                "minecraft:unbreakable": {},
                "minecraft:custom_name": "{\"text\":\"Ocean Chestplate\",\"color\":\"gold\",\"bold\":false,\"italic\":false}",
                "minecraft:lore": [
                  "{\"text\":\" \"}",
                  "{\"text\":\"Ability:\",\"color\":\"green\",\"italic\":false}",
                  "{\"text\":\"When worn the user gains permanent\",\"color\":\"gray\",\"italic\":false}",
                  "{\"text\":\"Dolphin's Grace and Conduit Power II.\",\"color\":\"gray\",\"italic\":false}"
                ],
                "minecraft:dyed_color": {
                  "rgb": 957667,
                  "show_in_tooltip": false
                },
                "minecraft:custom_data": {
                  "armor": "ocean_chestplate",
                  "mt": "armor"
                }
              }
            },
            {
              "function": "minecraft:set_enchantments",
              "enchantments": {
                "minecraft:protection": {
                  "min": 3,
                  "max": 7
                },
                "minecraft:projectile_protection": {
                  "min": 3,
                  "max": 7
                },
                "minecraft:blast_protection": {
                  "min": 3,
                  "max": 7
                },
                "minecraft:fire_protection": {
                  "min": 3,
                  "max": 7
                },
                "minecraft:feather_falling": {
                  "min": {
                    "type": "minecraft:constant",
                    "value": 1
                  },
                  "max": {
                    "type": "minecraft:constant",
                    "value": 3
                  }
                }
              }
            },
            {
              "function": "minecraft:set_attributes",
              "modifiers": [
                {
                  "id": "ocean_chestplate",
                  "attribute": "minecraft:generic.knockback_resistance",
                  "name": "minecraft:generic.knockback_resistance",
                  "amount": 0.1,
                  "operation": "add_value",
                  "slot": "chest"
                },
                {
                  "id": "ocean_chestplate",
                  "attribute": "minecraft:generic.armor_toughness",
                  "name": "minecraft:generic.armor_toughness",
                  "amount": 4,
                  "operation": "add_value",
                  "slot": "chest"
                },
                {
                  "id": "ocean_chestplate",
                  "attribute": "minecraft:generic.armor",
                  "name": "minecraft:generic.armor",
                  "amount": 8.5,
                  "operation": "add_value",
                  "slot": "chest"
                }
              ]
            }
          ]
        },
        {
          "type": "item",
          "weight": 1,
          "name": "minecraft:leather_chestplate",
          "functions": [
            {
              "function": "set_count",
              "count": 1
            },
            {
              "function": "minecraft:set_components",
              "components": {
                "minecraft:repair_cost": 99999,
                "minecraft:unbreakable": {},
                "minecraft:custom_name": "{\"text\":\"Ocean Chestplate\",\"color\":\"gold\",\"bold\":false,\"italic\":false}",
                "minecraft:lore": [
                  "{\"text\":\" \"}",
                  "{\"text\":\"Ability:\",\"color\":\"green\",\"italic\":false}",
                  "{\"text\":\"When worn the user gains permanent\",\"color\":\"gray\",\"italic\":false}",
                  "{\"text\":\"Dolphin's Grace and Conduit Power II.\",\"color\":\"gray\",\"italic\":false}"
                ],
                "minecraft:dyed_color": {
                  "rgb": 957667,
                  "show_in_tooltip": false
                },
                "minecraft:custom_data": {
                  "armor": "ocean_chestplate",
                  "mt": "armor"
                }
              }
            },
            {
              "function": "minecraft:set_enchantments",
              "enchantments": {
                "minecraft:protection": {
                  "min": 3,
                  "max": 7
                },
                "minecraft:projectile_protection": {
                  "min": 3,
                  "max": 7
                },
                "minecraft:blast_protection": {
                  "min": 3,
                  "max": 7
                },
                "minecraft:fire_protection": {
                  "min": 3,
                  "max": 7
                },
                "minecraft:feather_falling": {
                  "min": {
                    "type": "minecraft:constant",
                    "value": 1
                  },
                  "max": {
                    "type": "minecraft:constant",
                    "value": 3
                  }
                }
              }
            },
            {
              "function": "minecraft:set_attributes",
              "modifiers": [
                {
                  "id": "ocean_chestplate",
                  "attribute": "minecraft:generic.knockback_resistance",
                  "name": "minecraft:generic.knockback_resistance",
                  "amount": 0.1,
                  "operation": "add_value",
                  "slot": "chest"
                },
                {
                  "id": "ocean_chestplate",
                  "attribute": "minecraft:generic.armor_toughness",
                  "name": "minecraft:generic.armor_toughness",
                  "amount": 4.5,
                  "operation": "add_value",
                  "slot": "chest"
                },
                {
                  "id": "ocean_chestplate",
                  "attribute": "minecraft:generic.armor",
                  "name": "minecraft:generic.armor",
                  "amount": 8.5,
                  "operation": "add_value",
                  "slot": "chest"
                }
              ]
            }
          ]
        },
        {
          "type": "item",
          "weight": 1,
          "name": "minecraft:leather_chestplate",
          "functions": [
            {
              "function": "set_count",
              "count": 1
            },
            {
              "function": "minecraft:set_components",
              "components": {
                "minecraft:repair_cost": 99999,
                "minecraft:unbreakable": {},
                "minecraft:custom_name": "{\"text\":\"Ocean Chestplate\",\"color\":\"gold\",\"bold\":false,\"italic\":false}",
                "minecraft:lore": [
                  "{\"text\":\" \"}",
                  "{\"text\":\"Ability:\",\"color\":\"green\",\"italic\":false}",
                  "{\"text\":\"When worn the user gains permanent\",\"color\":\"gray\",\"italic\":false}",
                  "{\"text\":\"Dolphin's Grace and Conduit Power II.\",\"color\":\"gray\",\"italic\":false}"
                ],
                "minecraft:dyed_color": {
                  "rgb": 957667,
                  "show_in_tooltip": false
                },
                "minecraft:custom_data": {
                  "armor": "ocean_chestplate",
                  "mt": "armor"
                }
              }
            },
            {
              "function": "minecraft:set_enchantments",
              "enchantments": {
                "minecraft:protection": {
                  "min": 3,
                  "max": 7
                },
                "minecraft:projectile_protection": {
                  "min": 3,
                  "max": 7
                },
                "minecraft:blast_protection": {
                  "min": 3,
                  "max": 7
                },
                "minecraft:fire_protection": {
                  "min": 3,
                  "max": 7
                },
                "minecraft:feather_falling": {
                  "min": {
                    "type": "minecraft:constant",
                    "value": 1
                  },
                  "max": {
                    "type": "minecraft:constant",
                    "value": 3
                  }
                }
              }
            },
            {
              "function": "minecraft:set_attributes",
              "modifiers": [
                {
                  "id": "ocean_chestplate",
                  "attribute": "minecraft:generic.knockback_resistance",
                  "name": "minecraft:generic.knockback_resistance",
                  "amount": 0.1,
                  "operation": "add_value",
                  "slot": "chest"
                },
                {
                  "id": "ocean_chestplate",
                  "attribute": "minecraft:generic.armor_toughness",
                  "name": "minecraft:generic.armor_toughness",
                  "amount": 5,
                  "operation": "add_value",
                  "slot": "chest"
                },
                {
                  "id": "ocean_chestplate",
                  "attribute": "minecraft:generic.armor",
                  "name": "minecraft:generic.armor",
                  "amount": 8.5,
                  "operation": "add_value",
                  "slot": "chest"
                }
              ]
            }
          ]
        },
        {
          "type": "item",
          "weight": 1,
          "name": "minecraft:leather_chestplate",
          "functions": [
            {
              "function": "set_count",
              "count": 1
            },
            {
              "function": "minecraft:set_components",
              "components": {
                "minecraft:repair_cost": 99999,
                "minecraft:unbreakable": {},
                "minecraft:custom_name": "{\"text\":\"Ocean Chestplate\",\"color\":\"gold\",\"bold\":false,\"italic\":false}",
                "minecraft:lore": [
                  "{\"text\":\" \"}",
                  "{\"text\":\"Ability:\",\"color\":\"green\",\"italic\":false}",
                  "{\"text\":\"When worn the user gains permanent\",\"color\":\"gray\",\"italic\":false}",
                  "{\"text\":\"Dolphin's Grace and Conduit Power II.\",\"color\":\"gray\",\"italic\":false}"
                ],
                "minecraft:dyed_color": {
                  "rgb": 957667,
                  "show_in_tooltip": false
                },
                "minecraft:custom_data": {
                  "armor": "ocean_chestplate",
                  "mt": "armor"
                }
              }
            },
            {
              "function": "minecraft:set_enchantments",
              "enchantments": {
                "minecraft:protection": {
                  "min": 3,
                  "max": 7
                },
                "minecraft:projectile_protection": {
                  "min": 3,
                  "max": 7
                },
                "minecraft:blast_protection": {
                  "min": 3,
                  "max": 7
                },
                "minecraft:fire_protection": {
                  "min": 3,
                  "max": 7
                },
                "minecraft:feather_falling": {
                  "min": {
                    "type": "minecraft:constant",
                    "value": 1
                  },
                  "max": {
                    "type": "minecraft:constant",
                    "value": 3
                  }
                }
              }
            },
            {
              "function": "minecraft:set_attributes",
              "modifiers": [
                {
                  "id": "ocean_chestplate",
                  "attribute": "minecraft:generic.knockback_resistance",
                  "name": "minecraft:generic.knockback_resistance",
                  "amount": 0.1,
                  "operation": "add_value",
                  "slot": "chest"
                },
                {
                  "id": "ocean_chestplate",
                  "attribute": "minecraft:generic.armor_toughness",
                  "name": "minecraft:generic.armor_toughness",
                  "amount": 3.5,
                  "operation": "add_value",
                  "slot": "chest"
                },
                {
                  "id": "ocean_chestplate",
                  "attribute": "minecraft:generic.armor",
                  "name": "minecraft:generic.armor",
                  "amount": 9,
                  "operation": "add_value",
                  "slot": "chest"
                }
              ]
            }
          ]
        },
        {
          "type": "item",
          "weight": 1,
          "name": "minecraft:leather_chestplate",
          "functions": [
            {
              "function": "set_count",
              "count": 1
            },
            {
              "function": "minecraft:set_components",
              "components": {
                "minecraft:repair_cost": 99999,
                "minecraft:unbreakable": {},
                "minecraft:custom_name": "{\"text\":\"Ocean Chestplate\",\"color\":\"gold\",\"bold\":false,\"italic\":false}",
                "minecraft:lore": [
                  "{\"text\":\" \"}",
                  "{\"text\":\"Ability:\",\"color\":\"green\",\"italic\":false}",
                  "{\"text\":\"When worn the user gains permanent\",\"color\":\"gray\",\"italic\":false}",
                  "{\"text\":\"Dolphin's Grace and Conduit Power II.\",\"color\":\"gray\",\"italic\":false}"
                ],
                "minecraft:dyed_color": {
                  "rgb": 957667,
                  "show_in_tooltip": false
                },
                "minecraft:custom_data": {
                  "armor": "ocean_chestplate",
                  "mt": "armor"
                }
              }
            },
            {
              "function": "minecraft:set_enchantments",
              "enchantments": {
                "minecraft:protection": {
                  "min": 3,
                  "max": 7
                },
                "minecraft:projectile_protection": {
                  "min": 3,
                  "max": 7
                },
                "minecraft:blast_protection": {
                  "min": 3,
                  "max": 7
                },
                "minecraft:fire_protection": {
                  "min": 3,
                  "max": 7
                },
                "minecraft:feather_falling": {
                  "min": {
                    "type": "minecraft:constant",
                    "value": 1
                  },
                  "max": {
                    "type": "minecraft:constant",
                    "value": 3
                  }
                }
              }
            },
            {
              "function": "minecraft:set_attributes",
              "modifiers": [
                {
                  "id": "ocean_chestplate",
                  "attribute": "minecraft:generic.knockback_resistance",
                  "name": "minecraft:generic.knockback_resistance",
                  "amount": 0.1,
                  "operation": "add_value",
                  "slot": "chest"
                },
                {
                  "id": "ocean_chestplate",
                  "attribute": "minecraft:generic.armor_toughness",
                  "name": "minecraft:generic.armor_toughness",
                  "amount": 4,
                  "operation": "add_value",
                  "slot": "chest"
                },
                {
                  "id": "ocean_chestplate",
                  "attribute": "minecraft:generic.armor",
                  "name": "minecraft:generic.armor",
                  "amount": 9,
                  "operation": "add_value",
                  "slot": "chest"
                }
              ]
            }
          ]
        },
        {
          "type": "item",
          "weight": 1,
          "name": "minecraft:leather_chestplate",
          "functions": [
            {
              "function": "set_count",
              "count": 1
            },
            {
              "function": "minecraft:set_components",
              "components": {
                "minecraft:repair_cost": 99999,
                "minecraft:unbreakable": {},
                "minecraft:custom_name": "{\"text\":\"Ocean Chestplate\",\"color\":\"gold\",\"bold\":false,\"italic\":false}",
                "minecraft:lore": [
                  "{\"text\":\" \"}",
                  "{\"text\":\"Ability:\",\"color\":\"green\",\"italic\":false}",
                  "{\"text\":\"When worn the user gains permanent\",\"color\":\"gray\",\"italic\":false}",
                  "{\"text\":\"Dolphin's Grace and Conduit Power II.\",\"color\":\"gray\",\"italic\":false}"
                ],
                "minecraft:dyed_color": {
                  "rgb": 957667,
                  "show_in_tooltip": false
                },
                "minecraft:custom_data": {
                  "armor": "ocean_chestplate",
                  "mt": "armor"
                }
              }
            },
            {
              "function": "minecraft:set_enchantments",
              "enchantments": {
                "minecraft:protection": {
                  "min": 3,
                  "max": 7
                },
                "minecraft:projectile_protection": {
                  "min": 3,
                  "max": 7
                },
                "minecraft:blast_protection": {
                  "min": 3,
                  "max": 7
                },
                "minecraft:fire_protection": {
                  "min": 3,
                  "max": 7
                },
                "minecraft:feather_falling": {
                  "min": {
                    "type": "minecraft:constant",
                    "value": 1
                  },
                  "max": {
                    "type": "minecraft:constant",
                    "value": 3
                  }
                }
              }
            },
            {
              "function": "minecraft:set_attributes",
              "modifiers": [
                {
                  "id": "ocean_chestplate",
                  "attribute": "minecraft:generic.knockback_resistance",
                  "name": "minecraft:generic.knockback_resistance",
                  "amount": 0.1,
                  "operation": "add_value",
                  "slot": "chest"
                },
                {
                  "id": "ocean_chestplate",
                  "attribute": "minecraft:generic.armor_toughness",
                  "name": "minecraft:generic.armor_toughness",
                  "amount": 4.5,
                  "operation": "add_value",
                  "slot": "chest"
                },
                {
                  "id": "ocean_chestplate",
                  "attribute": "minecraft:generic.armor",
                  "name": "minecraft:generic.armor",
                  "amount": 9,
                  "operation": "add_value",
                  "slot": "chest"
                }
              ]
            }
          ]
        },
        {
          "type": "item",
          "weight": 1,
          "name": "minecraft:leather_chestplate",
          "functions": [
            {
              "function": "set_count",
              "count": 1
            },
            {
              "function": "minecraft:set_components",
              "components": {
                "minecraft:repair_cost": 99999,
                "minecraft:unbreakable": {},
                "minecraft:custom_name": "{\"text\":\"Ocean Chestplate\",\"color\":\"gold\",\"bold\":false,\"italic\":false}",
                "minecraft:lore": [
                  "{\"text\":\" \"}",
                  "{\"text\":\"Ability:\",\"color\":\"green\",\"italic\":false}",
                  "{\"text\":\"When worn the user gains permanent\",\"color\":\"gray\",\"italic\":false}",
                  "{\"text\":\"Dolphin's Grace and Conduit Power II.\",\"color\":\"gray\",\"italic\":false}"
                ],
                "minecraft:dyed_color": {
                  "rgb": 957667,
                  "show_in_tooltip": false
                },
                "minecraft:custom_data": {
                  "armor": "ocean_chestplate",
                  "mt": "armor"
                }
              }
            },
            {
              "function": "minecraft:set_enchantments",
              "enchantments": {
                "minecraft:protection": {
                  "min": 3,
                  "max": 7
                },
                "minecraft:projectile_protection": {
                  "min": 3,
                  "max": 7
                },
                "minecraft:blast_protection": {
                  "min": 3,
                  "max": 7
                },
                "minecraft:fire_protection": {
                  "min": 3,
                  "max": 7
                },
                "minecraft:feather_falling": {
                  "min": {
                    "type": "minecraft:constant",
                    "value": 1
                  },
                  "max": {
                    "type": "minecraft:constant",
                    "value": 3
                  }
                }
              }
            },
            {
              "function": "minecraft:set_attributes",
              "modifiers": [
                {
                  "id": "ocean_chestplate",
                  "attribute": "minecraft:generic.knockback_resistance",
                  "name": "minecraft:generic.knockback_resistance",
                  "amount": 0.1,
                  "operation": "add_value",
                  "slot": "chest"
                },
                {
                  "id": "ocean_chestplate",
                  "attribute": "minecraft:generic.armor_toughness",
                  "name": "minecraft:generic.armor_toughness",
                  "amount": 5,
                  "operation": "add_value",
                  "slot": "chest"
                },
                {
                  "id": "ocean_chestplate",
                  "attribute": "minecraft:generic.armor",
                  "name": "minecraft:generic.armor",
                  "amount": 9,
                  "operation": "add_value",
                  "slot": "chest"
                }
              ]
            }
          ]
        },
        {
          "type": "item",
          "weight": 1,
          "name": "minecraft:leather_chestplate",
          "functions": [
            {
              "function": "set_count",
              "count": 1
            },
            {
              "function": "minecraft:set_components",
              "components": {
                "minecraft:repair_cost": 99999,
                "minecraft:unbreakable": {},
                "minecraft:custom_name": "{\"text\":\"Ocean Chestplate\",\"color\":\"gold\",\"bold\":false,\"italic\":false}",
                "minecraft:lore": [
                  "{\"text\":\" \"}",
                  "{\"text\":\"Ability:\",\"color\":\"green\",\"italic\":false}",
                  "{\"text\":\"When worn the user gains permanent\",\"color\":\"gray\",\"italic\":false}",
                  "{\"text\":\"Dolphin's Grace and Conduit Power II.\",\"color\":\"gray\",\"italic\":false}"
                ],
                "minecraft:dyed_color": {
                  "rgb": 957667,
                  "show_in_tooltip": false
                },
                "minecraft:custom_data": {
                  "armor": "ocean_chestplate",
                  "mt": "armor"
                }
              }
            },
            {
              "function": "minecraft:set_enchantments",
              "enchantments": {
                "minecraft:protection": {
                  "min": 3,
                  "max": 7
                },
                "minecraft:projectile_protection": {
                  "min": 3,
                  "max": 7
                },
                "minecraft:blast_protection": {
                  "min": 3,
                  "max": 7
                },
                "minecraft:fire_protection": {
                  "min": 3,
                  "max": 7
                },
                "minecraft:feather_falling": {
                  "min": {
                    "type": "minecraft:constant",
                    "value": 1
                  },
                  "max": {
                    "type": "minecraft:constant",
                    "value": 3
                  }
                }
              }
            },
            {
              "function": "minecraft:set_attributes",
              "modifiers": [
                {
                  "id": "ocean_chestplate",
                  "attribute": "minecraft:generic.knockback_resistance",
                  "name": "minecraft:generic.knockback_resistance",
                  "amount": 0.1,
                  "operation": "add_value",
                  "slot": "chest"
                },
                {
                  "id": "ocean_chestplate",
                  "attribute": "minecraft:generic.armor_toughness",
                  "name": "minecraft:generic.armor_toughness",
                  "amount": 3.5,
                  "operation": "add_value",
                  "slot": "chest"
                },
                {
                  "id": "ocean_chestplate",
                  "attribute": "minecraft:generic.armor",
                  "name": "minecraft:generic.armor",
                  "amount": 9.5,
                  "operation": "add_value",
                  "slot": "chest"
                }
              ]
            }
          ]
        },
        {
          "type": "item",
          "weight": 1,
          "name": "minecraft:leather_chestplate",
          "functions": [
            {
              "function": "set_count",
              "count": 1
            },
            {
              "function": "minecraft:set_components",
              "components": {
                "minecraft:repair_cost": 99999,
                "minecraft:unbreakable": {},
                "minecraft:custom_name": "{\"text\":\"Ocean Chestplate\",\"color\":\"gold\",\"bold\":false,\"italic\":false}",
                "minecraft:lore": [
                  "{\"text\":\" \"}",
                  "{\"text\":\"Ability:\",\"color\":\"green\",\"italic\":false}",
                  "{\"text\":\"When worn the user gains permanent\",\"color\":\"gray\",\"italic\":false}",
                  "{\"text\":\"Dolphin's Grace and Conduit Power II.\",\"color\":\"gray\",\"italic\":false}"
                ],
                "minecraft:dyed_color": {
                  "rgb": 957667,
                  "show_in_tooltip": false
                },
                "minecraft:custom_data": {
                  "armor": "ocean_chestplate",
                  "mt": "armor"
                }
              }
            },
            {
              "function": "minecraft:set_enchantments",
              "enchantments": {
                "minecraft:protection": {
                  "min": 3,
                  "max": 7
                },
                "minecraft:projectile_protection": {
                  "min": 3,
                  "max": 7
                },
                "minecraft:blast_protection": {
                  "min": 3,
                  "max": 7
                },
                "minecraft:fire_protection": {
                  "min": 3,
                  "max": 7
                },
                "minecraft:feather_falling": {
                  "min": {
                    "type": "minecraft:constant",
                    "value": 1
                  },
                  "max": {
                    "type": "minecraft:constant",
                    "value": 3
                  }
                }
              }
            },
            {
              "function": "minecraft:set_attributes",
              "modifiers": [
                {
                  "id": "ocean_chestplate",
                  "attribute": "minecraft:generic.knockback_resistance",
                  "name": "minecraft:generic.knockback_resistance",
                  "amount": 0.1,
                  "operation": "add_value",
                  "slot": "chest"
                },
                {
                  "id": "ocean_chestplate",
                  "attribute": "minecraft:generic.armor_toughness",
                  "name": "minecraft:generic.armor_toughness",
                  "amount": 4,
                  "operation": "add_value",
                  "slot": "chest"
                },
                {
                  "id": "ocean_chestplate",
                  "attribute": "minecraft:generic.armor",
                  "name": "minecraft:generic.armor",
                  "amount": 9.5,
                  "operation": "add_value",
                  "slot": "chest"
                }
              ]
            }
          ]
        },
        {
          "type": "item",
          "weight": 1,
          "name": "minecraft:leather_chestplate",
          "functions": [
            {
              "function": "set_count",
              "count": 1
            },
            {
              "function": "minecraft:set_components",
              "components": {
                "minecraft:repair_cost": 99999,
                "minecraft:unbreakable": {},
                "minecraft:custom_name": "{\"text\":\"Ocean Chestplate\",\"color\":\"gold\",\"bold\":false,\"italic\":false}",
                "minecraft:lore": [
                  "{\"text\":\" \"}",
                  "{\"text\":\"Ability:\",\"color\":\"green\",\"italic\":false}",
                  "{\"text\":\"When worn the user gains permanent\",\"color\":\"gray\",\"italic\":false}",
                  "{\"text\":\"Dolphin's Grace and Conduit Power II.\",\"color\":\"gray\",\"italic\":false}"
                ],
                "minecraft:dyed_color": {
                  "rgb": 957667,
                  "show_in_tooltip": false
                },
                "minecraft:custom_data": {
                  "armor": "ocean_chestplate",
                  "mt": "armor"
                }
              }
            },
            {
              "function": "minecraft:set_enchantments",
              "enchantments": {
                "minecraft:protection": {
                  "min": 3,
                  "max": 7
                },
                "minecraft:projectile_protection": {
                  "min": 3,
                  "max": 7
                },
                "minecraft:blast_protection": {
                  "min": 3,
                  "max": 7
                },
                "minecraft:fire_protection": {
                  "min": 3,
                  "max": 7
                },
                "minecraft:feather_falling": {
                  "min": {
                    "type": "minecraft:constant",
                    "value": 1
                  },
                  "max": {
                    "type": "minecraft:constant",
                    "value": 3
                  }
                }
              }
            },
            {
              "function": "minecraft:set_attributes",
              "modifiers": [
                {
                  "id": "ocean_chestplate",
                  "attribute": "minecraft:generic.knockback_resistance",
                  "name": "minecraft:generic.knockback_resistance",
                  "amount": 0.1,
                  "operation": "add_value",
                  "slot": "chest"
                },
                {
                  "id": "ocean_chestplate",
                  "attribute": "minecraft:generic.armor_toughness",
                  "name": "minecraft:generic.armor_toughness",
                  "amount": 5,
                  "operation": "add_value",
                  "slot": "chest"
                },
                {
                  "id": "ocean_chestplate",
                  "attribute": "minecraft:generic.armor",
                  "name": "minecraft:generic.armor",
                  "amount": 9.5,
                  "operation": "add_value",
                  "slot": "chest"
                }
              ]
            }
          ]
        },
        {
          "type": "item",
          "weight": 1,
          "name": "minecraft:leather_chestplate",
          "functions": [
            {
              "function": "set_count",
              "count": 1
            },
            {
              "function": "minecraft:set_components",
              "components": {
                "minecraft:repair_cost": 99999,
                "minecraft:unbreakable": {},
                "minecraft:custom_name": "{\"text\":\"Ocean Chestplate\",\"color\":\"gold\",\"bold\":false,\"italic\":false}",
                "minecraft:lore": [
                  "{\"text\":\" \"}",
                  "{\"text\":\"Ability:\",\"color\":\"green\",\"italic\":false}",
                  "{\"text\":\"When worn the user gains permanent\",\"color\":\"gray\",\"italic\":false}",
                  "{\"text\":\"Dolphin's Grace and Conduit Power II.\",\"color\":\"gray\",\"italic\":false}"
                ],
                "minecraft:dyed_color": {
                  "rgb": 957667,
                  "show_in_tooltip": false
                },
                "minecraft:custom_data": {
                  "armor": "ocean_chestplate",
                  "mt": "armor"
                }
              }
            },
            {
              "function": "minecraft:set_enchantments",
              "enchantments": {
                "minecraft:protection": {
                  "min": 3,
                  "max": 7
                },
                "minecraft:projectile_protection": {
                  "min": 3,
                  "max": 7
                },
                "minecraft:blast_protection": {
                  "min": 3,
                  "max": 7
                },
                "minecraft:fire_protection": {
                  "min": 3,
                  "max": 7
                },
                "minecraft:feather_falling": {
                  "min": {
                    "type": "minecraft:constant",
                    "value": 1
                  },
                  "max": {
                    "type": "minecraft:constant",
                    "value": 3
                  }
                }
              }
            },
            {
              "function": "minecraft:set_attributes",
              "modifiers": [
                {
                  "id": "ocean_chestplate",
                  "attribute": "minecraft:generic.knockback_resistance",
                  "name": "minecraft:generic.knockback_resistance",
                  "amount": 0.1,
                  "operation": "add_value",
                  "slot": "chest"
                },
                {
                  "id": "ocean_chestplate",
                  "attribute": "minecraft:generic.armor_toughness",
                  "name": "minecraft:generic.armor_toughness",
                  "amount": 3.5,
                  "operation": "add_value",
                  "slot": "chest"
                },
                {
                  "id": "ocean_chestplate",
                  "attribute": "minecraft:generic.armor",
                  "name": "minecraft:generic.armor",
                  "amount": 10,
                  "operation": "add_value",
                  "slot": "chest"
                }
              ]
            }
          ]
        },
        {
          "type": "item",
          "weight": 1,
          "name": "minecraft:leather_chestplate",
          "functions": [
            {
              "function": "set_count",
              "count": 1
            },
            {
              "function": "minecraft:set_components",
              "components": {
                "minecraft:repair_cost": 99999,
                "minecraft:unbreakable": {},
                "minecraft:custom_name": "{\"text\":\"Ocean Chestplate\",\"color\":\"gold\",\"bold\":false,\"italic\":false}",
                "minecraft:lore": [
                  "{\"text\":\" \"}",
                  "{\"text\":\"Ability:\",\"color\":\"green\",\"italic\":false}",
                  "{\"text\":\"When worn the user gains permanent\",\"color\":\"gray\",\"italic\":false}",
                  "{\"text\":\"Dolphin's Grace and Conduit Power II.\",\"color\":\"gray\",\"italic\":false}"
                ],
                "minecraft:dyed_color": {
                  "rgb": 957667,
                  "show_in_tooltip": false
                },
                "minecraft:custom_data": {
                  "armor": "ocean_chestplate",
                  "mt": "armor"
                }
              }
            },
            {
              "function": "minecraft:set_enchantments",
              "enchantments": {
                "minecraft:protection": {
                  "min": 3,
                  "max": 7
                },
                "minecraft:projectile_protection": {
                  "min": 3,
                  "max": 7
                },
                "minecraft:blast_protection": {
                  "min": 3,
                  "max": 7
                },
                "minecraft:fire_protection": {
                  "min": 3,
                  "max": 7
                },
                "minecraft:feather_falling": {
                  "min": {
                    "type": "minecraft:constant",
                    "value": 1
                  },
                  "max": {
                    "type": "minecraft:constant",
                    "value": 3
                  }
                }
              }
            },
            {
              "function": "minecraft:set_attributes",
              "modifiers": [
                {
                  "id": "ocean_chestplate",
                  "attribute": "minecraft:generic.knockback_resistance",
                  "name": "minecraft:generic.knockback_resistance",
                  "amount": 0.1,
                  "operation": "add_value",
                  "slot": "chest"
                },
                {
                  "id": "ocean_chestplate",
                  "attribute": "minecraft:generic.armor_toughness",
                  "name": "minecraft:generic.armor_toughness",
                  "amount": 4,
                  "operation": "add_value",
                  "slot": "chest"
                },
                {
                  "id": "ocean_chestplate",
                  "attribute": "minecraft:generic.armor",
                  "name": "minecraft:generic.armor",
                  "amount": 10,
                  "operation": "add_value",
                  "slot": "chest"
                }
              ]
            }
          ]
        },
        {
          "type": "item",
          "weight": 1,
          "name": "minecraft:leather_chestplate",
          "functions": [
            {
              "function": "set_count",
              "count": 1
            },
            {
              "function": "minecraft:set_components",
              "components": {
                "minecraft:repair_cost": 99999,
                "minecraft:unbreakable": {},
                "minecraft:custom_name": "{\"text\":\"Ocean Chestplate\",\"color\":\"gold\",\"bold\":false,\"italic\":false}",
                "minecraft:lore": [
                  "{\"text\":\" \"}",
                  "{\"text\":\"Ability:\",\"color\":\"green\",\"italic\":false}",
                  "{\"text\":\"When worn the user gains permanent\",\"color\":\"gray\",\"italic\":false}",
                  "{\"text\":\"Dolphin's Grace and Conduit Power II.\",\"color\":\"gray\",\"italic\":false}"
                ],
                "minecraft:dyed_color": {
                  "rgb": 957667,
                  "show_in_tooltip": false
                },
                "minecraft:custom_data": {
                  "armor": "ocean_chestplate",
                  "mt": "armor"
                }
              }
            },
            {
              "function": "minecraft:set_enchantments",
              "enchantments": {
                "minecraft:protection": {
                  "min": 3,
                  "max": 7
                },
                "minecraft:projectile_protection": {
                  "min": 3,
                  "max": 7
                },
                "minecraft:blast_protection": {
                  "min": 3,
                  "max": 7
                },
                "minecraft:fire_protection": {
                  "min": 3,
                  "max": 7
                },
                "minecraft:feather_falling": {
                  "min": {
                    "type": "minecraft:constant",
                    "value": 1
                  },
                  "max": {
                    "type": "minecraft:constant",
                    "value": 3
                  }
                }
              }
            },
            {
              "function": "minecraft:set_attributes",
              "modifiers": [
                {
                  "id": "ocean_chestplate",
                  "attribute": "minecraft:generic.knockback_resistance",
                  "name": "minecraft:generic.knockback_resistance",
                  "amount": 0.1,
                  "operation": "add_value",
                  "slot": "chest"
                },
                {
                  "id": "ocean_chestplate",
                  "attribute": "minecraft:generic.armor_toughness",
                  "name": "minecraft:generic.armor_toughness",
                  "amount": 3.5,
                  "operation": "add_value",
                  "slot": "chest"
                },
                {
                  "id": "ocean_chestplate",
                  "attribute": "minecraft:generic.armor",
                  "name": "minecraft:generic.armor",
                  "amount": 10,
                  "operation": "add_value",
                  "slot": "chest"
                }
              ]
            }
          ]
        },
        {
          "type": "item",
          "weight": 1,
          "name": "minecraft:leather_chestplate",
          "functions": [
            {
              "function": "set_count",
              "count": 1
            },
            {
              "function": "minecraft:set_components",
              "components": {
                "minecraft:repair_cost": 99999,
                "minecraft:unbreakable": {},
                "minecraft:custom_name": "{\"text\":\"Ocean Chestplate\",\"color\":\"gold\",\"bold\":false,\"italic\":false}",
                "minecraft:lore": [
                  "{\"text\":\" \"}",
                  "{\"text\":\"Ability:\",\"color\":\"green\",\"italic\":false}",
                  "{\"text\":\"When worn the user gains permanent\",\"color\":\"gray\",\"italic\":false}",
                  "{\"text\":\"Dolphin's Grace and Conduit Power II.\",\"color\":\"gray\",\"italic\":false}"
                ],
                "minecraft:dyed_color": {
                  "rgb": 957667,
                  "show_in_tooltip": false
                },
                "minecraft:custom_data": {
                  "armor": "ocean_chestplate",
                  "mt": "armor"
                }
              }
            },
            {
              "function": "minecraft:set_enchantments",
              "enchantments": {
                "minecraft:protection": {
                  "min": 3,
                  "max": 7
                },
                "minecraft:projectile_protection": {
                  "min": 3,
                  "max": 7
                },
                "minecraft:blast_protection": {
                  "min": 3,
                  "max": 7
                },
                "minecraft:fire_protection": {
                  "min": 3,
                  "max": 7
                },
                "minecraft:feather_falling": {
                  "min": {
                    "type": "minecraft:constant",
                    "value": 1
                  },
                  "max": {
                    "type": "minecraft:constant",
                    "value": 3
                  }
                }
              }
            },
            {
              "function": "minecraft:set_attributes",
              "modifiers": [
                {
                  "id": "ocean_chestplate",
                  "attribute": "minecraft:generic.knockback_resistance",
                  "name": "minecraft:generic.knockback_resistance",
                  "amount": 0.1,
                  "operation": "add_value",
                  "slot": "chest"
                },
                {
                  "id": "ocean_chestplate",
                  "attribute": "minecraft:generic.armor_toughness",
                  "name": "minecraft:generic.armor_toughness",
                  "amount": 4.5,
                  "operation": "add_value",
                  "slot": "chest"
                },
                {
                  "id": "ocean_chestplate",
                  "attribute": "minecraft:generic.armor",
                  "name": "minecraft:generic.armor",
                  "amount": 10,
                  "operation": "add_value",
                  "slot": "chest"
                }
              ]
            }
          ]
        }
      ]
    }
  ]
}
