{
    "pools": [
      {
        "rolls": 5,
        "bonus_rolls": 5,
        "entries": [
          {
            "type": "minecraft:item",
            "weight": 4,
            "name": "minecraft:brown_mushroom",
            "functions": [
              {
                "function": "minecraft:set_count",
                "count": {
                  "min": 4,
                  "max": 8
                }
              }
            ]
          },
          {
            "type": "minecraft:item",
            "weight": 4,
            "name": "minecraft:red_mushroom",
            "functions": [
              {
                "function": "minecraft:set_count",
                "count": {
                  "min": 2,
                  "max": 5
                }
              }
            ]
          },
          {
            "type": "minecraft:item",
            "weight": 4,
            "name": "minecraft:emerald",
            "functions": [
              {
                "function": "minecraft:set_count",
                "count": {
                  "min": 4,
                  "max": 8
                }
              }
            ]
          },
          {
            "type": "minecraft:item",
            "weight": 2,
            "name": "minecraft:diamond",
            "functions": [
              {
                "function": "minecraft:set_count",
                "count": {
                  "min": 1,
                  "max": 2
                }
              }
            ]
          },
          {
            "type": "minecraft:item",
            "weight": 3,
            "name": "minecraft:mud",
            "functions": [
              {
                "function": "minecraft:set_count",
                "count": {
                  "min": 1,
                  "max": 5
                }
              }
            ]
          },
          {
            "type": "minecraft:item",
            "weight": 4,
            "name": "minecraft:mangrove_propagule",
            "functions": [
              {
                "function": "minecraft:set_count",
                "count": {
                  "min": 1,
                  "max": 2
                }
              }
            ]
          },
          {
            "type": "minecraft:item",
            "weight": 2,
            "name": "minecraft:mangrove_planks",
            "functions": [
              {
                "function": "minecraft:set_count",
                "count": {
                  "min": 10,
                  "max": 15
                }
              }
            ]
          },
          {
            "type": "minecraft:item",
            "weight": 4,
            "name": "minecraft:potion",
            "functions": [
              {
                "function": "minecraft:set_count",
                "count": 1
              },
              {
                "function": "minecraft:set_potion",
                "id": "minecraft:invisibility"
              }
            ]
          },
          {
            "type": "minecraft:item",
            "weight": 2,
            "name": "minecraft:suspicious_stew",
            "functions": [
              {
                "function": "minecraft:set_stew_effect",
                "effects": [
                  {
                    "type": "minecraft:darkness",
                    "duration": {
                      "min": 10,
                      "max": 100
                    }
                  },
                  {
                    "type": "minecraft:fire_resistance",
                    "duration": {
                      "min": 10,
                      "max": 100
                    }
                  },
                  {
                    "type": "minecraft:luck",
                    "duration": {
                      "min": 10,
                      "max": 100
                    }
                  }
                ]
              }
            ]
          }
        ]
      },
      {
        "rolls": {
          "min": 1,
          "max": 1
        },
        "entries": [
          {
            "type": "minecraft:loot_table",
            "value": "kattersstructures:automaticons/any_tier",
            "conditions": [
              {
                "condition": "minecraft:random_chance",
                "chance": 0.4
              },
              {
                "condition": "minecraft:entity_properties",
                "entity": "this",
                "predicate": {
                  "nbt": "{Tags:[\"automaticons\"]}"
                }
              }
            ]
          }
        ]
      }
    ]
  }
  