{
	"credit": "Made by CiscuLog with Blockbench",
	"texture_size": [64, 32],
	"textures": {
		"0": "block/enchanting_table_top",
		"1": "block/enchanting_table_bottom",
		"2": "block/enchanting_table_side",
		"3": "entity/enchanting_table_book",
		"particle": "#enchanting_table_top"
	},
	"elements": [
		{
			"from": [0, 0, 0],
			"to": [16, 12, 16],
			"faces": {
				"north": {"uv": [0, 4, 16, 16], "texture": "#2"},
				"east": {"uv": [0, 4, 16, 16], "texture": "#2"},
				"south": {"uv": [0, 4, 16, 16], "texture": "#2"},
				"west": {"uv": [0, 4, 16, 16], "texture": "#2"},
				"up": {"uv": [0, 0, 16, 16], "texture": "#0"},
				"down": {"uv": [0, 0, 16, 16], "texture": "#1"}
			}
		},
		{
			"from": [5.025, 14.25, 3],
			"to": [11.025, 14.25, 13],
			"rotation": {"angle": 0, "axis": "x", "origin": [8.8125, 13.25, 8]},
			"faces": {
				"up": {"uv": [5.5, 0, 7, 5], "rotation": 180, "texture": "#3"},
				"down": {"uv": [5.5, 0, 4, 5], "rotation": 180, "texture": "#3"}
			}
		},
		{
			"from": [5.025, 12.25, 3],
			"to": [11.025, 12.25, 13],
			"rotation": {"angle": 0, "axis": "y", "origin": [8.8125, 13.25, 8]},
			"faces": {
				"up": {"uv": [0, 0, 1.5, 5], "rotation": 180, "texture": "#3"},
				"down": {"uv": [3, 0, 1.5, 5], "rotation": 180, "texture": "#3"}
			}
		},
		{
			"from": [5.025, 12.25, 3],
			"to": [5.025, 14.25, 13],
			"rotation": {"angle": 0, "axis": "y", "origin": [8.8125, 13.25, 8]},
			"faces": {
				"east": {"uv": [3.5, 0, 4, 5], "texture": "#3"},
				"west": {"uv": [3, 0, 3.5, 5], "rotation": 90, "texture": "#3"}
			}
		},
		{
			"from": [5.275, 12.25, 4],
			"to": [10.275, 14.25, 12],
			"rotation": {"angle": 0, "axis": "y", "origin": [8.8125, 13.25, 8]},
			"faces": {
				"north": {"uv": [0.25, 5, 1.5, 5.5], "texture": "#3"},
				"east": {"uv": [0, 5.5, 0.25, 9.5], "rotation": 90, "texture": "#3"},
				"south": {"uv": [1.5, 5, 2.75, 5.5], "texture": "#3"}
			}
		}
	],
	"display": {
		"thirdperson_righthand": {
			"rotation": [75, -45, 0],
			"translation": [0, 2.5, 0],
			"scale": [0.375, 0.375, 0.375]
		},
		"thirdperson_lefthand": {
			"rotation": [75, -45, 0],
			"translation": [0, 2.5, 0],
			"scale": [0.375, 0.375, 0.375]
		},
		"firstperson_righthand": {
			"rotation": [0, -45, 0],
			"scale": [0.4, 0.4, 0.4]
		},
		"firstperson_lefthand": {
			"rotation": [0, -45, 0],
			"scale": [0.4, 0.4, 0.4]
		},
		"ground": {
			"translation": [0, 3, 0],
			"scale": [0.25, 0.25, 0.25]
		},
		"gui": {
			"rotation": [30, -45, 0],
			"scale": [0.625, 0.625, 0.625]
		},
		"fixed": {
			"rotation": [0, -180, 0],
			"scale": [0.5, 0.5, 0.5]
		}
	}
}