{
    "parent": "item/handheld",
    "textures": {
        "layer0": "item/stick"
    },
	"overrides": [
	{"predicate": {"custom_model_data": 540000}, "model": "siscu_se:item/battle_staffs"},
	{"predicate": {"custom_model_data": 548101}, "model": "siscu_se:item/battle_staff"},
	{"predicate": {"custom_model_data": 548102}, "model": "siscu_se:item/battle_staff_bamboo"},
	{"predicate": {"custom_model_data": 548103}, "model": "siscu_se:item/unrolled_curtain"},
	{"predicate": {"custom_model_data": 548104}, "model": "siscu_se:item/rolled_curtain"}
	]
}
