{
  "parent": "minecraft:item/template_spawn_egg",
	"overrides": [
	{"predicate": {"custom_model_data": 540001}, "model": "siscu_se:item/lush_zombie"},
	{"predicate": {"custom_model_data": 540002}, "model": "siscu_se:item/amethyst_zombie"},
	{"predicate": {"custom_model_data": 540003}, "model": "siscu_se:item/dripstone_zombie"},
	{"predicate": {"custom_model_data": 540004}, "model": "siscu_se:item/infected_zombie"},
	{"predicate": {"custom_model_data": 540005}, "model": "siscu_se:item/stray_zombie"}
	]
}