{  "parent": "wep:warfare_expanded/w_i_a_b",
    "display": {
        "icon": {
            "item": "minecraft:bow"
            
        },
        "title": "Extreme Bowyer",
        "description": "Assemble a W.E Ranged Weapon",
        "announce_to_chat": false,
        "hidden": false,
        "show_toast": true,
        "frame": "goal"
     
    },
    "criteria": {
        "wep":{
            "trigger": "inventory_changed",
            "conditions": {
                "items": [{
                    "nbt": "{CustomModelData:99997}"
                }]
            }
            
           
        }
        
    }

}