{  "parent": "wep:warfare_expanded/ranged/bowyer",
    "display": {
        "icon": {
            "item": "minecraft:bow",
            "nbt": "{CustomModelData:99997}"
            
        },
        "title": "Meet The Sniper",
        "description": "Assemble a LongBow",
        "announce_to_chat": true,
        "hidden": false,
        "show_toast": true,
        "frame": "task"
     
    },
    "criteria": {
        "wep":{
            "trigger": "inventory_changed",
            "conditions": {
                "items": [{
                    "nbt": "{CustomModelData:99997}"
                }]
            }
            
           
        }
        
    }
   

}