[
{
    "function": "set_name",
    "name": {"text": "Netherite Battle Axe","italic": false}
    
},
{
    "function": "set_nbt",
    "tag": "{Smithed:1b}"
},
{
    "function":"set_lore",
    "lore": [{"text":"Warfare Expanded","color":"blue","italic":false},{"text":"When in Main Hand:","color":"gray","italic":false},{"text":" 11 Attack Damage","color":"dark_green","italic":false},{"text":" 1 Attack Speed","color":"dark_green","italic":false},{"text":"Crusher III","color":"gold","italic":false},{"text":"Demolishes shields durability","color":"gray","italic":false}],
    "replace": true
    
}
]