[
    {
        "function":"set_lore",
        "lore": [{"text":"Warfare Expanded","color":"blue","italic":false},{"text":"When in Main Hand:","color":"gray","italic":false},{"text":" 10 Attack Damage","color":"dark_green","italic":false},{"text":" 1.2 Attack Speed","color":"dark_green","italic":false},{"text":" +1.5 Knockback resistance","color":"dark_green","italic":false},{"text":"Steady II","color":"aqua","italic":false},{"text":"Grants more steadiness","color":"gray","italic":false},{"text":"Two Handed II","color":"yellow","italic":false},{"text":"Drastically reduces attack speed","color":"gray","italic":false},{"text":"When holding a shield","color":"gray","italic":false},{"text":"Impetuous II","color":"light_purple","italic":false},{"text":"Neglects part of the armor","color":"gray","italic":false},{"text":"of any Heavy Plated Armor","color":"gray","italic":false},{"text":"Impulsive","color":"green","italic":false},{"text":"Disables shields just like axes","color":"gray","italic":false}],
        "replace": true
        
    },
    {
        "function": "set_nbt",
        "tag": "{Smithed:1b}"
    },
    {
        "function": "set_name",
        "name": {"text": "Netherite Claymore","italic": false}
        
    }
]