[
    {
        "function":"set_lore",
        "lore": [{"text":"Warfare Expanded","color":"blue","italic":false},{"text":"When in Main Hand:","color":"gray","italic":false},{"text":" 9 Attack Damage","color":"dark_green","italic":false},{"text":" 1.4 Attack Speed","color":"dark_green","italic":false},{"text":" +2 Armor Toughness","color":"dark_green","italic":false},{"text":"Tough I","color":"dark_gray","italic":false},{"text":"Grants more toughness","color":"gray","italic":false},{"text":"Protective I","color":"dark_gray","italic":false},{"text":"Grants minor armor toughness","color":"gray","italic":false},{"text":"Edged III","color":"blue","italic":false},{"text":"Greatly damages the durability","color":"gray","italic":false},{"text":"of polearm classified-weapons","color":"gray","italic":false}],
        "replace": true
        
    },
    {
        "function": "set_nbt",
        "tag": "{Smithed:1b}"
    },
    {
        "function": "set_name",
        "name": {"text": "Netherite Cutlass","italic": false}
        
    }
]