[
    {
        "function":"set_lore",
        "lore": [{"text":"Warfare Expanded","color":"blue","italic":false},{"text":"When in Main Hand:","color":"gray","italic":false},{"text":" 6 Attack Damage","color":"dark_green","italic":false},{"text":" 2.5 Attack Speed","color":"dark_green","italic":false},{"text":"Agile I","color":"blue","italic":false},{"text":"Allows more speedy movement","color":"gray","italic":false}],
        "replace": true
           
        
    },
    {
        "function": "set_nbt",
        "tag": "{Smithed:1b}"
    },
    {
        "function": "set_name",
        "name": {"text": "Netherite Dagger","italic": false}
        
    }
]