[
    {
        "function": "set_name",
        "name": {"text": "Netherite Halberd","italic": false}
        
    },
    {
        "function": "set_nbt",
        "tag": "{Smithed:1b}"
    },
    {
        "function":"set_lore",
        "lore":[{"text":"Warfare Expanded","color":"blue","italic":false},{"text":"When in Main Hand:","color":"gray","italic":false},{"text":" 11 Attack Damage","color":"dark_green","italic":false},{"text":" 0.7 Attack Speed","color":"dark_green","italic":false},{"text":"Hooking","color":"dark_purple","italic":false},{"text":"Landing a critical hit","color":"gray","italic":false},{"text":"Dismounts the target","color":"gray","italic":false},{"text":"Denting II","color":"light_purple","italic":false},{"text":"Breaks victim's armor quicker","color":"gray","italic":false},{"text":"Crusher III","color":"gold","italic":false},{"text":"Demolishes shields durability","color":"gray","italic":false},{"text":"Two Handed II","color":"yellow","italic":false},{"text":"Drastically reduces attack speed","color":"gray","italic":false},{"text":"When holding a shield","color":"gray","italic":false}],
        "replace": true
        
    }
    ]