[
    {
        "function":"set_lore",
        "lore": [{"text":"Warfare Expanded","color":"blue","italic":false},{"text":"When in Main Hand:","color":"gray","italic":false},{"text":" 8 Attack Damage","color":"dark_green","italic":false},{"text":" 1.4 Attack Speed","color":"dark_green","italic":false},{"text":" 30% Critical Hit Damage","color":"dark_green","italic":false},{"text":"Lethal II","color":"dark_aqua","italic":false},{"text":"Grants more critical hit damage","color":"gray","italic":false},{"text":"Two Handed I","color":"yellow","italic":false},{"text":"Drastically reduces attack speed","color":"gray","italic":false},{"text":"When holding a shield","color":"gray","italic":false}],
        "replace": true
        
    },
    {
        "function": "set_nbt",
        "tag": "{Smithed:1b}"
    }
    ,
    {
        "function": "set_name",
        "name": {"text": "Netherite Katana","italic": false}
        
    }
]