[
    {
        "function":"set_lore",
        "lore": [{"text":"Warfare Expanded","color":"blue","italic":false},{"text":"When in Main Hand:","color":"gray","italic":false},{"text":" 8 Attack Damage","color":"dark_green","italic":false},{"text":" 2 Attack Speed","color":"dark_green","italic":false},{"text":" -20% Critical Hit Damage","color":"dark_green","italic":false},{"text":"Narrow II","color":"white","italic":false},{"text":"Reduces Critical hit damage","color":"gray","italic":false}],
        "replace": true
        
    },
    {
        "function": "set_nbt",
        "tag": "{Smithed:1b}"
    },
    {
        "function": "set_name",
        "name": {"text": "Netherite Rapier","italic": false}
        
    }
]