[
    {
        "function":"set_lore",
        "lore": [[{"text":"Warfare Expanded","color":"blue","italic":false},{"text":"When in Main Hand:","color":"gray","italic":false},{"text":" 7 Attack Damage","color":"dark_green","italic":false},{"text":" 2 Attack Speed","color":"dark_green","italic":false},{"text":"Hooking","color":"dark_purple","italic":false},{"text":"Landing a critical hit","color":"gray","italic":false},{"text":"Dismounts the target","color":"gray","italic":false}]],
        "replace": true
        
    },
    {
        "function": "set_nbt",
        "tag": "{Smithed:1b}"
    },
    {
        "function": "set_name",
        "name": {"text": "Netherite Scythe","italic": false}
        
    }
]