{
  "pools": [
    {
      "rolls": 1,
      "entries": [
        {
          "type": "minecraft:item",
          "name": "minecraft:leather_helmet",
          "functions": [
            {
              "function": "minecraft:set_components",
              "components": {
                "minecraft:repair_cost": 99999,
                "minecraft:unbreakable": {},
                "minecraft:custom_name": "{\"text\":\"Dripstone Helmet\",\"color\":\"gold\",\"italic\":false}",
                "minecraft:lore": [
                  "{\"text\":\" \"}",
                  "{\"text\":\"Ability:\",\"color\":\"green\",\"italic\":false}",
                  "{\"text\":\"Mining dripstone blocks increases \",\"color\":\"gray\",\"italic\":false}",
                  "{\"text\":\"hit speed by 1% for every 1000\",\"color\":\"gray\",\"italic\":false}",
                  "{\"text\":\"blocks mined. Caps at 25000.\",\"color\":\"gray\",\"italic\":false}"
                ],
                "minecraft:dyed_color": {
                  "rgb": 8016693,
                  "show_in_tooltip": false
                },
                "minecraft:custom_data": {
                  "armor": "dripstone_helmet",
                  "mt": "armor"
                }
              }
            },
            {
              "function": "minecraft:set_enchantments",
              "enchantments": {
                "minecraft:protection": {
                  "min": 2,
                  "max": 6
                },
                "minecraft:projectile_protection": {
                  "min": 1,
                  "max": 10
                },
                "minecraft:aqua_affinity": {
                  "min": 1,
                  "max": 1
                },
                "minecraft:respiration": {
                  "min": 1,
                  "max": 10
                }
              }
            },
            {
              "function": "minecraft:set_attributes",
              "modifiers": [
                {
                  "id": "dripstone_helmet",
                  "attribute": "minecraft:generic.armor",
                  "name": "minecraft:generic.armor",
                  "amount": 2.5,
                  "operation": "add_value",
                  "slot": "head"
                },
                {
                  "id": "dripstone_helmet",
                  "attribute": "minecraft:generic.armor_toughness",
                  "name": "minecraft:generic.armor_toughness",
                  "amount": 2.5,
                  "operation": "add_value",
                  "slot": "head"
                }
              ]
            }
          ]
        },
        {
          "type": "minecraft:item",
          "name": "minecraft:leather_helmet",
          "functions": [
            {
              "function": "minecraft:set_components",
              "components": {
                "minecraft:repair_cost": 99999,
                "minecraft:unbreakable": {},
                "minecraft:custom_name": "{\"text\":\"Dripstone Helmet\",\"color\":\"gold\",\"italic\":false}",
                "minecraft:lore": [
                  "{\"text\":\" \"}",
                  "{\"text\":\"Ability:\",\"color\":\"green\",\"italic\":false}",
                  "{\"text\":\"Mining dripstone blocks increases \",\"color\":\"gray\",\"italic\":false}",
                  "{\"text\":\"hit speed by 1% for every 1000\",\"color\":\"gray\",\"italic\":false}",
                  "{\"text\":\"blocks mined. Caps at 25000.\",\"color\":\"gray\",\"italic\":false}"
                ],
                "minecraft:dyed_color": {
                  "rgb": 8016693,
                  "show_in_tooltip": false
                },
                "minecraft:custom_data": {
                  "armor": "dripstone_helmet",
                  "mt": "armor"
                }
              }
            },
            {
              "function": "minecraft:set_enchantments",
              "enchantments": {
                "minecraft:protection": {
                  "min": 2,
                  "max": 6
                },
                "minecraft:projectile_protection": {
                  "min": 1,
                  "max": 10
                },
                "minecraft:aqua_affinity": {
                  "min": 1,
                  "max": 1
                },
                "minecraft:respiration": {
                  "min": 1,
                  "max": 10
                }
              }
            },
            {
              "function": "minecraft:set_attributes",
              "modifiers": [
                {
                  "id": "dripstone_helmet",
                  "attribute": "minecraft:generic.armor",
                  "name": "minecraft:generic.armor",
                  "amount": 3,
                  "operation": "add_value",
                  "slot": "head"
                },
                {
                  "id": "dripstone_helmet",
                  "attribute": "minecraft:generic.armor_toughness",
                  "name": "minecraft:generic.armor_toughness",
                  "amount": 3,
                  "operation": "add_value",
                  "slot": "head"
                }
              ]
            }
          ]
        },
        {
          "type": "minecraft:item",
          "name": "minecraft:leather_helmet",
          "functions": [
            {
              "function": "minecraft:set_components",
              "components": {
                "minecraft:repair_cost": 99999,
                "minecraft:unbreakable": {},
                "minecraft:custom_name": "{\"text\":\"Dripstone Helmet\",\"color\":\"gold\",\"italic\":false}",
                "minecraft:lore": [
                  "{\"text\":\" \"}",
                  "{\"text\":\"Ability:\",\"color\":\"green\",\"italic\":false}",
                  "{\"text\":\"Mining dripstone blocks increases \",\"color\":\"gray\",\"italic\":false}",
                  "{\"text\":\"hit speed by 1% for every 1000\",\"color\":\"gray\",\"italic\":false}",
                  "{\"text\":\"blocks mined. Caps at 25000.\",\"color\":\"gray\",\"italic\":false}"
                ],
                "minecraft:dyed_color": {
                  "rgb": 8016693,
                  "show_in_tooltip": false
                },
                "minecraft:custom_data": {
                  "armor": "dripstone_helmet",
                  "mt": "armor"
                }
              }
            },
            {
              "function": "minecraft:set_enchantments",
              "enchantments": {
                "minecraft:protection": {
                  "min": 2,
                  "max": 6
                },
                "minecraft:projectile_protection": {
                  "min": 1,
                  "max": 10
                },
                "minecraft:aqua_affinity": {
                  "min": 1,
                  "max": 1
                },
                "minecraft:respiration": {
                  "min": 1,
                  "max": 10
                }
              }
            },
            {
              "function": "minecraft:set_attributes",
              "modifiers": [
                {
                  "id": "dripstone_helmet",
                  "attribute": "minecraft:generic.armor",
                  "name": "minecraft:generic.armor",
                  "amount": 3.5,
                  "operation": "add_value",
                  "slot": "head"
                },
                {
                  "id": "dripstone_helmet",
                  "attribute": "minecraft:generic.armor_toughness",
                  "name": "minecraft:generic.armor_toughness",
                  "amount": 3.5,
                  "operation": "add_value",
                  "slot": "head"
                }
              ]
            }
          ]
        },
        {
          "type": "minecraft:item",
          "name": "minecraft:leather_helmet",
          "functions": [
            {
              "function": "minecraft:set_components",
              "components": {
                "minecraft:repair_cost": 99999,
                "minecraft:unbreakable": {},
                "minecraft:custom_name": "{\"text\":\"Dripstone Helmet\",\"color\":\"gold\",\"italic\":false}",
                "minecraft:lore": [
                  "{\"text\":\" \"}",
                  "{\"text\":\"Ability:\",\"color\":\"green\",\"italic\":false}",
                  "{\"text\":\"Mining dripstone blocks increases \",\"color\":\"gray\",\"italic\":false}",
                  "{\"text\":\"hit speed by 1% for every 1000\",\"color\":\"gray\",\"italic\":false}",
                  "{\"text\":\"blocks mined. Caps at 25000.\",\"color\":\"gray\",\"italic\":false}"
                ],
                "minecraft:dyed_color": {
                  "rgb": 8016693,
                  "show_in_tooltip": false
                },
                "minecraft:custom_data": {
                  "armor": "dripstone_helmet",
                  "mt": "armor"
                }
              }
            },
            {
              "function": "minecraft:set_enchantments",
              "enchantments": {
                "minecraft:protection": {
                  "min": 2,
                  "max": 6
                },
                "minecraft:projectile_protection": {
                  "min": 1,
                  "max": 10
                },
                "minecraft:aqua_affinity": {
                  "min": 1,
                  "max": 1
                },
                "minecraft:respiration": {
                  "min": 1,
                  "max": 10
                }
              }
            },
            {
              "function": "minecraft:set_attributes",
              "modifiers": [
                {
                  "id": "dripstone_helmet",
                  "attribute": "minecraft:generic.armor",
                  "name": "minecraft:generic.armor",
                  "amount": 4,
                  "operation": "add_value",
                  "slot": "head"
                },
                {
                  "id": "dripstone_helmet",
                  "attribute": "minecraft:generic.armor_toughness",
                  "name": "minecraft:generic.armor_toughness",
                  "amount": 4,
                  "operation": "add_value",
                  "slot": "head"
                }
              ]
            }
          ]
        },
        {
          "type": "minecraft:item",
          "name": "minecraft:leather_helmet",
          "functions": [
            {
              "function": "minecraft:set_components",
              "components": {
                "minecraft:repair_cost": 99999,
                "minecraft:unbreakable": {},
                "minecraft:custom_name": "{\"text\":\"Dripstone Helmet\",\"color\":\"gold\",\"italic\":false}",
                "minecraft:lore": [
                  "{\"text\":\" \"}",
                  "{\"text\":\"Ability:\",\"color\":\"green\",\"italic\":false}",
                  "{\"text\":\"Mining dripstone blocks increases \",\"color\":\"gray\",\"italic\":false}",
                  "{\"text\":\"hit speed by 1% for every 1000\",\"color\":\"gray\",\"italic\":false}",
                  "{\"text\":\"blocks mined. Caps at 25000.\",\"color\":\"gray\",\"italic\":false}"
                ],
                "minecraft:dyed_color": {
                  "rgb": 8016693,
                  "show_in_tooltip": false
                },
                "minecraft:custom_data": {
                  "armor": "dripstone_helmet",
                  "mt": "armor"
                }
              }
            },
            {
              "function": "minecraft:set_enchantments",
              "enchantments": {
                "minecraft:protection": {
                  "min": 2,
                  "max": 6
                },
                "minecraft:projectile_protection": {
                  "min": 1,
                  "max": 10
                },
                "minecraft:aqua_affinity": {
                  "min": 1,
                  "max": 1
                },
                "minecraft:respiration": {
                  "min": 1,
                  "max": 10
                }
              }
            },
            {
              "function": "minecraft:set_attributes",
              "modifiers": [
                {
                  "id": "dripstone_helmet",
                  "attribute": "minecraft:generic.armor",
                  "name": "minecraft:generic.armor",
                  "amount": 4,
                  "operation": "add_value",
                  "slot": "head"
                },
                {
                  "id": "dripstone_helmet",
                  "attribute": "minecraft:generic.armor_toughness",
                  "name": "minecraft:generic.armor_toughness",
                  "amount": 4,
                  "operation": "add_value",
                  "slot": "head"
                }
              ]
            }
          ]
        },
        {
          "type": "minecraft:item",
          "name": "minecraft:leather_helmet",
          "functions": [
            {
              "function": "minecraft:set_components",
              "components": {
                "minecraft:repair_cost": 99999,
                "minecraft:unbreakable": {},
                "minecraft:custom_name": "{\"text\":\"Dripstone Helmet\",\"color\":\"gold\",\"italic\":false}",
                "minecraft:lore": [
                  "{\"text\":\" \"}",
                  "{\"text\":\"Ability:\",\"color\":\"green\",\"italic\":false}",
                  "{\"text\":\"Mining dripstone blocks increases \",\"color\":\"gray\",\"italic\":false}",
                  "{\"text\":\"hit speed by 1% for every 1000\",\"color\":\"gray\",\"italic\":false}",
                  "{\"text\":\"blocks mined. Caps at 25000.\",\"color\":\"gray\",\"italic\":false}"
                ],
                "minecraft:dyed_color": {
                  "rgb": 8016693,
                  "show_in_tooltip": false
                },
                "minecraft:custom_data": {
                  "armor": "dripstone_helmet",
                  "mt": "armor"
                }
              }
            },
            {
              "function": "minecraft:set_enchantments",
              "enchantments": {
                "minecraft:protection": {
                  "min": 2,
                  "max": 6
                },
                "minecraft:projectile_protection": {
                  "min": 1,
                  "max": 10
                },
                "minecraft:aqua_affinity": {
                  "min": 1,
                  "max": 1
                },
                "minecraft:respiration": {
                  "min": 1,
                  "max": 10
                }
              }
            },
            {
              "function": "minecraft:set_attributes",
              "modifiers": [
                {
                  "id": "dripstone_helmet",
                  "attribute": "minecraft:generic.armor",
                  "name": "minecraft:generic.armor",
                  "amount": 4.5,
                  "operation": "add_value",
                  "slot": "head"
                },
                {
                  "id": "dripstone_helmet",
                  "attribute": "minecraft:generic.armor_toughness",
                  "name": "minecraft:generic.armor_toughness",
                  "amount": 4.5,
                  "operation": "add_value",
                  "slot": "head"
                }
              ]
            }
          ]
        },
        {
          "type": "minecraft:item",
          "name": "minecraft:leather_helmet",
          "functions": [
            {
              "function": "minecraft:set_components",
              "components": {
                "minecraft:repair_cost": 99999,
                "minecraft:unbreakable": {},
                "minecraft:custom_name": "{\"text\":\"Dripstone Helmet\",\"color\":\"gold\",\"italic\":false}",
                "minecraft:lore": [
                  "{\"text\":\" \"}",
                  "{\"text\":\"Ability:\",\"color\":\"green\",\"italic\":false}",
                  "{\"text\":\"Mining dripstone blocks increases \",\"color\":\"gray\",\"italic\":false}",
                  "{\"text\":\"hit speed by 1% for every 1000\",\"color\":\"gray\",\"italic\":false}",
                  "{\"text\":\"blocks mined. Caps at 25000.\",\"color\":\"gray\",\"italic\":false}"
                ],
                "minecraft:dyed_color": {
                  "rgb": 8016693,
                  "show_in_tooltip": false
                },
                "minecraft:custom_data": {
                  "armor": "dripstone_helmet",
                  "mt": "armor"
                }
              }
            },
            {
              "function": "minecraft:set_enchantments",
              "enchantments": {
                "minecraft:protection": {
                  "min": 2,
                  "max": 6
                },
                "minecraft:projectile_protection": {
                  "min": 1,
                  "max": 10
                },
                "minecraft:aqua_affinity": {
                  "min": 1,
                  "max": 1
                },
                "minecraft:respiration": {
                  "min": 1,
                  "max": 10
                }
              }
            },
            {
              "function": "minecraft:set_attributes",
              "modifiers": [
                {
                  "id": "dripstone_helmet",
                  "attribute": "minecraft:generic.armor",
                  "name": "minecraft:generic.armor",
                  "amount": 5,
                  "operation": "add_value",
                  "slot": "head"
                },
                {
                  "id": "dripstone_helmet",
                  "attribute": "minecraft:generic.armor_toughness",
                  "name": "minecraft:generic.armor_toughness",
                  "amount": 5,
                  "operation": "add_value",
                  "slot": "head"
                }
              ]
            }
          ]
        },
        {
          "type": "minecraft:item",
          "name": "minecraft:leather_helmet",
          "functions": [
            {
              "function": "minecraft:set_components",
              "components": {
                "minecraft:repair_cost": 99999,
                "minecraft:unbreakable": {},
                "minecraft:custom_name": "{\"text\":\"Dripstone Helmet\",\"color\":\"gold\",\"italic\":false}",
                "minecraft:lore": [
                  "{\"text\":\" \"}",
                  "{\"text\":\"Ability:\",\"color\":\"green\",\"italic\":false}",
                  "{\"text\":\"Mining dripstone blocks increases \",\"color\":\"gray\",\"italic\":false}",
                  "{\"text\":\"hit speed by 1% for every 1000\",\"color\":\"gray\",\"italic\":false}",
                  "{\"text\":\"blocks mined. Caps at 25000.\",\"color\":\"gray\",\"italic\":false}"
                ],
                "minecraft:dyed_color": {
                  "rgb": 8016693,
                  "show_in_tooltip": false
                },
                "minecraft:custom_data": {
                  "armor": "dripstone_helmet",
                  "mt": "armor"
                }
              }
            },
            {
              "function": "minecraft:set_enchantments",
              "enchantments": {
                "minecraft:protection": {
                  "min": 2,
                  "max": 6
                },
                "minecraft:projectile_protection": {
                  "min": 1,
                  "max": 10
                },
                "minecraft:aqua_affinity": {
                  "min": 1,
                  "max": 1
                },
                "minecraft:respiration": {
                  "min": 1,
                  "max": 10
                }
              }
            },
            {
              "function": "minecraft:set_attributes",
              "modifiers": [
                {
                  "id": "dripstone_helmet",
                  "attribute": "minecraft:generic.armor",
                  "name": "minecraft:generic.armor",
                  "amount": 3,
                  "operation": "add_value",
                  "slot": "head"
                },
                {
                  "id": "dripstone_helmet",
                  "attribute": "minecraft:generic.armor_toughness",
                  "name": "minecraft:generic.armor_toughness",
                  "amount": 2.5,
                  "operation": "add_value",
                  "slot": "head"
                }
              ]
            }
          ]
        },
        {
          "type": "minecraft:item",
          "name": "minecraft:leather_helmet",
          "functions": [
            {
              "function": "minecraft:set_components",
              "components": {
                "minecraft:repair_cost": 99999,
                "minecraft:unbreakable": {},
                "minecraft:custom_name": "{\"text\":\"Dripstone Helmet\",\"color\":\"gold\",\"italic\":false}",
                "minecraft:lore": [
                  "{\"text\":\" \"}",
                  "{\"text\":\"Ability:\",\"color\":\"green\",\"italic\":false}",
                  "{\"text\":\"Mining dripstone blocks increases \",\"color\":\"gray\",\"italic\":false}",
                  "{\"text\":\"hit speed by 1% for every 1000\",\"color\":\"gray\",\"italic\":false}",
                  "{\"text\":\"blocks mined. Caps at 25000.\",\"color\":\"gray\",\"italic\":false}"
                ],
                "minecraft:dyed_color": {
                  "rgb": 8016693,
                  "show_in_tooltip": false
                },
                "minecraft:custom_data": {
                  "armor": "dripstone_helmet",
                  "mt": "armor"
                }
              }
            },
            {
              "function": "minecraft:set_enchantments",
              "enchantments": {
                "minecraft:protection": {
                  "min": 2,
                  "max": 6
                },
                "minecraft:projectile_protection": {
                  "min": 1,
                  "max": 10
                },
                "minecraft:aqua_affinity": {
                  "min": 1,
                  "max": 1
                },
                "minecraft:respiration": {
                  "min": 1,
                  "max": 10
                }
              }
            },
            {
              "function": "minecraft:set_attributes",
              "modifiers": [
                {
                  "id": "dripstone_helmet",
                  "attribute": "minecraft:generic.armor",
                  "name": "minecraft:generic.armor",
                  "amount": 3.5,
                  "operation": "add_value",
                  "slot": "head"
                },
                {
                  "id": "dripstone_helmet",
                  "attribute": "minecraft:generic.armor_toughness",
                  "name": "minecraft:generic.armor_toughness",
                  "amount": 2.5,
                  "operation": "add_value",
                  "slot": "head"
                }
              ]
            }
          ]
        },
        {
          "type": "minecraft:item",
          "name": "minecraft:leather_helmet",
          "functions": [
            {
              "function": "minecraft:set_components",
              "components": {
                "minecraft:repair_cost": 99999,
                "minecraft:unbreakable": {},
                "minecraft:custom_name": "{\"text\":\"Dripstone Helmet\",\"color\":\"gold\",\"italic\":false}",
                "minecraft:lore": [
                  "{\"text\":\" \"}",
                  "{\"text\":\"Ability:\",\"color\":\"green\",\"italic\":false}",
                  "{\"text\":\"Mining dripstone blocks increases \",\"color\":\"gray\",\"italic\":false}",
                  "{\"text\":\"hit speed by 1% for every 1000\",\"color\":\"gray\",\"italic\":false}",
                  "{\"text\":\"blocks mined. Caps at 25000.\",\"color\":\"gray\",\"italic\":false}"
                ],
                "minecraft:dyed_color": {
                  "rgb": 8016693,
                  "show_in_tooltip": false
                },
                "minecraft:custom_data": {
                  "armor": "dripstone_helmet",
                  "mt": "armor"
                }
              }
            },
            {
              "function": "minecraft:set_enchantments",
              "enchantments": {
                "minecraft:protection": {
                  "min": 2,
                  "max": 6
                },
                "minecraft:projectile_protection": {
                  "min": 1,
                  "max": 10
                },
                "minecraft:aqua_affinity": {
                  "min": 1,
                  "max": 1
                },
                "minecraft:respiration": {
                  "min": 1,
                  "max": 10
                }
              }
            },
            {
              "function": "minecraft:set_attributes",
              "modifiers": [
                {
                  "id": "dripstone_helmet",
                  "attribute": "minecraft:generic.armor",
                  "name": "minecraft:generic.armor",
                  "amount": 4,
                  "operation": "add_value",
                  "slot": "head"
                },
                {
                  "id": "dripstone_helmet",
                  "attribute": "minecraft:generic.armor_toughness",
                  "name": "minecraft:generic.armor_toughness",
                  "amount": 2.5,
                  "operation": "add_value",
                  "slot": "head"
                }
              ]
            }
          ]
        },
        {
          "type": "minecraft:item",
          "name": "minecraft:leather_helmet",
          "functions": [
            {
              "function": "minecraft:set_components",
              "components": {
                "minecraft:repair_cost": 99999,
                "minecraft:unbreakable": {},
                "minecraft:custom_name": "{\"text\":\"Dripstone Helmet\",\"color\":\"gold\",\"italic\":false}",
                "minecraft:lore": [
                  "{\"text\":\" \"}",
                  "{\"text\":\"Ability:\",\"color\":\"green\",\"italic\":false}",
                  "{\"text\":\"Mining dripstone blocks increases \",\"color\":\"gray\",\"italic\":false}",
                  "{\"text\":\"hit speed by 1% for every 1000\",\"color\":\"gray\",\"italic\":false}",
                  "{\"text\":\"blocks mined. Caps at 25000.\",\"color\":\"gray\",\"italic\":false}"
                ],
                "minecraft:dyed_color": {
                  "rgb": 8016693,
                  "show_in_tooltip": false
                },
                "minecraft:custom_data": {
                  "armor": "dripstone_helmet",
                  "mt": "armor"
                }
              }
            },
            {
              "function": "minecraft:set_enchantments",
              "enchantments": {
                "minecraft:protection": {
                  "min": 2,
                  "max": 6
                },
                "minecraft:projectile_protection": {
                  "min": 1,
                  "max": 10
                },
                "minecraft:aqua_affinity": {
                  "min": 1,
                  "max": 1
                },
                "minecraft:respiration": {
                  "min": 1,
                  "max": 10
                }
              }
            },
            {
              "function": "minecraft:set_attributes",
              "modifiers": [
                {
                  "id": "dripstone_helmet",
                  "attribute": "minecraft:generic.armor",
                  "name": "minecraft:generic.armor",
                  "amount": 4.5,
                  "operation": "add_value",
                  "slot": "head"
                },
                {
                  "id": "dripstone_helmet",
                  "attribute": "minecraft:generic.armor_toughness",
                  "name": "minecraft:generic.armor_toughness",
                  "amount": 2.5,
                  "operation": "add_value",
                  "slot": "head"
                }
              ]
            }
          ]
        },
        {
          "type": "minecraft:item",
          "name": "minecraft:leather_helmet",
          "functions": [
            {
              "function": "minecraft:set_components",
              "components": {
                "minecraft:repair_cost": 99999,
                "minecraft:unbreakable": {},
                "minecraft:custom_name": "{\"text\":\"Dripstone Helmet\",\"color\":\"gold\",\"italic\":false}",
                "minecraft:lore": [
                  "{\"text\":\" \"}",
                  "{\"text\":\"Ability:\",\"color\":\"green\",\"italic\":false}",
                  "{\"text\":\"Mining dripstone blocks increases \",\"color\":\"gray\",\"italic\":false}",
                  "{\"text\":\"hit speed by 1% for every 1000\",\"color\":\"gray\",\"italic\":false}",
                  "{\"text\":\"blocks mined. Caps at 25000.\",\"color\":\"gray\",\"italic\":false}"
                ],
                "minecraft:dyed_color": {
                  "rgb": 8016693,
                  "show_in_tooltip": false
                },
                "minecraft:custom_data": {
                  "armor": "dripstone_helmet",
                  "mt": "armor"
                }
              }
            },
            {
              "function": "minecraft:set_enchantments",
              "enchantments": {
                "minecraft:protection": {
                  "min": 2,
                  "max": 6
                },
                "minecraft:projectile_protection": {
                  "min": 1,
                  "max": 10
                },
                "minecraft:aqua_affinity": {
                  "min": 1,
                  "max": 1
                },
                "minecraft:respiration": {
                  "min": 1,
                  "max": 10
                }
              }
            },
            {
              "function": "minecraft:set_attributes",
              "modifiers": [
                {
                  "id": "dripstone_helmet",
                  "attribute": "minecraft:generic.armor",
                  "name": "minecraft:generic.armor",
                  "amount": 5,
                  "operation": "add_value",
                  "slot": "head"
                },
                {
                  "id": "dripstone_helmet",
                  "attribute": "minecraft:generic.armor_toughness",
                  "name": "minecraft:generic.armor_toughness",
                  "amount": 2.5,
                  "operation": "add_value",
                  "slot": "head"
                }
              ]
            }
          ]
        },
        {
          "type": "minecraft:item",
          "name": "minecraft:leather_helmet",
          "functions": [
            {
              "function": "minecraft:set_components",
              "components": {
                "minecraft:repair_cost": 99999,
                "minecraft:unbreakable": {},
                "minecraft:custom_name": "{\"text\":\"Dripstone Helmet\",\"color\":\"gold\",\"italic\":false}",
                "minecraft:lore": [
                  "{\"text\":\" \"}",
                  "{\"text\":\"Ability:\",\"color\":\"green\",\"italic\":false}",
                  "{\"text\":\"Mining dripstone blocks increases \",\"color\":\"gray\",\"italic\":false}",
                  "{\"text\":\"hit speed by 1% for every 1000\",\"color\":\"gray\",\"italic\":false}",
                  "{\"text\":\"blocks mined. Caps at 25000.\",\"color\":\"gray\",\"italic\":false}"
                ],
                "minecraft:dyed_color": {
                  "rgb": 8016693,
                  "show_in_tooltip": false
                },
                "minecraft:custom_data": {
                  "armor": "dripstone_helmet",
                  "mt": "armor"
                }
              }
            },
            {
              "function": "minecraft:set_enchantments",
              "enchantments": {
                "minecraft:protection": {
                  "min": 2,
                  "max": 6
                },
                "minecraft:projectile_protection": {
                  "min": 1,
                  "max": 10
                },
                "minecraft:aqua_affinity": {
                  "min": 1,
                  "max": 1
                },
                "minecraft:respiration": {
                  "min": 1,
                  "max": 10
                }
              }
            },
            {
              "function": "minecraft:set_attributes",
              "modifiers": [
                {
                  "id": "dripstone_helmet",
                  "attribute": "minecraft:generic.armor",
                  "name": "minecraft:generic.armor",
                  "amount": 3.5,
                  "operation": "add_value",
                  "slot": "head"
                },
                {
                  "id": "dripstone_helmet",
                  "attribute": "minecraft:generic.armor_toughness",
                  "name": "minecraft:generic.armor_toughness",
                  "amount": 3,
                  "operation": "add_value",
                  "slot": "head"
                }
              ]
            }
          ]
        },
        {
          "type": "minecraft:item",
          "name": "minecraft:leather_helmet",
          "functions": [
            {
              "function": "minecraft:set_components",
              "components": {
                "minecraft:repair_cost": 99999,
                "minecraft:unbreakable": {},
                "minecraft:custom_name": "{\"text\":\"Dripstone Helmet\",\"color\":\"gold\",\"italic\":false}",
                "minecraft:lore": [
                  "{\"text\":\" \"}",
                  "{\"text\":\"Ability:\",\"color\":\"green\",\"italic\":false}",
                  "{\"text\":\"Mining dripstone blocks increases \",\"color\":\"gray\",\"italic\":false}",
                  "{\"text\":\"hit speed by 1% for every 1000\",\"color\":\"gray\",\"italic\":false}",
                  "{\"text\":\"blocks mined. Caps at 25000.\",\"color\":\"gray\",\"italic\":false}"
                ],
                "minecraft:dyed_color": {
                  "rgb": 8016693,
                  "show_in_tooltip": false
                },
                "minecraft:custom_data": {
                  "armor": "dripstone_helmet",
                  "mt": "armor"
                }
              }
            },
            {
              "function": "minecraft:set_enchantments",
              "enchantments": {
                "minecraft:protection": {
                  "min": 2,
                  "max": 6
                },
                "minecraft:projectile_protection": {
                  "min": 1,
                  "max": 10
                },
                "minecraft:aqua_affinity": {
                  "min": 1,
                  "max": 1
                },
                "minecraft:respiration": {
                  "min": 1,
                  "max": 10
                }
              }
            },
            {
              "function": "minecraft:set_attributes",
              "modifiers": [
                {
                  "id": "dripstone_helmet",
                  "attribute": "minecraft:generic.armor",
                  "name": "minecraft:generic.armor",
                  "amount": 4,
                  "operation": "add_value",
                  "slot": "head"
                },
                {
                  "id": "dripstone_helmet",
                  "attribute": "minecraft:generic.armor_toughness",
                  "name": "minecraft:generic.armor_toughness",
                  "amount": 3,
                  "operation": "add_value",
                  "slot": "head"
                }
              ]
            }
          ]
        },
        {
          "type": "minecraft:item",
          "name": "minecraft:leather_helmet",
          "functions": [
            {
              "function": "minecraft:set_components",
              "components": {
                "minecraft:repair_cost": 99999,
                "minecraft:unbreakable": {},
                "minecraft:custom_name": "{\"text\":\"Dripstone Helmet\",\"color\":\"gold\",\"italic\":false}",
                "minecraft:lore": [
                  "{\"text\":\" \"}",
                  "{\"text\":\"Ability:\",\"color\":\"green\",\"italic\":false}",
                  "{\"text\":\"Mining dripstone blocks increases \",\"color\":\"gray\",\"italic\":false}",
                  "{\"text\":\"hit speed by 1% for every 1000\",\"color\":\"gray\",\"italic\":false}",
                  "{\"text\":\"blocks mined. Caps at 25000.\",\"color\":\"gray\",\"italic\":false}"
                ],
                "minecraft:dyed_color": {
                  "rgb": 8016693,
                  "show_in_tooltip": false
                },
                "minecraft:custom_data": {
                  "armor": "dripstone_helmet",
                  "mt": "armor"
                }
              }
            },
            {
              "function": "minecraft:set_enchantments",
              "enchantments": {
                "minecraft:protection": {
                  "min": 2,
                  "max": 6
                },
                "minecraft:projectile_protection": {
                  "min": 1,
                  "max": 10
                },
                "minecraft:aqua_affinity": {
                  "min": 1,
                  "max": 1
                },
                "minecraft:respiration": {
                  "min": 1,
                  "max": 10
                }
              }
            },
            {
              "function": "minecraft:set_attributes",
              "modifiers": [
                {
                  "id": "dripstone_helmet",
                  "attribute": "minecraft:generic.armor",
                  "name": "minecraft:generic.armor",
                  "amount": 4.5,
                  "operation": "add_value",
                  "slot": "head"
                },
                {
                  "id": "dripstone_helmet",
                  "attribute": "minecraft:generic.armor_toughness",
                  "name": "minecraft:generic.armor_toughness",
                  "amount": 3,
                  "operation": "add_value",
                  "slot": "head"
                }
              ]
            }
          ]
        },
        {
          "type": "minecraft:item",
          "name": "minecraft:leather_helmet",
          "functions": [
            {
              "function": "minecraft:set_components",
              "components": {
                "minecraft:repair_cost": 99999,
                "minecraft:unbreakable": {},
                "minecraft:custom_name": "{\"text\":\"Dripstone Helmet\",\"color\":\"gold\",\"italic\":false}",
                "minecraft:lore": [
                  "{\"text\":\" \"}",
                  "{\"text\":\"Ability:\",\"color\":\"green\",\"italic\":false}",
                  "{\"text\":\"Mining dripstone blocks increases \",\"color\":\"gray\",\"italic\":false}",
                  "{\"text\":\"hit speed by 1% for every 1000\",\"color\":\"gray\",\"italic\":false}",
                  "{\"text\":\"blocks mined. Caps at 25000.\",\"color\":\"gray\",\"italic\":false}"
                ],
                "minecraft:dyed_color": {
                  "rgb": 8016693,
                  "show_in_tooltip": false
                },
                "minecraft:custom_data": {
                  "armor": "dripstone_helmet",
                  "mt": "armor"
                }
              }
            },
            {
              "function": "minecraft:set_enchantments",
              "enchantments": {
                "minecraft:protection": {
                  "min": 2,
                  "max": 6
                },
                "minecraft:projectile_protection": {
                  "min": 1,
                  "max": 10
                },
                "minecraft:aqua_affinity": {
                  "min": 1,
                  "max": 1
                },
                "minecraft:respiration": {
                  "min": 1,
                  "max": 10
                }
              }
            },
            {
              "function": "minecraft:set_attributes",
              "modifiers": [
                {
                  "id": "dripstone_helmet",
                  "attribute": "minecraft:generic.armor",
                  "name": "minecraft:generic.armor",
                  "amount": 5,
                  "operation": "add_value",
                  "slot": "head"
                },
                {
                  "id": "dripstone_helmet",
                  "attribute": "minecraft:generic.armor_toughness",
                  "name": "minecraft:generic.armor_toughness",
                  "amount": 3,
                  "operation": "add_value",
                  "slot": "head"
                }
              ]
            }
          ]
        },
        {
          "type": "minecraft:item",
          "name": "minecraft:leather_helmet",
          "functions": [
            {
              "function": "minecraft:set_components",
              "components": {
                "minecraft:repair_cost": 99999,
                "minecraft:unbreakable": {},
                "minecraft:custom_name": "{\"text\":\"Dripstone Helmet\",\"color\":\"gold\",\"italic\":false}",
                "minecraft:lore": [
                  "{\"text\":\" \"}",
                  "{\"text\":\"Ability:\",\"color\":\"green\",\"italic\":false}",
                  "{\"text\":\"Mining dripstone blocks increases \",\"color\":\"gray\",\"italic\":false}",
                  "{\"text\":\"hit speed by 1% for every 1000\",\"color\":\"gray\",\"italic\":false}",
                  "{\"text\":\"blocks mined. Caps at 25000.\",\"color\":\"gray\",\"italic\":false}"
                ],
                "minecraft:dyed_color": {
                  "rgb": 8016693,
                  "show_in_tooltip": false
                },
                "minecraft:custom_data": {
                  "armor": "dripstone_helmet",
                  "mt": "armor"
                }
              }
            },
            {
              "function": "minecraft:set_enchantments",
              "enchantments": {
                "minecraft:protection": {
                  "min": 2,
                  "max": 6
                },
                "minecraft:projectile_protection": {
                  "min": 1,
                  "max": 10
                },
                "minecraft:aqua_affinity": {
                  "min": 1,
                  "max": 1
                },
                "minecraft:respiration": {
                  "min": 1,
                  "max": 10
                }
              }
            },
            {
              "function": "minecraft:set_attributes",
              "modifiers": [
                {
                  "id": "dripstone_helmet",
                  "attribute": "minecraft:generic.armor",
                  "name": "minecraft:generic.armor",
                  "amount": 3,
                  "operation": "add_value",
                  "slot": "head"
                },
                {
                  "id": "dripstone_helmet",
                  "attribute": "minecraft:generic.armor_toughness",
                  "name": "minecraft:generic.armor_toughness",
                  "amount": 3.5,
                  "operation": "add_value",
                  "slot": "head"
                }
              ]
            }
          ]
        },
        {
          "type": "minecraft:item",
          "name": "minecraft:leather_helmet",
          "functions": [
            {
              "function": "minecraft:set_components",
              "components": {
                "minecraft:repair_cost": 99999,
                "minecraft:unbreakable": {},
                "minecraft:custom_name": "{\"text\":\"Dripstone Helmet\",\"color\":\"gold\",\"italic\":false}",
                "minecraft:lore": [
                  "{\"text\":\" \"}",
                  "{\"text\":\"Ability:\",\"color\":\"green\",\"italic\":false}",
                  "{\"text\":\"Mining dripstone blocks increases \",\"color\":\"gray\",\"italic\":false}",
                  "{\"text\":\"hit speed by 1% for every 1000\",\"color\":\"gray\",\"italic\":false}",
                  "{\"text\":\"blocks mined. Caps at 25000.\",\"color\":\"gray\",\"italic\":false}"
                ],
                "minecraft:dyed_color": {
                  "rgb": 8016693,
                  "show_in_tooltip": false
                },
                "minecraft:custom_data": {
                  "armor": "dripstone_helmet",
                  "mt": "armor"
                }
              }
            },
            {
              "function": "minecraft:set_enchantments",
              "enchantments": {
                "minecraft:protection": {
                  "min": 2,
                  "max": 6
                },
                "minecraft:projectile_protection": {
                  "min": 1,
                  "max": 10
                },
                "minecraft:aqua_affinity": {
                  "min": 1,
                  "max": 1
                },
                "minecraft:respiration": {
                  "min": 1,
                  "max": 10
                }
              }
            },
            {
              "function": "minecraft:set_attributes",
              "modifiers": [
                {
                  "id": "dripstone_helmet",
                  "attribute": "minecraft:generic.armor",
                  "name": "minecraft:generic.armor",
                  "amount": 4,
                  "operation": "add_value",
                  "slot": "head"
                },
                {
                  "id": "dripstone_helmet",
                  "attribute": "minecraft:generic.armor_toughness",
                  "name": "minecraft:generic.armor_toughness",
                  "amount": 3.5,
                  "operation": "add_value",
                  "slot": "head"
                }
              ]
            }
          ]
        },
        {
          "type": "minecraft:item",
          "name": "minecraft:leather_helmet",
          "functions": [
            {
              "function": "minecraft:set_components",
              "components": {
                "minecraft:repair_cost": 99999,
                "minecraft:unbreakable": {},
                "minecraft:custom_name": "{\"text\":\"Dripstone Helmet\",\"color\":\"gold\",\"italic\":false}",
                "minecraft:lore": [
                  "{\"text\":\" \"}",
                  "{\"text\":\"Ability:\",\"color\":\"green\",\"italic\":false}",
                  "{\"text\":\"Mining dripstone blocks increases \",\"color\":\"gray\",\"italic\":false}",
                  "{\"text\":\"hit speed by 1% for every 1000\",\"color\":\"gray\",\"italic\":false}",
                  "{\"text\":\"blocks mined. Caps at 25000.\",\"color\":\"gray\",\"italic\":false}"
                ],
                "minecraft:dyed_color": {
                  "rgb": 8016693,
                  "show_in_tooltip": false
                },
                "minecraft:custom_data": {
                  "armor": "dripstone_helmet",
                  "mt": "armor"
                }
              }
            },
            {
              "function": "minecraft:set_enchantments",
              "enchantments": {
                "minecraft:protection": {
                  "min": 2,
                  "max": 6
                },
                "minecraft:projectile_protection": {
                  "min": 1,
                  "max": 10
                },
                "minecraft:aqua_affinity": {
                  "min": 1,
                  "max": 1
                },
                "minecraft:respiration": {
                  "min": 1,
                  "max": 10
                }
              }
            },
            {
              "function": "minecraft:set_attributes",
              "modifiers": [
                {
                  "id": "dripstone_helmet",
                  "attribute": "minecraft:generic.armor",
                  "name": "minecraft:generic.armor",
                  "amount": 4.5,
                  "operation": "add_value",
                  "slot": "head"
                },
                {
                  "id": "dripstone_helmet",
                  "attribute": "minecraft:generic.armor_toughness",
                  "name": "minecraft:generic.armor_toughness",
                  "amount": 3.5,
                  "operation": "add_value",
                  "slot": "head"
                }
              ]
            }
          ]
        },
        {
          "type": "minecraft:item",
          "name": "minecraft:leather_helmet",
          "functions": [
            {
              "function": "minecraft:set_components",
              "components": {
                "minecraft:repair_cost": 99999,
                "minecraft:unbreakable": {},
                "minecraft:custom_name": "{\"text\":\"Dripstone Helmet\",\"color\":\"gold\",\"italic\":false}",
                "minecraft:lore": [
                  "{\"text\":\" \"}",
                  "{\"text\":\"Ability:\",\"color\":\"green\",\"italic\":false}",
                  "{\"text\":\"Mining dripstone blocks increases \",\"color\":\"gray\",\"italic\":false}",
                  "{\"text\":\"hit speed by 1% for every 1000\",\"color\":\"gray\",\"italic\":false}",
                  "{\"text\":\"blocks mined. Caps at 25000.\",\"color\":\"gray\",\"italic\":false}"
                ],
                "minecraft:dyed_color": {
                  "rgb": 8016693,
                  "show_in_tooltip": false
                },
                "minecraft:custom_data": {
                  "armor": "dripstone_helmet",
                  "mt": "armor"
                }
              }
            },
            {
              "function": "minecraft:set_enchantments",
              "enchantments": {
                "minecraft:protection": {
                  "min": 2,
                  "max": 6
                },
                "minecraft:projectile_protection": {
                  "min": 1,
                  "max": 10
                },
                "minecraft:aqua_affinity": {
                  "min": 1,
                  "max": 1
                },
                "minecraft:respiration": {
                  "min": 1,
                  "max": 10
                }
              }
            },
            {
              "function": "minecraft:set_attributes",
              "modifiers": [
                {
                  "id": "dripstone_helmet",
                  "attribute": "minecraft:generic.armor",
                  "name": "minecraft:generic.armor",
                  "amount": 5,
                  "operation": "add_value",
                  "slot": "head"
                },
                {
                  "id": "dripstone_helmet",
                  "attribute": "minecraft:generic.armor_toughness",
                  "name": "minecraft:generic.armor_toughness",
                  "amount": 3.5,
                  "operation": "add_value",
                  "slot": "head"
                }
              ]
            }
          ]
        },
        {
          "type": "minecraft:item",
          "name": "minecraft:leather_helmet",
          "functions": [
            {
              "function": "minecraft:set_components",
              "components": {
                "minecraft:repair_cost": 99999,
                "minecraft:unbreakable": {},
                "minecraft:custom_name": "{\"text\":\"Dripstone Helmet\",\"color\":\"gold\",\"italic\":false}",
                "minecraft:lore": [
                  "{\"text\":\" \"}",
                  "{\"text\":\"Ability:\",\"color\":\"green\",\"italic\":false}",
                  "{\"text\":\"Mining dripstone blocks increases \",\"color\":\"gray\",\"italic\":false}",
                  "{\"text\":\"hit speed by 1% for every 1000\",\"color\":\"gray\",\"italic\":false}",
                  "{\"text\":\"blocks mined. Caps at 25000.\",\"color\":\"gray\",\"italic\":false}"
                ],
                "minecraft:dyed_color": {
                  "rgb": 8016693,
                  "show_in_tooltip": false
                },
                "minecraft:custom_data": {
                  "armor": "dripstone_helmet",
                  "mt": "armor"
                }
              }
            },
            {
              "function": "minecraft:set_enchantments",
              "enchantments": {
                "minecraft:protection": {
                  "min": 2,
                  "max": 6
                },
                "minecraft:projectile_protection": {
                  "min": 1,
                  "max": 10
                },
                "minecraft:aqua_affinity": {
                  "min": 1,
                  "max": 1
                },
                "minecraft:respiration": {
                  "min": 1,
                  "max": 10
                }
              }
            },
            {
              "function": "minecraft:set_attributes",
              "modifiers": [
                {
                  "id": "dripstone_helmet",
                  "attribute": "minecraft:generic.armor",
                  "name": "minecraft:generic.armor",
                  "amount": 3,
                  "operation": "add_value",
                  "slot": "head"
                },
                {
                  "id": "dripstone_helmet",
                  "attribute": "minecraft:generic.armor_toughness",
                  "name": "minecraft:generic.armor_toughness",
                  "amount": 4,
                  "operation": "add_value",
                  "slot": "head"
                }
              ]
            }
          ]
        },
        {
          "type": "minecraft:item",
          "name": "minecraft:leather_helmet",
          "functions": [
            {
              "function": "minecraft:set_components",
              "components": {
                "minecraft:repair_cost": 99999,
                "minecraft:unbreakable": {},
                "minecraft:custom_name": "{\"text\":\"Dripstone Helmet\",\"color\":\"gold\",\"italic\":false}",
                "minecraft:lore": [
                  "{\"text\":\" \"}",
                  "{\"text\":\"Ability:\",\"color\":\"green\",\"italic\":false}",
                  "{\"text\":\"Mining dripstone blocks increases \",\"color\":\"gray\",\"italic\":false}",
                  "{\"text\":\"hit speed by 1% for every 1000\",\"color\":\"gray\",\"italic\":false}",
                  "{\"text\":\"blocks mined. Caps at 25000.\",\"color\":\"gray\",\"italic\":false}"
                ],
                "minecraft:dyed_color": {
                  "rgb": 8016693,
                  "show_in_tooltip": false
                },
                "minecraft:custom_data": {
                  "armor": "dripstone_helmet",
                  "mt": "armor"
                }
              }
            },
            {
              "function": "minecraft:set_enchantments",
              "enchantments": {
                "minecraft:protection": {
                  "min": 2,
                  "max": 6
                },
                "minecraft:projectile_protection": {
                  "min": 1,
                  "max": 10
                },
                "minecraft:aqua_affinity": {
                  "min": 1,
                  "max": 1
                },
                "minecraft:respiration": {
                  "min": 1,
                  "max": 10
                }
              }
            },
            {
              "function": "minecraft:set_attributes",
              "modifiers": [
                {
                  "id": "dripstone_helmet",
                  "attribute": "minecraft:generic.armor",
                  "name": "minecraft:generic.armor",
                  "amount": 3.5,
                  "operation": "add_value",
                  "slot": "head"
                },
                {
                  "id": "dripstone_helmet",
                  "attribute": "minecraft:generic.armor_toughness",
                  "name": "minecraft:generic.armor_toughness",
                  "amount": 4,
                  "operation": "add_value",
                  "slot": "head"
                }
              ]
            }
          ]
        },
        {
          "type": "minecraft:item",
          "name": "minecraft:leather_helmet",
          "functions": [
            {
              "function": "minecraft:set_components",
              "components": {
                "minecraft:repair_cost": 99999,
                "minecraft:unbreakable": {},
                "minecraft:custom_name": "{\"text\":\"Dripstone Helmet\",\"color\":\"gold\",\"italic\":false}",
                "minecraft:lore": [
                  "{\"text\":\" \"}",
                  "{\"text\":\"Ability:\",\"color\":\"green\",\"italic\":false}",
                  "{\"text\":\"Mining dripstone blocks increases \",\"color\":\"gray\",\"italic\":false}",
                  "{\"text\":\"hit speed by 1% for every 1000\",\"color\":\"gray\",\"italic\":false}",
                  "{\"text\":\"blocks mined. Caps at 25000.\",\"color\":\"gray\",\"italic\":false}"
                ],
                "minecraft:dyed_color": {
                  "rgb": 8016693,
                  "show_in_tooltip": false
                },
                "minecraft:custom_data": {
                  "armor": "dripstone_helmet",
                  "mt": "armor"
                }
              }
            },
            {
              "function": "minecraft:set_enchantments",
              "enchantments": {
                "minecraft:protection": {
                  "min": 2,
                  "max": 6
                },
                "minecraft:projectile_protection": {
                  "min": 1,
                  "max": 10
                },
                "minecraft:aqua_affinity": {
                  "min": 1,
                  "max": 1
                },
                "minecraft:respiration": {
                  "min": 1,
                  "max": 10
                }
              }
            },
            {
              "function": "minecraft:set_attributes",
              "modifiers": [
                {
                  "id": "dripstone_helmet",
                  "attribute": "minecraft:generic.armor",
                  "name": "minecraft:generic.armor",
                  "amount": 4.5,
                  "operation": "add_value",
                  "slot": "head"
                },
                {
                  "id": "dripstone_helmet",
                  "attribute": "minecraft:generic.armor_toughness",
                  "name": "minecraft:generic.armor_toughness",
                  "amount": 4,
                  "operation": "add_value",
                  "slot": "head"
                }
              ]
            }
          ]
        },
        {
          "type": "minecraft:item",
          "name": "minecraft:leather_helmet",
          "functions": [
            {
              "function": "minecraft:set_components",
              "components": {
                "minecraft:repair_cost": 99999,
                "minecraft:unbreakable": {},
                "minecraft:custom_name": "{\"text\":\"Dripstone Helmet\",\"color\":\"gold\",\"italic\":false}",
                "minecraft:lore": [
                  "{\"text\":\" \"}",
                  "{\"text\":\"Ability:\",\"color\":\"green\",\"italic\":false}",
                  "{\"text\":\"Mining dripstone blocks increases \",\"color\":\"gray\",\"italic\":false}",
                  "{\"text\":\"hit speed by 1% for every 1000\",\"color\":\"gray\",\"italic\":false}",
                  "{\"text\":\"blocks mined. Caps at 25000.\",\"color\":\"gray\",\"italic\":false}"
                ],
                "minecraft:dyed_color": {
                  "rgb": 8016693,
                  "show_in_tooltip": false
                },
                "minecraft:custom_data": {
                  "armor": "dripstone_helmet",
                  "mt": "armor"
                }
              }
            },
            {
              "function": "minecraft:set_enchantments",
              "enchantments": {
                "minecraft:protection": {
                  "min": 2,
                  "max": 6
                },
                "minecraft:projectile_protection": {
                  "min": 1,
                  "max": 10
                },
                "minecraft:aqua_affinity": {
                  "min": 1,
                  "max": 1
                },
                "minecraft:respiration": {
                  "min": 1,
                  "max": 10
                }
              }
            },
            {
              "function": "minecraft:set_attributes",
              "modifiers": [
                {
                  "id": "dripstone_helmet",
                  "attribute": "minecraft:generic.armor",
                  "name": "minecraft:generic.armor",
                  "amount": 5,
                  "operation": "add_value",
                  "slot": "head"
                },
                {
                  "id": "dripstone_helmet",
                  "attribute": "minecraft:generic.armor_toughness",
                  "name": "minecraft:generic.armor_toughness",
                  "amount": 4,
                  "operation": "add_value",
                  "slot": "head"
                }
              ]
            }
          ]
        },
        {
          "type": "minecraft:item",
          "name": "minecraft:leather_helmet",
          "functions": [
            {
              "function": "minecraft:set_components",
              "components": {
                "minecraft:repair_cost": 99999,
                "minecraft:unbreakable": {},
                "minecraft:custom_name": "{\"text\":\"Dripstone Helmet\",\"color\":\"gold\",\"italic\":false}",
                "minecraft:lore": [
                  "{\"text\":\" \"}",
                  "{\"text\":\"Ability:\",\"color\":\"green\",\"italic\":false}",
                  "{\"text\":\"Mining dripstone blocks increases \",\"color\":\"gray\",\"italic\":false}",
                  "{\"text\":\"hit speed by 1% for every 1000\",\"color\":\"gray\",\"italic\":false}",
                  "{\"text\":\"blocks mined. Caps at 25000.\",\"color\":\"gray\",\"italic\":false}"
                ],
                "minecraft:dyed_color": {
                  "rgb": 8016693,
                  "show_in_tooltip": false
                },
                "minecraft:custom_data": {
                  "armor": "dripstone_helmet",
                  "mt": "armor"
                }
              }
            },
            {
              "function": "minecraft:set_enchantments",
              "enchantments": {
                "minecraft:protection": {
                  "min": 2,
                  "max": 6
                },
                "minecraft:projectile_protection": {
                  "min": 1,
                  "max": 10
                },
                "minecraft:aqua_affinity": {
                  "min": 1,
                  "max": 1
                },
                "minecraft:respiration": {
                  "min": 1,
                  "max": 10
                }
              }
            },
            {
              "function": "minecraft:set_attributes",
              "modifiers": [
                {
                  "id": "dripstone_helmet",
                  "attribute": "minecraft:generic.armor",
                  "name": "minecraft:generic.armor",
                  "amount": 3,
                  "operation": "add_value",
                  "slot": "head"
                },
                {
                  "id": "dripstone_helmet",
                  "attribute": "minecraft:generic.armor_toughness",
                  "name": "minecraft:generic.armor_toughness",
                  "amount": 4.5,
                  "operation": "add_value",
                  "slot": "head"
                }
              ]
            }
          ]
        },
        {
          "type": "minecraft:item",
          "name": "minecraft:leather_helmet",
          "functions": [
            {
              "function": "minecraft:set_components",
              "components": {
                "minecraft:repair_cost": 99999,
                "minecraft:unbreakable": {},
                "minecraft:custom_name": "{\"text\":\"Dripstone Helmet\",\"color\":\"gold\",\"italic\":false}",
                "minecraft:lore": [
                  "{\"text\":\" \"}",
                  "{\"text\":\"Ability:\",\"color\":\"green\",\"italic\":false}",
                  "{\"text\":\"Mining dripstone blocks increases \",\"color\":\"gray\",\"italic\":false}",
                  "{\"text\":\"hit speed by 1% for every 1000\",\"color\":\"gray\",\"italic\":false}",
                  "{\"text\":\"blocks mined. Caps at 25000.\",\"color\":\"gray\",\"italic\":false}"
                ],
                "minecraft:dyed_color": {
                  "rgb": 8016693,
                  "show_in_tooltip": false
                },
                "minecraft:custom_data": {
                  "armor": "dripstone_helmet",
                  "mt": "armor"
                }
              }
            },
            {
              "function": "minecraft:set_enchantments",
              "enchantments": {
                "minecraft:protection": {
                  "min": 2,
                  "max": 6
                },
                "minecraft:projectile_protection": {
                  "min": 1,
                  "max": 10
                },
                "minecraft:aqua_affinity": {
                  "min": 1,
                  "max": 1
                },
                "minecraft:respiration": {
                  "min": 1,
                  "max": 10
                }
              }
            },
            {
              "function": "minecraft:set_attributes",
              "modifiers": [
                {
                  "id": "dripstone_helmet",
                  "attribute": "minecraft:generic.armor",
                  "name": "minecraft:generic.armor",
                  "amount": 3.5,
                  "operation": "add_value",
                  "slot": "head"
                },
                {
                  "id": "dripstone_helmet",
                  "attribute": "minecraft:generic.armor_toughness",
                  "name": "minecraft:generic.armor_toughness",
                  "amount": 4.5,
                  "operation": "add_value",
                  "slot": "head"
                }
              ]
            }
          ]
        },
        {
          "type": "minecraft:item",
          "name": "minecraft:leather_helmet",
          "functions": [
            {
              "function": "minecraft:set_components",
              "components": {
                "minecraft:repair_cost": 99999,
                "minecraft:unbreakable": {},
                "minecraft:custom_name": "{\"text\":\"Dripstone Helmet\",\"color\":\"gold\",\"italic\":false}",
                "minecraft:lore": [
                  "{\"text\":\" \"}",
                  "{\"text\":\"Ability:\",\"color\":\"green\",\"italic\":false}",
                  "{\"text\":\"Mining dripstone blocks increases \",\"color\":\"gray\",\"italic\":false}",
                  "{\"text\":\"hit speed by 1% for every 1000\",\"color\":\"gray\",\"italic\":false}",
                  "{\"text\":\"blocks mined. Caps at 25000.\",\"color\":\"gray\",\"italic\":false}"
                ],
                "minecraft:dyed_color": {
                  "rgb": 8016693,
                  "show_in_tooltip": false
                },
                "minecraft:custom_data": {
                  "armor": "dripstone_helmet",
                  "mt": "armor"
                }
              }
            },
            {
              "function": "minecraft:set_enchantments",
              "enchantments": {
                "minecraft:protection": {
                  "min": 2,
                  "max": 6
                },
                "minecraft:projectile_protection": {
                  "min": 1,
                  "max": 10
                },
                "minecraft:aqua_affinity": {
                  "min": 1,
                  "max": 1
                },
                "minecraft:respiration": {
                  "min": 1,
                  "max": 10
                }
              }
            },
            {
              "function": "minecraft:set_attributes",
              "modifiers": [
                {
                  "id": "dripstone_helmet",
                  "attribute": "minecraft:generic.armor",
                  "name": "minecraft:generic.armor",
                  "amount": 4,
                  "operation": "add_value",
                  "slot": "head"
                },
                {
                  "id": "dripstone_helmet",
                  "attribute": "minecraft:generic.armor_toughness",
                  "name": "minecraft:generic.armor_toughness",
                  "amount": 4.5,
                  "operation": "add_value",
                  "slot": "head"
                }
              ]
            }
          ]
        },
        {
          "type": "minecraft:item",
          "name": "minecraft:leather_helmet",
          "functions": [
            {
              "function": "minecraft:set_components",
              "components": {
                "minecraft:repair_cost": 99999,
                "minecraft:unbreakable": {},
                "minecraft:custom_name": "{\"text\":\"Dripstone Helmet\",\"color\":\"gold\",\"italic\":false}",
                "minecraft:lore": [
                  "{\"text\":\" \"}",
                  "{\"text\":\"Ability:\",\"color\":\"green\",\"italic\":false}",
                  "{\"text\":\"Mining dripstone blocks increases \",\"color\":\"gray\",\"italic\":false}",
                  "{\"text\":\"hit speed by 1% for every 1000\",\"color\":\"gray\",\"italic\":false}",
                  "{\"text\":\"blocks mined. Caps at 25000.\",\"color\":\"gray\",\"italic\":false}"
                ],
                "minecraft:dyed_color": {
                  "rgb": 8016693,
                  "show_in_tooltip": false
                },
                "minecraft:custom_data": {
                  "armor": "dripstone_helmet",
                  "mt": "armor"
                }
              }
            },
            {
              "function": "minecraft:set_enchantments",
              "enchantments": {
                "minecraft:protection": {
                  "min": 2,
                  "max": 6
                },
                "minecraft:projectile_protection": {
                  "min": 1,
                  "max": 10
                },
                "minecraft:aqua_affinity": {
                  "min": 1,
                  "max": 1
                },
                "minecraft:respiration": {
                  "min": 1,
                  "max": 10
                }
              }
            },
            {
              "function": "minecraft:set_attributes",
              "modifiers": [
                {
                  "id": "dripstone_helmet",
                  "attribute": "minecraft:generic.armor",
                  "name": "minecraft:generic.armor",
                  "amount": 5,
                  "operation": "add_value",
                  "slot": "head"
                },
                {
                  "id": "dripstone_helmet",
                  "attribute": "minecraft:generic.armor_toughness",
                  "name": "minecraft:generic.armor_toughness",
                  "amount": 4.5,
                  "operation": "add_value",
                  "slot": "head"
                }
              ]
            }
          ]
        },
        {
          "type": "minecraft:item",
          "name": "minecraft:leather_helmet",
          "functions": [
            {
              "function": "minecraft:set_components",
              "components": {
                "minecraft:repair_cost": 99999,
                "minecraft:unbreakable": {},
                "minecraft:custom_name": "{\"text\":\"Dripstone Helmet\",\"color\":\"gold\",\"italic\":false}",
                "minecraft:lore": [
                  "{\"text\":\" \"}",
                  "{\"text\":\"Ability:\",\"color\":\"green\",\"italic\":false}",
                  "{\"text\":\"Mining dripstone blocks increases \",\"color\":\"gray\",\"italic\":false}",
                  "{\"text\":\"hit speed by 1% for every 1000\",\"color\":\"gray\",\"italic\":false}",
                  "{\"text\":\"blocks mined. Caps at 25000.\",\"color\":\"gray\",\"italic\":false}"
                ],
                "minecraft:dyed_color": {
                  "rgb": 8016693,
                  "show_in_tooltip": false
                },
                "minecraft:custom_data": {
                  "armor": "dripstone_helmet",
                  "mt": "armor"
                }
              }
            },
            {
              "function": "minecraft:set_enchantments",
              "enchantments": {
                "minecraft:protection": {
                  "min": 2,
                  "max": 6
                },
                "minecraft:projectile_protection": {
                  "min": 1,
                  "max": 10
                },
                "minecraft:aqua_affinity": {
                  "min": 1,
                  "max": 1
                },
                "minecraft:respiration": {
                  "min": 1,
                  "max": 10
                }
              }
            },
            {
              "function": "minecraft:set_attributes",
              "modifiers": [
                {
                  "id": "dripstone_helmet",
                  "attribute": "minecraft:generic.armor",
                  "name": "minecraft:generic.armor",
                  "amount": 3,
                  "operation": "add_value",
                  "slot": "head"
                },
                {
                  "id": "dripstone_helmet",
                  "attribute": "minecraft:generic.armor_toughness",
                  "name": "minecraft:generic.armor_toughness",
                  "amount": 5,
                  "operation": "add_value",
                  "slot": "head"
                }
              ]
            }
          ]
        },
        {
          "type": "minecraft:item",
          "name": "minecraft:leather_helmet",
          "functions": [
            {
              "function": "minecraft:set_components",
              "components": {
                "minecraft:repair_cost": 99999,
                "minecraft:unbreakable": {},
                "minecraft:custom_name": "{\"text\":\"Dripstone Helmet\",\"color\":\"gold\",\"italic\":false}",
                "minecraft:lore": [
                  "{\"text\":\" \"}",
                  "{\"text\":\"Ability:\",\"color\":\"green\",\"italic\":false}",
                  "{\"text\":\"Mining dripstone blocks increases \",\"color\":\"gray\",\"italic\":false}",
                  "{\"text\":\"hit speed by 1% for every 1000\",\"color\":\"gray\",\"italic\":false}",
                  "{\"text\":\"blocks mined. Caps at 25000.\",\"color\":\"gray\",\"italic\":false}"
                ],
                "minecraft:dyed_color": {
                  "rgb": 8016693,
                  "show_in_tooltip": false
                },
                "minecraft:custom_data": {
                  "armor": "dripstone_helmet",
                  "mt": "armor"
                }
              }
            },
            {
              "function": "minecraft:set_enchantments",
              "enchantments": {
                "minecraft:protection": {
                  "min": 2,
                  "max": 6
                },
                "minecraft:projectile_protection": {
                  "min": 1,
                  "max": 10
                },
                "minecraft:aqua_affinity": {
                  "min": 1,
                  "max": 1
                },
                "minecraft:respiration": {
                  "min": 1,
                  "max": 10
                }
              }
            },
            {
              "function": "minecraft:set_attributes",
              "modifiers": [
                {
                  "id": "dripstone_helmet",
                  "attribute": "minecraft:generic.armor",
                  "name": "minecraft:generic.armor",
                  "amount": 3.5,
                  "operation": "add_value",
                  "slot": "head"
                },
                {
                  "id": "dripstone_helmet",
                  "attribute": "minecraft:generic.armor_toughness",
                  "name": "minecraft:generic.armor_toughness",
                  "amount": 5,
                  "operation": "add_value",
                  "slot": "head"
                }
              ]
            }
          ]
        },
        {
          "type": "minecraft:item",
          "name": "minecraft:leather_helmet",
          "functions": [
            {
              "function": "minecraft:set_components",
              "components": {
                "minecraft:repair_cost": 99999,
                "minecraft:unbreakable": {},
                "minecraft:custom_name": "{\"text\":\"Dripstone Helmet\",\"color\":\"gold\",\"italic\":false}",
                "minecraft:lore": [
                  "{\"text\":\" \"}",
                  "{\"text\":\"Ability:\",\"color\":\"green\",\"italic\":false}",
                  "{\"text\":\"Mining dripstone blocks increases \",\"color\":\"gray\",\"italic\":false}",
                  "{\"text\":\"hit speed by 1% for every 1000\",\"color\":\"gray\",\"italic\":false}",
                  "{\"text\":\"blocks mined. Caps at 25000.\",\"color\":\"gray\",\"italic\":false}"
                ],
                "minecraft:dyed_color": {
                  "rgb": 8016693,
                  "show_in_tooltip": false
                },
                "minecraft:custom_data": {
                  "armor": "dripstone_helmet",
                  "mt": "armor"
                }
              }
            },
            {
              "function": "minecraft:set_enchantments",
              "enchantments": {
                "minecraft:protection": {
                  "min": 2,
                  "max": 6
                },
                "minecraft:projectile_protection": {
                  "min": 1,
                  "max": 10
                },
                "minecraft:aqua_affinity": {
                  "min": 1,
                  "max": 1
                },
                "minecraft:respiration": {
                  "min": 1,
                  "max": 10
                }
              }
            },
            {
              "function": "minecraft:set_attributes",
              "modifiers": [
                {
                  "id": "dripstone_helmet",
                  "attribute": "minecraft:generic.armor",
                  "name": "minecraft:generic.armor",
                  "amount": 4,
                  "operation": "add_value",
                  "slot": "head"
                },
                {
                  "id": "dripstone_helmet",
                  "attribute": "minecraft:generic.armor_toughness",
                  "name": "minecraft:generic.armor_toughness",
                  "amount": 5,
                  "operation": "add_value",
                  "slot": "head"
                }
              ]
            }
          ]
        },
        {
          "type": "minecraft:item",
          "name": "minecraft:leather_helmet",
          "functions": [
            {
              "function": "minecraft:set_components",
              "components": {
                "minecraft:repair_cost": 99999,
                "minecraft:unbreakable": {},
                "minecraft:custom_name": "{\"text\":\"Dripstone Helmet\",\"color\":\"gold\",\"italic\":false}",
                "minecraft:lore": [
                  "{\"text\":\" \"}",
                  "{\"text\":\"Ability:\",\"color\":\"green\",\"italic\":false}",
                  "{\"text\":\"Mining dripstone blocks increases \",\"color\":\"gray\",\"italic\":false}",
                  "{\"text\":\"hit speed by 1% for every 1000\",\"color\":\"gray\",\"italic\":false}",
                  "{\"text\":\"blocks mined. Caps at 25000.\",\"color\":\"gray\",\"italic\":false}"
                ],
                "minecraft:dyed_color": {
                  "rgb": 8016693,
                  "show_in_tooltip": false
                },
                "minecraft:custom_data": {
                  "armor": "dripstone_helmet",
                  "mt": "armor"
                }
              }
            },
            {
              "function": "minecraft:set_enchantments",
              "enchantments": {
                "minecraft:protection": {
                  "min": 2,
                  "max": 6
                },
                "minecraft:projectile_protection": {
                  "min": 1,
                  "max": 10
                },
                "minecraft:aqua_affinity": {
                  "min": 1,
                  "max": 1
                },
                "minecraft:respiration": {
                  "min": 1,
                  "max": 10
                }
              }
            },
            {
              "function": "minecraft:set_attributes",
              "modifiers": [
                {
                  "id": "dripstone_helmet",
                  "attribute": "minecraft:generic.armor",
                  "name": "minecraft:generic.armor",
                  "amount": 4.5,
                  "operation": "add_value",
                  "slot": "head"
                },
                {
                  "id": "dripstone_helmet",
                  "attribute": "minecraft:generic.armor_toughness",
                  "name": "minecraft:generic.armor_toughness",
                  "amount": 5,
                  "operation": "add_value",
                  "slot": "head"
                }
              ]
            }
          ]
        },
        {
          "type": "minecraft:item",
          "name": "minecraft:leather_helmet",
          "functions": [
            {
              "function": "minecraft:set_components",
              "components": {
                "minecraft:repair_cost": 99999,
                "minecraft:unbreakable": {},
                "minecraft:custom_name": "{\"text\":\"Dripstone Helmet\",\"color\":\"gold\",\"italic\":false}",
                "minecraft:lore": [
                  "{\"text\":\" \"}",
                  "{\"text\":\"Ability:\",\"color\":\"green\",\"italic\":false}",
                  "{\"text\":\"Mining dripstone blocks increases \",\"color\":\"gray\",\"italic\":false}",
                  "{\"text\":\"hit speed by 1% for every 1000\",\"color\":\"gray\",\"italic\":false}",
                  "{\"text\":\"blocks mined. Caps at 25000.\",\"color\":\"gray\",\"italic\":false}"
                ],
                "minecraft:dyed_color": {
                  "rgb": 8016693,
                  "show_in_tooltip": false
                },
                "minecraft:custom_data": {
                  "armor": "dripstone_helmet",
                  "mt": "armor"
                }
              }
            },
            {
              "function": "minecraft:set_enchantments",
              "enchantments": {
                "minecraft:protection": {
                  "min": 2,
                  "max": 6
                },
                "minecraft:projectile_protection": {
                  "min": 1,
                  "max": 10
                },
                "minecraft:aqua_affinity": {
                  "min": 1,
                  "max": 1
                },
                "minecraft:respiration": {
                  "min": 1,
                  "max": 10
                }
              }
            },
            {
              "function": "minecraft:set_attributes",
              "modifiers": [
                {
                  "id": "dripstone_helmet",
                  "attribute": "minecraft:generic.armor",
                  "name": "minecraft:generic.armor",
                  "amount": 2.5,
                  "operation": "add_value",
                  "slot": "head"
                },
                {
                  "id": "dripstone_helmet",
                  "attribute": "minecraft:generic.armor_toughness",
                  "name": "minecraft:generic.armor_toughness",
                  "amount": 3,
                  "operation": "add_value",
                  "slot": "head"
                }
              ]
            }
          ]
        },
        {
          "type": "minecraft:item",
          "name": "minecraft:leather_helmet",
          "functions": [
            {
              "function": "minecraft:set_components",
              "components": {
                "minecraft:repair_cost": 99999,
                "minecraft:unbreakable": {},
                "minecraft:custom_name": "{\"text\":\"Dripstone Helmet\",\"color\":\"gold\",\"italic\":false}",
                "minecraft:lore": [
                  "{\"text\":\" \"}",
                  "{\"text\":\"Ability:\",\"color\":\"green\",\"italic\":false}",
                  "{\"text\":\"Mining dripstone blocks increases \",\"color\":\"gray\",\"italic\":false}",
                  "{\"text\":\"hit speed by 1% for every 1000\",\"color\":\"gray\",\"italic\":false}",
                  "{\"text\":\"blocks mined. Caps at 25000.\",\"color\":\"gray\",\"italic\":false}"
                ],
                "minecraft:dyed_color": {
                  "rgb": 8016693,
                  "show_in_tooltip": false
                },
                "minecraft:custom_data": {
                  "armor": "dripstone_helmet",
                  "mt": "armor"
                }
              }
            },
            {
              "function": "minecraft:set_enchantments",
              "enchantments": {
                "minecraft:protection": {
                  "min": 2,
                  "max": 6
                },
                "minecraft:projectile_protection": {
                  "min": 1,
                  "max": 10
                },
                "minecraft:aqua_affinity": {
                  "min": 1,
                  "max": 1
                },
                "minecraft:respiration": {
                  "min": 1,
                  "max": 10
                }
              }
            },
            {
              "function": "minecraft:set_attributes",
              "modifiers": [
                {
                  "id": "dripstone_helmet",
                  "attribute": "minecraft:generic.armor",
                  "name": "minecraft:generic.armor",
                  "amount": 2.5,
                  "operation": "add_value",
                  "slot": "head"
                },
                {
                  "id": "dripstone_helmet",
                  "attribute": "minecraft:generic.armor_toughness",
                  "name": "minecraft:generic.armor_toughness",
                  "amount": 3.5,
                  "operation": "add_value",
                  "slot": "head"
                }
              ]
            }
          ]
        },
        {
          "type": "minecraft:item",
          "name": "minecraft:leather_helmet",
          "functions": [
            {
              "function": "minecraft:set_components",
              "components": {
                "minecraft:repair_cost": 99999,
                "minecraft:unbreakable": {},
                "minecraft:custom_name": "{\"text\":\"Dripstone Helmet\",\"color\":\"gold\",\"italic\":false}",
                "minecraft:lore": [
                  "{\"text\":\" \"}",
                  "{\"text\":\"Ability:\",\"color\":\"green\",\"italic\":false}",
                  "{\"text\":\"Mining dripstone blocks increases \",\"color\":\"gray\",\"italic\":false}",
                  "{\"text\":\"hit speed by 1% for every 1000\",\"color\":\"gray\",\"italic\":false}",
                  "{\"text\":\"blocks mined. Caps at 25000.\",\"color\":\"gray\",\"italic\":false}"
                ],
                "minecraft:dyed_color": {
                  "rgb": 8016693,
                  "show_in_tooltip": false
                },
                "minecraft:custom_data": {
                  "armor": "dripstone_helmet",
                  "mt": "armor"
                }
              }
            },
            {
              "function": "minecraft:set_enchantments",
              "enchantments": {
                "minecraft:protection": {
                  "min": 2,
                  "max": 6
                },
                "minecraft:projectile_protection": {
                  "min": 1,
                  "max": 10
                },
                "minecraft:aqua_affinity": {
                  "min": 1,
                  "max": 1
                },
                "minecraft:respiration": {
                  "min": 1,
                  "max": 10
                }
              }
            },
            {
              "function": "minecraft:set_attributes",
              "modifiers": [
                {
                  "id": "dripstone_helmet",
                  "attribute": "minecraft:generic.armor",
                  "name": "minecraft:generic.armor",
                  "amount": 2.5,
                  "operation": "add_value",
                  "slot": "head"
                },
                {
                  "id": "dripstone_helmet",
                  "attribute": "minecraft:generic.armor_toughness",
                  "name": "minecraft:generic.armor_toughness",
                  "amount": 4,
                  "operation": "add_value",
                  "slot": "head"
                }
              ]
            }
          ]
        },
        {
          "type": "minecraft:item",
          "name": "minecraft:leather_helmet",
          "functions": [
            {
              "function": "minecraft:set_components",
              "components": {
                "minecraft:repair_cost": 99999,
                "minecraft:unbreakable": {},
                "minecraft:custom_name": "{\"text\":\"Dripstone Helmet\",\"color\":\"gold\",\"italic\":false}",
                "minecraft:lore": [
                  "{\"text\":\" \"}",
                  "{\"text\":\"Ability:\",\"color\":\"green\",\"italic\":false}",
                  "{\"text\":\"Mining dripstone blocks increases \",\"color\":\"gray\",\"italic\":false}",
                  "{\"text\":\"hit speed by 1% for every 1000\",\"color\":\"gray\",\"italic\":false}",
                  "{\"text\":\"blocks mined. Caps at 25000.\",\"color\":\"gray\",\"italic\":false}"
                ],
                "minecraft:dyed_color": {
                  "rgb": 8016693,
                  "show_in_tooltip": false
                },
                "minecraft:custom_data": {
                  "armor": "dripstone_helmet",
                  "mt": "armor"
                }
              }
            },
            {
              "function": "minecraft:set_enchantments",
              "enchantments": {
                "minecraft:protection": {
                  "min": 2,
                  "max": 6
                },
                "minecraft:projectile_protection": {
                  "min": 1,
                  "max": 10
                },
                "minecraft:aqua_affinity": {
                  "min": 1,
                  "max": 1
                },
                "minecraft:respiration": {
                  "min": 1,
                  "max": 10
                }
              }
            },
            {
              "function": "minecraft:set_attributes",
              "modifiers": [
                {
                  "id": "dripstone_helmet",
                  "attribute": "minecraft:generic.armor",
                  "name": "minecraft:generic.armor",
                  "amount": 2.5,
                  "operation": "add_value",
                  "slot": "head"
                },
                {
                  "id": "dripstone_helmet",
                  "attribute": "minecraft:generic.armor_toughness",
                  "name": "minecraft:generic.armor_toughness",
                  "amount": 4.5,
                  "operation": "add_value",
                  "slot": "head"
                }
              ]
            }
          ]
        },
        {
          "type": "minecraft:item",
          "name": "minecraft:leather_helmet",
          "functions": [
            {
              "function": "minecraft:set_components",
              "components": {
                "minecraft:repair_cost": 99999,
                "minecraft:unbreakable": {},
                "minecraft:custom_name": "{\"text\":\"Dripstone Helmet\",\"color\":\"gold\",\"italic\":false}",
                "minecraft:lore": [
                  "{\"text\":\" \"}",
                  "{\"text\":\"Ability:\",\"color\":\"green\",\"italic\":false}",
                  "{\"text\":\"Mining dripstone blocks increases \",\"color\":\"gray\",\"italic\":false}",
                  "{\"text\":\"hit speed by 1% for every 1000\",\"color\":\"gray\",\"italic\":false}",
                  "{\"text\":\"blocks mined. Caps at 25000.\",\"color\":\"gray\",\"italic\":false}"
                ],
                "minecraft:dyed_color": {
                  "rgb": 8016693,
                  "show_in_tooltip": false
                },
                "minecraft:custom_data": {
                  "armor": "dripstone_helmet",
                  "mt": "armor"
                }
              }
            },
            {
              "function": "minecraft:set_enchantments",
              "enchantments": {
                "minecraft:protection": {
                  "min": 2,
                  "max": 6
                },
                "minecraft:projectile_protection": {
                  "min": 1,
                  "max": 10
                },
                "minecraft:aqua_affinity": {
                  "min": 1,
                  "max": 1
                },
                "minecraft:respiration": {
                  "min": 1,
                  "max": 10
                }
              }
            },
            {
              "function": "minecraft:set_attributes",
              "modifiers": [
                {
                  "id": "dripstone_helmet",
                  "attribute": "minecraft:generic.armor",
                  "name": "minecraft:generic.armor",
                  "amount": 2.5,
                  "operation": "add_value",
                  "slot": "head"
                },
                {
                  "id": "dripstone_helmet",
                  "attribute": "minecraft:generic.armor_toughness",
                  "name": "minecraft:generic.armor_toughness",
                  "amount": 5,
                  "operation": "add_value",
                  "slot": "head"
                }
              ]
            }
          ]
        }
      ]
    }
  ]
}
