[
    {
        "function": "set_attributes",
      "modifiers": [
        {
            "attribute": "generic.attack_damage",
            "amount": 0.334,
            "operation": "multiply_total",
            "slot": "mainhand",
            "name": "9",
            "id": "b413d0e1-e5a2-4e7d-adad-6244e38d5c55"

         },
         {
          "attribute": "generic.movement_speed",
          "amount": 0.1,
          "operation": "multiply_total",
          "slot": "mainhand",
          "name": "99",
          "id": "b71140c1-34f8-4b4e-a2bf-e85437896bf8"
         
       }
        
         
      
         
        
      ]
    }
]

  
