[
    {
        "function": "set_attributes",
      "modifiers": [
        {
            "attribute": "generic.attack_damage",
            "amount": 0.333,
            "operation": "multiply_total",
            "slot": "mainhand",
            "name": "3",
            "id": "a820dec8-7a51-4c6f-948d-f4ead3d6e51f"
           
         },
         {
          "attribute": "generic.movement_speed",
          "amount": 0.1,
          "operation": "multiply_total",
          "slot": "mainhand",
          "name": "33",
          "id": "3eab1ee9-f37f-46c4-8908-ff4ba578bbb2"
         
       }
        
     
         
      
         
        
      ]
    }
]

  
