[
    {
        "function": "set_attributes",
      "modifiers": [
        {
            "attribute": "generic.attack_damage",
            "amount": 0.333,
            "operation": "multiply_total",
            "slot": "mainhand",
            "name": "6",
            "id": "cc19a8b9-4177-496a-9107-562d4559f9a7"
         },
         
         {
          "attribute": "generic.movement_speed",
          "amount": 0.1,
          "operation": "multiply_total",
          "slot": "mainhand",
          "name": "66",
          "id": "15e41147-54ce-4745-8f67-ec82fb5efea4"
         
       }
        
     
         
      
         
        
      ]
    }
]

  
