{
	"show_toast": false,
	"criteria": {
		"0": 
		{
			"trigger":"minecraft:tick",
			"conditions": {
				"player": [
				{
					"condition": "minecraft:entity_properties",
					"entity":"this",
					"predicate": {
						"equipment": {
							"mainhand": {
								"items": ["minecraft:daylight_detector"]
							}
						}
					}
				}
				]
			}
		},
		"1": 
		{
			"trigger":"minecraft:tick",
			"conditions": {
				"player": [
				{
					"condition": "minecraft:entity_properties",
					"entity":"this",
					"predicate": {
						"equipment": {
							"offhand": {
								"items": ["minecraft:daylight_detector"]
							}
						}
					}
				}
				]
			}
		}
	},
	"requirements": [["0","1"]],
	"rewards": {
		"function": "siscu:items/use/daylight_sensor_display"
	}
}