{
    "type": "minecraft:chest",
    "pools": [
      {
        "rolls": 1,
        "bonus_rolls": 0,
        "entries": [
          {
            "type": "minecraft:item",
            "name": "minecraft:heart_of_the_sea"
          }
        ]
      },
      {
        "rolls": {
          "type": "minecraft:uniform",
          "min": 5,
          "max": 8
        },
        "bonus_rolls": 0,
        "entries": [
          {
            "type": "minecraft:item",
            "weight": 20,
            "name": "minecraft:iron_ingot",
            "functions": [
              {
                "function": "minecraft:set_count",
                "count": {
                  "type": "minecraft:uniform",
                  "min": 1,
                  "max": 4
                },
                "add": false
              }
            ]
          },
          {
            "type": "minecraft:item",
            "weight": 10,
            "name": "minecraft:gold_ingot",
            "functions": [
              {
                "function": "minecraft:set_count",
                "count": {
                  "type": "minecraft:uniform",
                  "min": 1,
                  "max": 4
                },
                "add": false
              }
            ]
          },
          {
            "type": "minecraft:item",
            "weight": 5,
            "name": "minecraft:tnt",
            "functions": [
              {
                "function": "minecraft:set_count",
                "count": {
                  "type": "minecraft:uniform",
                  "min": 1,
                  "max": 2
                },
                "add": false
              }
            ]
          }
        ]
      },
      {
        "rolls": {
          "type": "minecraft:uniform",
          "min": 1,
          "max": 3
        },
        "bonus_rolls": 0,
        "entries": [
          {
            "type": "minecraft:item",
            "weight": 5,
            "name": "minecraft:emerald",
            "functions": [
              {
                "function": "minecraft:set_count",
                "count": {
                  "type": "minecraft:uniform",
                  "min": 4,
                  "max": 8
                },
                "add": false
              }
            ]
          },
          {
            "type": "minecraft:item",
            "weight": 5,
            "name": "minecraft:diamond",
            "functions": [
              {
                "function": "minecraft:set_count",
                "count": {
                  "type": "minecraft:uniform",
                  "min": 1,
                  "max": 2
                },
                "add": false
              }
            ]
          },
          {
            "type": "minecraft:item",
            "weight": 5,
            "name": "minecraft:prismarine_crystals",
            "functions": [
              {
                "function": "minecraft:set_count",
                "count": {
                  "type": "minecraft:uniform",
                  "min": 1,
                  "max": 5
                },
                "add": false
              }
            ]
          }
        ]
      },
      {
        "rolls": {
          "type": "minecraft:uniform",
          "min": 0,
          "max": 1
        },
        "bonus_rolls": 0,
        "entries": [
          {
            "type": "minecraft:item",
            "name": "minecraft:leather_chestplate"
          },
          {
            "type": "minecraft:item",
            "name": "minecraft:iron_sword"
          }
        ]
      },
      {
        "rolls": 2,
        "bonus_rolls": 0,
        "entries": [
          {
            "type": "minecraft:item",
            "name": "minecraft:cooked_cod",
            "functions": [
              {
                "function": "minecraft:set_count",
                "count": {
                  "type": "minecraft:uniform",
                  "min": 2,
                  "max": 4
                },
                "add": false
              }
            ]
          },
          {
            "type": "minecraft:item",
            "name": "minecraft:cooked_salmon",
            "functions": [
              {
                "function": "minecraft:set_count",
                "count": {
                  "type": "minecraft:uniform",
                  "min": 2,
                  "max": 4
                },
                "add": false
              }
            ]
          }
        ]
      },
      {
        "rolls": {
          "type": "minecraft:uniform",
          "min": 0,
          "max": 2
        },
        "bonus_rolls": 0,
        "entries": [
          {
            "type": "minecraft:item",
            "name": "minecraft:potion"
          }
        ],
        "functions": [
          {
            "function": "minecraft:set_potion",
            "id": "minecraft:water_breathing"
          }
        ]
      },
      {
        "rolls": {
          "min": 1,
          "max": 3
        },
        "entries": [
          {
            "type": "minecraft:item",
            "name": "minecraft:golden_sword",
            "functions": [
              {
                "function": "minecraft:set_nbt",
                "tag": "{display:{Name:'{\"text\":\"Captain\\'s Cutlass\",\"color\":\"yellow\",\"italic\":false}',Lore:['{\"text\":\"Warfare Expanded\",\"color\":\"blue\",\"italic\":false}','{\"text\":\"When in Main Hand:\",\"color\":\"gray\",\"italic\":false}','{\"text\":\" 6 Attack Damage\",\"color\":\"dark_green\",\"italic\":false}','{\"text\":\" 1.4 Attack Speed\",\"color\":\"dark_green\",\"italic\":false}','{\"text\":\" +3 Armor Toughness\",\"color\":\"dark_green\",\"italic\":false}','{\"text\":\"Protective II\",\"color\":\"dark_gray\",\"italic\":false}','{\"text\":\"Grants minor armor toughness\",\"color\":\"gray\",\"italic\":false}','{\"text\":\"Edged III\",\"color\":\"blue\",\"italic\":false}','{\"text\":\"Greatly damages the durability\",\"color\":\"gray\",\"italic\":false}','{\"text\":\"of polearm classified-weapons\",\"color\":\"gray\",\"italic\":false}']},HideFlags:6,CustomModelData:99993,AttributeModifiers:[{AttributeName:\"generic.attack_speed\",Name:\"generic.attack_speed\",Amount:-2.6,Operation:0,UUID:[I;-651395746,326256531,-1869819757,607345070],Slot:\"mainhand\"},{AttributeName:\"generic.attack_damage\",Name:\"generic.attack_damage\",Amount:5,Operation:0,UUID:[I;-252854132,-940752192,-2102078822,774940724],Slot:\"mainhand\"},{AttributeName:\"generic.armor_toughness\",Name:\"generic.armor_toughness\",Amount:3,Operation:0,UUID:[I;-1312966328,-1011400309,-1802566608,1411607313],Slot:\"mainhand\"}],Unbreakable:1b}"
              }
            ],
            "conditions": [
              {
                "condition": "minecraft:random_chance",
                "chance": 0.1
              }
            ]
          },
          {
            "type": "minecraft:item",
            "name": "minecraft:golden_sword",
            "functions": [
              {
                "function": "minecraft:set_nbt",
                "tag": "{display:{Name:'{\"text\":\"Golden Dagger\",\"italic\":false}',Lore:['{\"text\":\"Warfare Expanded\",\"color\":\"blue\",\"italic\":false}','{\"text\":\"When in Main Hand:\",\"color\":\"gray\",\"italic\":false}','{\"text\":\" 2 Attack Damage\",\"color\":\"dark_green\",\"italic\":false}','{\"text\":\" 2.5 Attack Speed\",\"color\":\"dark_green\",\"italic\":false}','{\"text\":\"Agile I\",\"color\":\"blue\",\"italic\":false}','{\"text\":\"Allows more speedy movement\",\"color\":\"gray\",\"italic\":false}']},HideFlags:2,CustomModelData:99991,AttributeModifiers:[{AttributeName:\"generic.attack_speed\",Name:\"generic.attack_speed\",Amount:-1.5,Operation:0,UUID:[I;1785843951,-524401287,-1437183872,-1905066376],Slot:\"mainhand\"},{AttributeName:\"generic.attack_damage\",Name:\"generic.attack_damage\",Amount:1,Operation:0,UUID:[I;-1199505874,-367439938,-1512480601,-1447028288],Slot:\"mainhand\"},{AttributeName:\"generic.movement_speed\",Name:\"generic.movement_speed\",Amount:0.02,Operation:0,UUID:[I;-2082031697,1721320862,-1601070484,698755351],Slot:\"mainhand\"}]}",
                "conditions": [
                  {
                    "condition": "minecraft:random_chance",
                    "chance": 0.3
                  }
                ]
              }
            ]
          },
          {
            "type": "minecraft:item",
            "name": "minecraft:iron_sword",
            "functions": [
              {
                "function": "minecraft:set_nbt",
                "tag": "{display:{Name:'{\"text\":\"Iron Cutlass\",\"italic\":false}',Lore:['{\"text\":\"Warfare Expanded\",\"color\":\"blue\",\"italic\":false}','{\"text\":\"When in Main Hand:\",\"color\":\"gray\",\"italic\":false}','{\"text\":\" 7 Attack Damage\",\"color\":\"dark_green\",\"italic\":false}','{\"text\":\" 1.4 Attack Speed\",\"color\":\"dark_green\",\"italic\":false}','{\"text\":\" +2 Armor Toughness\",\"color\":\"dark_green\",\"italic\":false}','{\"text\":\"Tough I\",\"color\":\"dark_gray\",\"italic\":false}','{\"text\":\"Grants more toughness\",\"color\":\"gray\",\"italic\":false}']},HideFlags:2,CustomModelData:99993,AttributeModifiers:[{AttributeName:\"generic.attack_speed\",Name:\"generic.attack_speed\",Amount:-2.6,Operation:0,UUID:[I;-1957313704,2070757512,-1141512217,2113052910],Slot:\"mainhand\"},{AttributeName:\"generic.attack_damage\",Name:\"generic.attack_damage\",Amount:6,Operation:0,UUID:[I;579770866,610290927,-1872446312,1090195186],Slot:\"mainhand\"},{AttributeName:\"generic.armor_toughness\",Name:\"generic.armor_toughness\",Amount:2,Operation:0,UUID:[I;313531951,-1854913636,-1927821208,-750888535],Slot:\"mainhand\"}]}"
              }
            ],
            "conditions": [
              {
                "condition": "minecraft:random_chance",
                "chance": 0.5
              }
            ]
          }
        ]
      }
    ],
    "random_sequence": "minecraft:chests/buried_treasure"
  }
  