{
  "type": "minecraft:chest",
  "pools": [
    {
      "rolls": {
        "type": "minecraft:uniform",
        "min": 2,
        "max": 4
      },
      "bonus_rolls": 0,
      "entries": [
        {
          "type": "minecraft:item",
          "weight": 5,
          "name": "minecraft:diamond",
          "functions": [
            {
              "function": "minecraft:set_count",
              "count": {
                "type": "minecraft:uniform",
                "min": 1,
                "max": 3
              },
              "add": false
            }
          ]
        },
        {
          "type": "minecraft:item",
          "weight": 15,
          "name": "minecraft:iron_ingot",
          "functions": [
            {
              "function": "minecraft:set_count",
              "count": {
                "type": "minecraft:uniform",
                "min": 1,
                "max": 5
              },
              "add": false
            }
          ]
        },
        {
          "type": "minecraft:item",
          "weight": 15,
          "name": "minecraft:gold_ingot",
          "functions": [
            {
              "function": "minecraft:set_count",
              "count": {
                "type": "minecraft:uniform",
                "min": 2,
                "max": 7
              },
              "add": false
            }
          ]
        },
        {
          "type": "minecraft:item",
          "weight": 15,
          "name": "minecraft:emerald",
          "functions": [
            {
              "function": "minecraft:set_count",
              "count": {
                "type": "minecraft:uniform",
                "min": 1,
                "max": 3
              },
              "add": false
            }
          ]
        },
        {
          "type": "minecraft:item",
          "weight": 25,
          "name": "minecraft:bone",
          "functions": [
            {
              "function": "minecraft:set_count",
              "count": {
                "type": "minecraft:uniform",
                "min": 4,
                "max": 6
              },
              "add": false
            }
          ]
        },
        {
          "type": "minecraft:item",
          "weight": 25,
          "name": "minecraft:spider_eye",
          "functions": [
            {
              "function": "minecraft:set_count",
              "count": {
                "type": "minecraft:uniform",
                "min": 1,
                "max": 3
              },
              "add": false
            }
          ]
        },
        {
          "type": "minecraft:item",
          "weight": 25,
          "name": "minecraft:rotten_flesh",
          "functions": [
            {
              "function": "minecraft:set_count",
              "count": {
                "type": "minecraft:uniform",
                "min": 3,
                "max": 7
              },
              "add": false
            }
          ]
        },
        {
          "type": "minecraft:item",
          "weight": 20,
          "name": "minecraft:saddle"
        },
        {
          "type": "minecraft:item",
          "weight": 15,
          "name": "minecraft:iron_horse_armor"
        },
        {
          "type": "minecraft:item",
          "weight": 10,
          "name": "minecraft:golden_horse_armor"
        },
        {
          "type": "minecraft:item",
          "weight": 5,
          "name": "minecraft:diamond_horse_armor"
        },
        {
          "type": "minecraft:item",
          "weight": 20,
          "name": "minecraft:book",
          "functions": [
            {
              "function": "minecraft:enchant_randomly"
            }
          ]
        },
        {
          "type": "minecraft:item",
          "weight": 20,
          "name": "minecraft:golden_apple"
        },
        {
          "type": "minecraft:item",
          "weight": 2,
          "name": "minecraft:enchanted_golden_apple"
        },
        {
          "type": "minecraft:empty",
          "weight": 15
        }
      ]
    },
    {
      "rolls": 4,
      "bonus_rolls": 0,
      "entries": [
        {
          "type": "minecraft:item",
          "weight": 10,
          "name": "minecraft:bone",
          "functions": [
            {
              "function": "minecraft:set_count",
              "count": {
                "type": "minecraft:uniform",
                "min": 1,
                "max": 8
              },
              "add": false
            }
          ]
        },
        {
          "type": "minecraft:item",
          "weight": 10,
          "name": "minecraft:gunpowder",
          "functions": [
            {
              "function": "minecraft:set_count",
              "count": {
                "type": "minecraft:uniform",
                "min": 1,
                "max": 8
              },
              "add": false
            }
          ]
        },
        {
          "type": "minecraft:item",
          "weight": 10,
          "name": "minecraft:rotten_flesh",
          "functions": [
            {
              "function": "minecraft:set_count",
              "count": {
                "type": "minecraft:uniform",
                "min": 1,
                "max": 8
              },
              "add": false
            }
          ]
        },
        {
          "type": "minecraft:item",
          "weight": 10,
          "name": "minecraft:string",
          "functions": [
            {
              "function": "minecraft:set_count",
              "count": {
                "type": "minecraft:uniform",
                "min": 1,
                "max": 8
              },
              "add": false
            }
          ]
        },
        {
          "type": "minecraft:item",
          "weight": 10,
          "name": "minecraft:sand",
          "functions": [
            {
              "function": "minecraft:set_count",
              "count": {
                "type": "minecraft:uniform",
                "min": 1,
                "max": 8
              },
              "add": false
            }
          ]
        }
      ]
    },
    {
      "rolls": 1,
      "bonus_rolls": 0,
      "entries": [
        {
          "type": "minecraft:empty",
          "weight": 6
        },
        {
          "type": "minecraft:item",
          "name": "minecraft:dune_armor_trim_smithing_template",
          "functions": [
            {
              "function": "minecraft:set_count",
              "count": 2,
              "add": false
            }
          ]
        }
      ]
    },
    {
      "rolls": 1,
      "entries": [
        {
          "type": "minecraft:item",
          "weight": 2,
          "name": "minecraft:iron_axe",
          "functions": [
            {
              "function": "minecraft:set_damage",
              "damage": {
                "min": 0,
                "max": 1
              }
            },
            {
              "function": "minecraft:set_nbt",
              "tag": "{display:{Name:'{\"text\":\"Iron War Hammer\",\"italic\":false}',Lore:['{\"text\":\"Warfare Expanded\",\"color\":\"blue\",\"italic\":false}','{\"text\":\"When in Main Hand:\",\"color\":\"gray\",\"italic\":false}','{\"text\":\" 8 Attack Damage\",\"color\":\"dark_green\",\"italic\":false}','{\"text\":\" 0.9 Attack Speed\",\"color\":\"dark_green\",\"italic\":false}','{\"text\":\"Crusher I\",\"color\":\"gold\",\"italic\":false}','{\"text\":\"Demolishes shields durability\",\"color\":\"gray\",\"italic\":false}','{\"text\":\"Denting II\",\"color\":\"light_purple\",\"italic\":false}','{\"text\":\"Breaks victim\\'s armor quicker\",\"color\":\"gray\",\"italic\":false}']},HideFlags:2,CustomModelData:99999,AttributeModifiers:[{AttributeName:\"generic.attack_speed\",Name:\"generic.attack_speed\",Amount:-3.1,Operation:0,UUID:[I;-1632399102,469649563,-1324953608,2079255688],Slot:\"mainhand\"},{AttributeName:\"generic.attack_damage\",Name:\"generic.attack_damage\",Amount:7,Operation:0,UUID:[I;940041242,1801470154,-1374727545,489128060],Slot:\"mainhand\"}]}"
            }
          ]
        },
        {
          "type": "minecraft:item",
          "weight": 1,
          "name": "minecraft:diamond_sword",
          "functions": [
            {
              "function": "minecraft:set_nbt",
              "tag": "{display:{Name:'{\"text\":\"Diamond Lance\",\"italic\":false}',Lore:['{\"text\":\"Warfare Expanded\",\"color\":\"blue\",\"italic\":false}','{\"text\":\"When in Main Hand:\",\"color\":\"gray\",\"italic\":false}','{\"text\":\" 7 Attack Damage\",\"color\":\"dark_green\",\"italic\":false}','{\"text\":\" 1 Attack Speed\",\"color\":\"dark_green\",\"italic\":false}','{\"text\":\"Accelerating II\",\"color\":\"red\",\"italic\":false}','{\"text\":\"Sprinting in a straight direction\",\"color\":\"gray\",\"italic\":false}','{\"text\":\"grants more damage as you accelerate\",\"color\":\"gray\",\"italic\":false}','{\"text\":\"Two Handed I\",\"color\":\"yellow\",\"italic\":false}','{\"text\":\"Drastically reduces attack speed\",\"color\":\"gray\",\"italic\":false}','{\"text\":\"When holding a shield\",\"color\":\"gray\",\"italic\":false}']},HideFlags:2,CustomModelData:99995,AttributeModifiers:[{AttributeName:\"generic.attack_speed\",Name:\"generic.attack_speed\",Amount:-3,Operation:0,UUID:[I;1539246648,1762738449,-1371636676,560698772],Slot:\"mainhand\"},{AttributeName:\"generic.attack_damage\",Name:\"generic.attack_damage\",Amount:6,Operation:0,UUID:[I;1323943394,-996849359,-1479367223,-1213433094],Slot:\"mainhand\"}]}"
            },
            {
              "function": "minecraft:set_damage",
              "damage": {
                "min": 0.3,
                "max": 1
              }
            }
          ],
          "conditions": [
            {
              "condition": "minecraft:random_chance",
              "chance": 0.05
            }
          ]
        },
        {
          "type": "minecraft:item",
          "weight": 3,
          "name": "minecraft:iron_sword",
          "functions": [
            {
              "function": "minecraft:set_nbt",
              "tag": "{display:{Name:'{\"text\":\"Iron Scythe\",\"italic\":false}',Lore:['{\"text\":\"Warfare Expanded\",\"color\":\"blue\",\"italic\":false}','{\"text\":\"When in Main Hand:\",\"color\":\"gray\",\"italic\":false}','{\"text\":\" 5 Attack Damage\",\"color\":\"dark_green\",\"italic\":false}','{\"text\":\" 2 Attack Speed\",\"color\":\"dark_green\",\"italic\":false}','{\"text\":\"Hooking\",\"color\":\"dark_purple\",\"italic\":false}','{\"text\":\"Landing a critical hit\",\"color\":\"gray\",\"italic\":false}','{\"text\":\"Dismounts the target\",\"color\":\"gray\",\"italic\":false}']},HideFlags:2,CustomModelData:999902,AttributeModifiers:[{AttributeName:\"generic.attack_speed\",Name:\"generic.attack_speed\",Amount:-2,Operation:0,UUID:[I;-1563125717,-1283832559,-2074472975,1792198106],Slot:\"mainhand\"},{AttributeName:\"generic.attack_damage\",Name:\"generic.attack_damage\",Amount:4,Operation:0,UUID:[I;1633782593,-757576829,-1299978938,-1937486598],Slot:\"mainhand\"}]}"
            },
            {
              "function": "minecraft:set_damage",
              "damage": {
                "min": 0,
                "max": 1
              }
            }
          ],
          "conditions": [
            {
              "condition": "minecraft:random_chance",
              "chance": 0.3
            }
          ]
        }
      ]
    },
    {
      "rolls": 1,
      "entries": [
        {
          "type": "minecraft:item",
          "weight": 1,
          "name": "minecraft:shield",
          "functions": [
            {
              "function": "minecraft:set_nbt",
              "tag": "{display:{Name:'{\"text\":\"Iron Round Shield\",\"italic\":false}',Lore:['{\"text\":\"Warfare Expanded\",\"color\":\"blue\",\"italic\":false}','{\"text\":\"When Holding:\",\"color\":\"gray\",\"italic\":false}','{\"text\":\"50% Chance of Disability\",\"color\":\"dark_green\",\"italic\":false}','{\"text\":\"Light II\",\"color\":\"#E6BC17\",\"italic\":false}','{\"text\":\"Avoids Two-Handed weapons\",\"color\":\"gray\",\"italic\":false}','{\"text\":\"Debuffs depending on its\",\"color\":\"gray\",\"italic\":false}','{\"text\":\"Level\",\"color\":\"gray\",\"italic\":false}']},CustomModelData:999904}"
            },
            {
              "function": "minecraft:set_damage",
              "damage": {
                "min": 0.5,
                "max": 1
              }
            }
          ]
        },
        {
          "type": "minecraft:item",
          "weight": 4,
          "name": "minecraft:shield",
          "functions": [
            {
              "function": "minecraft:set_damage",
              "damage": {
                "min": 0.3,
                "max": 1
              }
            },
            {
              "function": "minecraft:set_nbt",
              "tag": "{display:{Name:'{\"text\":\"Copper Round Shield\",\"italic\":false}',Lore:['{\"text\":\"Warfare Expanded\",\"color\":\"blue\",\"italic\":false}','{\"text\":\"When Holding:\",\"color\":\"gray\",\"italic\":false}','{\"text\":\"65% Chance of Disability\",\"color\":\"dark_green\",\"italic\":false}','{\"text\":\"Light II\",\"color\":\"#E6BC17\",\"italic\":false}','{\"text\":\"Avoids Two-Handed weapons\",\"color\":\"gray\",\"italic\":false}','{\"text\":\"Debuffs depending on its\",\"color\":\"gray\",\"italic\":false}','{\"text\":\"Level\",\"color\":\"gray\",\"italic\":false}']},CustomModelData:999905}"
            }
          ]
        }
      ],
      "conditions": [
        {
          "condition": "minecraft:random_chance",
          "chance": 0.5
        }
      ]
    }
  ],
  "random_sequence": "minecraft:chests/desert_pyramid"
}
