{  "parent": "wep:root",
  
    "criteria": {
        "shield1":{
            "trigger": "entity_hurt_player" ,
            "conditions": {
                "player": {
                  "equipment": {
                    "mainhand": {
                        "items": [
                            "shield"
                        ]
                    }
                  }
                
            },
            "damage": {
                "blocked": true,
                "source_entity": {
                    "equipment": {
                        "mainhand": {
                            "nbt": "{CustomModelData:99992}"
                        }
                    }
                }
            }
            

        }
    },
        "shield2":{
            "trigger": "entity_hurt_player" ,
            "conditions": {
                "player": {
                  "equipment": {
                    "offhand": {
                        "items": [
                            "shield"
                        ]
                    }
                  }
                
            },
            "damage": {
                "blocked": true,
                "source_entity": {
                    "equipment": {
                        "mainhand": {
                            "nbt": "{CustomModelData:99992}"
                        }
                    }
                }
            }
        }}
        
    },
    "rewards": {
        "function": "wep:technical/shield_disability/disable"
    },
    "requirements":[ ["shield1","shield2"]
]


}