{
  "pools": [
    {
      "rolls": {
        "min": {
          "type": "minecraft:score",
          "target": "this",
          "score": "mt.progression",
          "scale": 0.00002
        },
        "max": {
          "type": "minecraft:score",
          "target": "this",
          "score": "mt.progression",
          "scale": 0.000025
        }
      },
      "bonus_rolls": {
        "min": 1,
        "max": 6
      },
      "entries": [
        {
          "type": "minecraft:loot_table",
          "value": "mt:charms/rare",
          "conditions": [
            {
              "condition": "minecraft:value_check",
              "value": {
                "type": "minecraft:score",
                "target": {
                  "type": "minecraft:fixed",
                  "name": "#disable_rare_charm"
                },
                "score": "mt.constant"
              },
              "range": 0
            },
            {
              "condition": "minecraft:random_chance",
              "chance": 0.02
            }
          ]
        },
        {
          "type": "minecraft:item",
          "weight": 3,
          "name": "minecraft:piston",
          "functions": [
            {
              "function": "minecraft:set_count",
              "count": {
                "min": 1,
                "max": 3
              }
            }
          ]
        },
        {
          "type": "minecraft:item",
          "weight": 1,
          "name": "minecraft:golden_apple",
          "functions": [
            {
              "function": "minecraft:set_count",
              "count": {
                "min": 1,
                "max": 3
              }
            }
          ]
        },
        {
          "type": "minecraft:item",
          "weight": 1,
          "name": "minecraft:diamond",
          "functions": [
            {
              "function": "minecraft:set_count",
              "count": {
                "min": 1,
                "max": 2
              }
            }
          ],
          "conditions": [
            {
              "condition": "minecraft:entity_scores",
              "entity": "this",
              "scores": {
                "mt.progression": {
                  "max": 399999
                }
              }
            }
          ]
        },
        {
          "type": "minecraft:item",
          "weight": 3,
          "name": "minecraft:emerald",
          "functions": [
            {
              "function": "minecraft:set_count",
              "count": {
                "min": 2,
                "max": 4
              }
            }
          ]
        },
        {
          "type": "minecraft:item",
          "weight": 1,
          "name": "minecraft:dispenser",
          "functions": [
            {
              "function": "minecraft:set_contents",
              "component": "minecraft:container",
              "entries": [
                {
                  "type": "minecraft:loot_table",
                  "value": "mt:chests/jungle_treasure/arrows"
                }
              ]
            },
            {
              "function": "minecraft:set_count",
              "count": {
                "min": 1,
                "max": 1
              }
            },
            {
              "function": "set_lore",
              "lore": [
                {
                  "text": "A dispenser full of arrows. ",
                  "color": "gray",
                  "italic": false
                }
              ],
              "mode": "replace_all"
            }
          ],
          "conditions": [
            {
              "condition": "minecraft:entity_scores",
              "entity": "this",
              "scores": {
                "mt.progression": {
                  "min": 320000
                }
              }
            }
          ]
        },
        {
          "type": "minecraft:item",
          "name": "minecraft:goat_horn",
          "weight": 1,
          "functions": [
            {
              "function": "minecraft:set_components",
              "components": {
                "minecraft:repair_cost": 99999,
                "minecraft:instrument": "minecraft:sing_goat_horn",
                "max_damage": 500,
                "minecraft:damage": 0,
                "minecraft:max_stack_size": 1,
                "minecraft:custom_name": "{\"text\":\"Leaf Blower\",\"color\":\"aqua\",\"italic\":false}",
                "minecraft:lore": [
                  "{\"text\":\" \"}",
                  "{\"text\":\"Ability:\",\"color\":\"green\",\"italic\":false}",
                  "{\"text\":\"Insta-mines wood, leaves and vines\",\"color\":\"gray\",\"italic\":false}"
                ],
                "minecraft:custom_data": {
                  "item": "mt.leaf_blower"
                },
                "minecraft:tool": {
                  "rules": [
                    {
                      "blocks": "#mt:leaf_blower",
                      "speed": 500,
                      "correct_for_drops": true
                    }
                  ],
                  "default_mining_speed": 1,
                  "damage_per_block": 1
                }
              }
            }
          ],
          "conditions": [
            {
              "condition": "minecraft:entity_scores",
              "entity": "this",
              "scores": {
                "mt.progression": {
                  "min": 400000
                }
              }
            }
          ]
        },
        {
          "type": "minecraft:item",
          "weight": 3,
          "name": "minecraft:experience_bottle",
          "functions": [
            {
              "function": "minecraft:set_count",
              "count": {
                "min": 4,
                "max": 8
              }
            }
          ]
        },
        {
          "type": "minecraft:item",
          "weight": 1,
          "name": "minecraft:creeper_head",
          "functions": [
            {
              "function": "minecraft:set_attributes",
              "modifiers": [
                {
                  "id": "creeper_helmet",
                  "attribute": "minecraft:generic.armor",
                  "name": "minecraft:generic.armor",
                  "amount": {
                    "min": 2,
                    "max": 2
                  },
                  "operation": "add_value",
                  "slot": "head"
                },
                {
                  "id": "creeper_helmet",
                  "attribute": "minecraft:generic.armor_toughness",
                  "name": "minecraft:generic.armor_toughness",
                  "amount": {
                    "min": 1,
                    "max": 1
                  },
                  "operation": "add_value",
                  "slot": "head"
                }
              ]
            },
            {
              "function": "minecraft:set_name",
              "name": [
                {
                  "text": "Creeper Helmet",
                  "color": "aqua",
                  "italic": false
                }
              ]
            },
            {
              "function": "minecraft:set_components",
              "components": {
                "minecraft:custom_data": {
                  "minecraft:custom_data": {
                    "armor": "creep"
                  }
                }
              }
            },
            {
              "function": "minecraft:set_enchantments",
              "enchantments": {
                "minecraft:blast_protection": {
                  "min": 1,
                  "max": 10
                },
                "minecraft:fire_protection": {
                  "min": 0,
                  "max": 3
                },
                "minecraft:projectile_protection": {
                  "min": 0,
                  "max": 3
                },
                "minecraft:protection": {
                  "min": 0,
                  "max": 3
                }
              }
            }
          ],
          "conditions": [
            {
              "condition": "minecraft:random_chance",
              "chance": 0.25
            }
          ]
        },
        {
          "type": "minecraft:item",
          "weight": 1,
          "name": "minecraft:skeleton_skull",
          "functions": [
            {
              "function": "minecraft:set_attributes",
              "modifiers": [
                {
                  "id": "skeleton_helmet",
                  "attribute": "minecraft:generic.armor",
                  "name": "minecraft:generic.armor",
                  "amount": {
                    "min": 2,
                    "max": 2
                  },
                  "operation": "add_value",
                  "slot": "head"
                },
                {
                  "id": "skeleton_helmet",
                  "attribute": "minecraft:generic.armor_toughness",
                  "name": "minecraft:generic.armor_toughness",
                  "amount": {
                    "min": 1,
                    "max": 1
                  },
                  "operation": "add_value",
                  "slot": "head"
                }
              ]
            },
            {
              "function": "minecraft:set_name",
              "name": [
                {
                  "text": "Skeleton Helmet",
                  "color": "aqua",
                  "italic": false
                }
              ]
            },
            {
              "function": "minecraft:set_components",
              "components": {
                "minecraft:custom_data": {
                  "minecraft:custom_data": {
                    "armor": "skel"
                  }
                }
              }
            },
            {
              "function": "minecraft:set_enchantments",
              "enchantments": {
                "minecraft:blast_protection": {
                  "min": 0,
                  "max": 3
                },
                "minecraft:fire_protection": {
                  "min": 0,
                  "max": 3
                },
                "minecraft:projectile_protection": {
                  "min": 1,
                  "max": 10
                },
                "minecraft:protection": {
                  "min": 0,
                  "max": 3
                }
              }
            }
          ],
          "conditions": [
            {
              "condition": "minecraft:random_chance",
              "chance": 0.25
            }
          ]
        },
        {
          "type": "minecraft:item",
          "weight": 2,
          "name": "minecraft:saddle",
          "functions": [
            {
              "function": "minecraft:set_count",
              "count": {
                "min": 1,
                "max": 1
              }
            }
          ],
          "conditions": [
            {
              "condition": "minecraft:entity_scores",
              "entity": "this",
              "scores": {
                "mt.progression": {
                  "max": 399999
                }
              }
            }
          ]
        },
        {
          "type": "minecraft:item",
          "name": "minecraft:stick",
          "weight": 1,
          "functions": [
            {
              "function": "minecraft:set_components",
              "components": {
                "minecraft:custom_data": {
                  "spawn": "mt.panda_spawn"
                },
                "minecraft:enchantment_glint_override": true,
                "minecraft:food": {
                  "nutrition": 0,
                  "saturation": 0,
                  "can_always_eat": true,
                  "eat_seconds": 999999
                },
                "minecraft:fire_resistant": {},
                "minecraft:rarity": "rare",
                "minecraft:tool": {
                  "rules": [
                    {
                      "blocks": "#minecraft:base_stone_overworld",
                      "speed": 1,
                      "correct_for_drops": false
                    }
                  ]
                },
                "minecraft:max_stack_size": 16
              }
            },
            {
              "function": "minecraft:toggle_tooltips",
              "toggles": {
                "minecraft:attribute_modifiers": false
              }
            },
            {
              "function": "minecraft:set_name",
              "name": [
                {
                  "text": "Panda Spawn",
                  "color": "aqua",
                  "italic": false
                }
              ]
            },
            {
              "function": "minecraft:set_lore",
              "lore": [
                {
                  "text": "  "
                },
                {
                  "text": "Spawns a Panda",
                  "color": "gray",
                  "italic": false
                }
              ],
               "mode": "replace_all"
            }
          ],
          "conditions": [
            {
              "condition": "minecraft:random_chance",
              "chance": 0.2
            },
            {
              "condition": "minecraft:entity_scores",
              "entity": "this",
              "scores": {
                "mt.progression": {
                  "min": 500000
                }
              }
            }
          ]
        },
        {
          "type": "minecraft:item",
          "weight": 2,
          "name": "minecraft:tipped_arrow",
          "functions": [
            {
              "function": "minecraft:set_components",
              "components": {
                "minecraft:custom_name": "{\"text\":\"Poison Arrow\",\"color\":\"#46F057\",\"italic\":false}",
                "minecraft:potion_contents": {
                  "custom_color": 4915005,
                  "custom_effects": [
                    {
                      "id": "minecraft:poison",
                      "amplifier": 3,
                      "duration": 140,
                      "show_particles": true
                    },
                    {
                      "id": "minecraft:slowness",
                      "amplifier": 3,
                      "duration": 140,
                      "show_particles": true
                    },
                    {
                      "id": "minecraft:blindness",
                      "amplifier": 3,
                      "duration": 140,
                      "show_particles": true
                    }
                  ]
                }
              }
            },
            {
              "function": "set_lore",
              "lore": [
                {
                  "text": "A deadly arrow, applies Poison II, ",
                  "color": "gray",
                  "italic": false
                },
                {
                  "text": "Blindness and Slowness IV for 7 seconds. ",
                  "color": "gray",
                  "italic": false
                }
              ],
              "mode": "replace_all"
            }
          ],
          "conditions": [
            {
              "condition": "minecraft:entity_scores",
              "entity": "this",
              "scores": {
                "mt.progression": {
                  "min": 400000
                }
              }
            }
          ]
        }
      ]
    }
  ]
}
