{  "parent": "wep:warfare_expanded/blunts/blunts_and_axes",
    "display": {
        "icon": {
            "item": "minecraft:iron_axe",
            "nbt": "{CustomModelData:99994}"
            
        },
        "title": "Berserker",
        "description": "Mold a Battle Axe from any Material",
        "announce_to_chat": true,
        "hidden": false,
        "show_toast": true,
        "frame": "task"
     
    },
    "criteria": {
        "wep":{
            "trigger": "inventory_changed",
            "conditions": {
                "items": [{
                    "nbt": "{CustomModelData:99994}"
                }]
            }
            
           
        }
        
    }
   

}