{  "parent": "wep:warfare_expanded/w_i_a_b",
    "display": {
        "icon": {
            "item": "minecraft:stone_axe"
            
        },
        "title": "Pack a Punch",
        "description": "Mold a W.E Blunt weapon or any type of axe",
        "announce_to_chat": false,
        "hidden": false,
        "show_toast": true,
        "frame": "goal"
     
    },
    "criteria": {
        "wep":{
            "trigger": "inventory_changed",
            "conditions": {
                "items": [{
                    "nbt": "{CustomModelData:99994}"
                }]
            }
            
           
        },
        "wep1":{
            "trigger": "inventory_changed",
            "conditions": {
                "items": [
                    {"nbt": "{CustomModelData:99999}"}
                ]
            }
           
        }
        
    },
    "requirements": [
        ["wep","wep1"]
    ]
   

}