{  "parent": "wep:warfare_expanded/blunts/battle_axe",
    "display": {
        "icon": {
            "item": "minecraft:golden_axe",
            "nbt": "{CustomModelData:99994}"
            
        },
        "title": "Scariest Predator",
        "description": "Kill a Piglin Brute that's carrying a Golden Battle Axe with its own weapon",
        "announce_to_chat": true,
        "hidden": false,
        "show_toast": true,
        "frame": "challenge"
     
    },
    "criteria": {
        "wep":{
            "trigger": "player_killed_entity",
            "conditions": {
               "entity": {
                "equipment": {"mainhand": {"items": ["golden_axe"],"nbt": "{CustomModelData:99994}"}},
                "type":"piglin_brute"
                
               },"player": {
                 "equipment": {
                    "mainhand": {"nbt":"{CustomModelData:99994}","items":["minecraft:golden_axe"]}
                    
                 }
               }
            }
           
        }
        
    },
    "rewards": {
        "experience": 100
    }
   

}