[
    {
        "function": "set_enchantments",
        "add": true,
        "enchantments": {
            "sharpness":{
                "max":3,
                "min":1
            }
        },
        "conditions": [
            {
                "condition": "random_chance",
                "chance": 0.15
            }
        ]
    },
    {
        "function": "set_enchantments",
        "add": true,
        "enchantments": {
            "unbreaking":{
                "max":2,
                "min":1
            }
        },
        "conditions": [
            {
                "condition": "random_chance",
                "chance": 0.15
            }
        ]
    }
]