{
	"criteria": {
		"requirement": {
			"trigger": "player_hurt_entity",
			"conditions": {
				"entity": [
					{
						"condition": "any_of",
						"terms": [
							{
								"condition": "entity_properties",
								"entity": "this",
								"predicate": {
									"type": "#passive"
								}
							},
							{
								"condition": "entity_properties",
								"entity": "this",
								"predicate": {
									"type": "#hostile"
								}
							}
						]
					}
				]
			}
		}
	},
	"rewards": {
		"function": "healthbar:rewards/hit"
	}
}