{
	"criteria": {
		"requirement": {
			"trigger": "player_interacted_with_entity",
			"conditions": {
				"item": {
					"items": [
						"name_tag"
					]
				},
				"entity": [
					{
						"condition": "any_of",
						"terms": [
							{
								"condition": "entity_properties",
								"entity": "this",
								"predicate": {
									"type": "#passive"
								}
							},
							{
								"condition": "entity_properties",
								"entity": "this",
								"predicate": {
									"type": "#hostile"
								}
							}
						]
					}
				]
			}
		}
	},
	"rewards": {
		"function": "healthbar:rewards/rename"
	}
}