{
  "display": {
    "icon": {
      "id": "minecraft:warped_roots"
    },
    "title": "Warping...",
    "description": "Find your first Common Warped Forest Treasure!",
    "frame": "task",
    "show_toast": true,
    "announce_to_chat": true,
    "hidden": false
  },
  "parent": "mt:treasure_advancements/first_legendary_nether_treasure",
  "criteria": {
    "obtainchest": {
      "trigger": "minecraft:player_generates_container_loot",
      "conditions": {
        "loot_table": "mt:chests/warped_treasure/warped_common_treasure"
      }
    }
  }
}
