{
  "display": {
    "icon": {
      "id": "minecraft:soul_campfire"
    },
    "title": "Boo! Did I Scare You?",
    "description": "Find your first Rare Soul Valley Treasure!",
    "frame": "task",
    "show_toast": true,
    "announce_to_chat": true,
    "hidden": false
  },
  "parent": "mt:treasure_advancements/first_common_soulvalley_treasure",
  "criteria": {
    "obtainchest": {
      "trigger": "minecraft:player_generates_container_loot",
      "conditions": {
        "loot_table": "mt:chests/soul_valley_treasure/soulvalley_rare_treasure"
      }
    }
  }
}
