{
  "display": {
    "icon": {
      "id": "minecraft:saddle"
    },
    "title": "Riding The Donkey Like Jesus",
    "description": "Find your first Legendary Savanna Treasure!",
    "frame": "challenge",
    "show_toast": true,
    "announce_to_chat": true,
    "hidden": false
  },
  "parent": "mt:treasure_advancements/first_epic_savanna_treasure",
  "criteria": {
    "obtainchest": {
      "trigger": "minecraft:player_generates_container_loot",
      "conditions": {
        "loot_table": "mt:chests/savanna_treasure/savanna_legendary_treasure"
      }
    }
  }
}
