{
  "display": {
    "icon": {
      "id": "minecraft:copper_ore"
    },
    "title": "DIGGY DIGGY HOLE",
    "description": "Find your first Common Mountain Treasure!",
    "frame": "task",
    "show_toast": true,
    "announce_to_chat": true,
    "hidden": false
  },
  "parent": "mt:treasure_advancements/first_common_treasure",
  "criteria": {
    "obtainchest": {
      "trigger": "minecraft:player_generates_container_loot",
      "conditions": {
        "loot_table": "mt:chests/mountain_treasure/mountain_common_treasure"
      }
    }
  }
}
