{
  "display": {
    "icon": {
      "id": "minecraft:blaze_powder"
    },
    "title": "Satan's Minion",
    "description": "Find your first Legendary Nether Treasure!",
    "frame": "challenge",
    "show_toast": true,
    "announce_to_chat": true,
    "hidden": false
  },
  "parent": "mt:treasure_advancements/first_epic_nether_treasure",
  "criteria": {
    "obtainchest": {
      "trigger": "minecraft:player_generates_container_loot",
      "conditions": {
        "loot_table": "mt:chests/nether_treasure/netherdefault_legendary_treasure"
      }
    }
  }
}
