{
  "display": {
    "icon": {
      "id": "minecraft:cornflower"
    },
    "title": "Save The Planet!",
    "description": "Find your first Rare Flower Treasure!",
    "frame": "task",
    "show_toast": true,
    "announce_to_chat": true,
    "hidden": false
  },
  "parent": "mt:treasure_advancements/first_common_flower_treasure",
  "criteria": {
    "obtainchest": {
      "trigger": "minecraft:player_generates_container_loot",
      "conditions": {
        "loot_table": "mt:chests/flower_treasure/flower_rare_treasure"
      }
    }
  }
}
