{
  "display": {
    "icon": {
      "id": "minecraft:bee_nest"
    },
    "title": "Lush Galore",
    "description": "Find your first Epic Lush Caves Treasure!",
    "frame": "goal",
    "show_toast": true,
    "announce_to_chat": true,
    "hidden": false
  },
  "parent": "mt:treasure_advancements/first_rare_lush_caves_treasure",
  "criteria": {
    "obtainchest": {
      "trigger": "minecraft:player_generates_container_loot",
      "conditions": {
        "loot_table": "mt:chests/lush_caves_treasure/lushcave_epic_treasure"
      }
    }
  }
}
