{
  "type": "minecraft:jigsaw",
  "biomes": "#minecraft:has_structure/nether_fortress",
  "max_distance_from_center": 127,
  "spawn_overrides": {
    "monster": {
      "bounding_box": "piece",
      "spawns": [
        {
          "type": "minecraft:blaze",
          "maxCount": 3,
          "minCount": 2,
          "weight": 10
        },
        {
          "type": "minecraft:zombified_piglin",
          "maxCount": 4,
          "minCount": 4,
          "weight": 5
        },
        {
          "type": "minecraft:wither_skeleton",
          "maxCount": 5,
          "minCount": 5,
          "weight": 8
        },
        {
          "type": "minecraft:skeleton",
          "maxCount": 5,
          "minCount": 5,
          "weight": 2
        },
        {
          "type": "minecraft:magma_cube",
          "maxCount": 4,
          "minCount": 4,
          "weight": 3
        }
      ]
    }
  },
  "step": "underground_decoration",
  "start_height": {
    "absolute": 60
  },
  "start_pool": "minecraft:nether_fortress/nether_fortress_core",
  "size": 11,
  "type": "minecraft:jigsaw",
  "use_expansion_hack": false
}