{
"display":
{
"icon":
{
"item":"minecraft:spyglass",
"nbt":"{CustomModelData:19971}"
},

"title":"I Spy Insight",
"description":"Throw a Spyglass onto an Enchanting Table to give it the ability to read attributes",
"frame":"task",
"show_toast":true,
"announce_to_chat":true,
"hidden":false
},

"parent":"equipmentmodifiers:root",

"criteria":
{
"requirement":
{


"trigger":"minecraft:inventory_changed",
"conditions":{
        "items": [
          {
            "items": [
              "minecraft:spyglass"
            ],
            "count": {
              "min": 1
            },
            "nbt": "{CustomModelData:19971}"
          }]}
}
}
}
