{
  "display": {
    "icon": {
"item":"minecraft:netherite_upgrade_smithing_template"
    },
    "title": "Equipment Tinkering",
    "description": "Codex of bonuses available from trimming armor. Set Bonuses are gained by having all pieces of armor trimmed in the same material and/or pattern",
    "background": "minecraft:textures/block/smithing_table_top.png"
  },
  "criteria": {
    "requirement": {
"trigger": "minecraft:tick",
      "conditions": {
        "player": [
          {
            "condition": "minecraft:entity_properties",
            "entity": "this",
            "predicate": {
              "type": "minecraft:player",
              "type_specific": {
                "type": "player",
                "advancements": {
                  "minecraft:adventure/trim_with_any_armor_pattern": true
                }
              }
            }
          }
        ]
      }
}
}
}

