{
"display":
{
"icon":
{
"item":"minecraft:dune_armor_trim_smithing_template"
},

"title":"Dune Plating",
"description":"When wearing a full set of armor trimmed with this Pattern gain bonuses while in the Desert, can cause Slowness and Hunger in others nearby. A Player almost out of food can also be quite deadly",
"frame":"task",
"show_toast":true,
"announce_to_chat":false,
"hidden":true
},

"parent":"equipmentmodifiers:smithing_template_coast",

"criteria":
{
"requirement":
{


"trigger":"minecraft:inventory_changed",
"conditions":{
        "items": [
          {
            "count": {
              "min": 1
            },
            "nbt": "{Trim:{pattern:\"minecraft:dune\"}}"
          }]}
}
}
}
