{
"display":
{
"icon":
{
"item":"minecraft:scute"
},

"title":"Material - Scute",
"description":"Trimmed equipment increases Armor Toughness by 6% & Health by 6%, but decreases Movement Speed by 3%. Wearing a full set of armor trimmed in this Material provides a brief period of invincibility",
"frame":"task",
"show_toast":true,
"announce_to_chat":false,
"hidden":true
},

"parent":"equipmentmodifiers:smithing_material_redstone",

"criteria":
{
"requirement":
{


"trigger":"minecraft:inventory_changed",
"conditions":{
        "items": [
          {
            "count": {
              "min": 1
            },
            "nbt": "{Trim:{material:\"minecraft:scute\"}}"
          }]}
}
}
}
