{
"display":
{
"icon":
{
"item":"minecraft:wild_armor_trim_smithing_template"
},

"title":"Wild Plating",
"description":"When wearing a full set of armor trimmed with this Pattern gain the ability to induce Love in nearby mobs, passively inflict Poison on others nearby and convert stood on Grass Blocks into Saturation & Haste",
"frame":"task",
"show_toast":true,
"announce_to_chat":false,
"hidden":true
},

"parent":"equipmentmodifiers:smithing_template_vex",

"criteria":
{
"requirement":
{


"trigger":"minecraft:inventory_changed",
"conditions":{
        "items": [
          {
            "count": {
              "min": 1
            },
            "nbt": "{Trim:{pattern:\"minecraft:wild\"}}"
          }]}
}
}
}
