{
"display":
{
"icon":
{
"item":"minecraft:blaze_rod"
},

"title":"Material - Blaze Rod",
"description":"Trimmed equipment increases Attack Damage by 6% & Attack Speed by 3%, but decreases Health by 3%. Wearing a full set of armor trimmed in this Material provides a bonus to Fire Resistance",
"frame":"task",
"show_toast":true,
"announce_to_chat":false,
"hidden":true
},

"parent":"equipmentmodifiers:smithing_material_amethyst_shard",

"criteria":
{
"requirement":
{


"trigger":"minecraft:inventory_changed",
"conditions":{
        "items": [
          {
            "count": {
              "min": 1
            },
            "nbt": "{Trim:{material:\"minecraft:blaze_rod\"}}"
          }]}
}
}
}
