{
"display":
{
"icon":
{
"item":"minecraft:snout_armor_trim_smithing_template"
},

"title":"Snout Plating",
"description":"When wearing a full set of armor trimmed with this Pattern gain the ability to consume gold. Nuggets provide Saturation & Luck, Ingots provide Haste & Speed and Blocks provide Resistance & Strength",
"frame":"task",
"show_toast":true,
"announce_to_chat":false,
"hidden":true
},

"parent":"equipmentmodifiers:smithing_template_tide",

"criteria":
{
"requirement":
{


"trigger":"minecraft:inventory_changed",
"conditions":{
        "items": [
          {
            "count": {
              "min": 1
            },
            "nbt": "{Trim:{pattern:\"minecraft:snout\"}}"
          }]}
}
}
}
