{
"display":
{
"icon":
{
"item":"minecraft:ender_pearl"
},

"title":"Material - Ender Pearl",
"description":"Trimmed equipment increases Attack Speed by 3% & Movement Speed by 6%. Wearing a full set of armor trimmed in this Material provides the ability to Teleport others on contact",
"frame":"task",
"show_toast":true,
"announce_to_chat":false,
"hidden":true
},

"parent":"equipmentmodifiers:upgrades_materials",

"criteria":
{
"requirement":
{


"trigger":"minecraft:inventory_changed",
"conditions":{
        "items": [
          {
            "count": {
              "min": 1
            },
            "nbt": "{Trim:{material:\"minecraft:ender_pearl\"}}"
          }]}
}
}
}
