{
"display":
{
"icon":
{
"item":"minecraft:copper_ingot"
},

"title":"Material - Copper Ingot",
"description":"Trimmed equipment increases Knockback Resistance by 9%. Wearing a full set of armor trimmed in this Material passively strikes those nearby with Lightning",
"frame":"task",
"show_toast":true,
"announce_to_chat":false,
"hidden":true
},

"parent":"equipmentmodifiers:smithing_material_bone",

"criteria":
{
"requirement":
{


"trigger":"minecraft:inventory_changed",
"conditions":{
        "items": [
          {
            "count": {
              "min": 1
            },
            "nbt": "{Trim:{material:\"minecraft:copper_ingot\"}}"
          }]}
}
}
}
