{
"display":
{
"icon":
{
"item":"minecraft:vex_armor_trim_smithing_template"
},

"title":"Vex Plating",
"description":"When wearing a full set of armor trimmed with this Pattern gain the ability to enhance the effects of Totems of Undying and steal Totems from nearby Players",
"frame":"task",
"show_toast":true,
"announce_to_chat":false,
"hidden":true
},

"parent":"equipmentmodifiers:smithing_template_sentry",

"criteria":
{
"requirement":
{


"trigger":"minecraft:inventory_changed",
"conditions":{
        "items": [
          {
            "count": {
              "min": 1
            },
            "nbt": "{Trim:{pattern:\"minecraft:vex\"}}"
          }]}
}
}
}
