{
"display":
{
"icon":
{
"item":"minecraft:sentry_armor_trim_smithing_template"
},

"title":"Sentinel Plating",
"description":"When wearing a full set of armor trimmed with this Pattern gain bonuses when protecting Villagers, in the pressence of Vindicators increase Resistance, in the pressence of Pillagers increase Strength, in the pressence of Evokers increase Speed and in the pressence of Ravagers increase Haste. Ominous Banners are also converted to Hero fo the Village",
"frame":"task",
"show_toast":true,
"announce_to_chat":false,
"hidden":true
},

"parent":"equipmentmodifiers:upgrades_patterns",

"criteria":
{
"requirement":
{


"trigger":"minecraft:inventory_changed",
"conditions":{
        "items": [
          {
            "count": {
              "min": 1
            },
            "nbt": "{Trim:{pattern:\"minecraft:sentry\"}}"
          }]}
}
}
}
