{
"display":
{
"icon":
{
"item":"minecraft:heart_of_the_sea"
},

"title":"Material - Heart of the Sea",
"description":"Trimmed equipment increases Attack Damage by 3%, Health by 3% & Luck by 3%. Wearing a full set of armor trimmed in this Material provides Water Breathing",
"frame":"task",
"show_toast":true,
"announce_to_chat":false,
"hidden":true
},

"parent":"equipmentmodifiers:smithing_material_gold_ingot",

"criteria":
{
"requirement":
{


"trigger":"minecraft:inventory_changed",
"conditions":{
        "items": [
          {
            "count": {
              "min": 1
            },
            "nbt": "{Trim:{material:\"minecraft:heart_of_the_sea\"}}"
          }]}
}
}
}
