{
"display":
{
"icon":
{
"item":"minecraft:eye_armor_trim_smithing_template"
},

"title":"Eye Plating",
"description":"When wearing a full set of armor trimmed with this Pattern gain the ability to collect items from a far, highlight others nearby and cause other players to become ethereal",
"frame":"task",
"show_toast":true,
"announce_to_chat":false,
"hidden":true
},

"parent":"equipmentmodifiers:smithing_template_rib",

"criteria":
{
"requirement":
{


"trigger":"minecraft:inventory_changed",
"conditions":{
        "items": [
          {
            "count": {
              "min": 1
            },
            "nbt": "{Trim:{pattern:\"minecraft:eye\"}}"
          }]}
}
}
}
