{
"display":
{
"icon":
{
"item":"minecraft:host_armor_trim_smithing_template"
},

"title":"Host Plating",
"description":"When wearing a full set of armor trimmed with this Pattern greatly increase Health. Side effects may include more bugs...",
"frame":"task",
"show_toast":true,
"announce_to_chat":false,
"hidden":true
},

"parent":"equipmentmodifiers:upgrades_patterns",

"criteria":
{
"requirement":
{


"trigger":"minecraft:inventory_changed",
"conditions":{
        "items": [
          {
            "count": {
              "min": 1
            },
            "nbt": "{Trim:{pattern:\"minecraft:host\"}}"
          }]}
}
}
}
