{
"display":
{
"icon":
{
"item":"minecraft:spire_armor_trim_smithing_template"
},

"title":"Spire Plating",
"description":"When wearing a full set of armor trimmed with this Pattern gain the ability to Jump higher, remove gravity from nearby Mobs and increased Resistance while airborne",
"frame":"task",
"show_toast":true,
"announce_to_chat":false,
"hidden":true
},

"parent":"equipmentmodifiers:smithing_template_eye",

"criteria":
{
"requirement":
{


"trigger":"minecraft:inventory_changed",
"conditions":{
        "items": [
          {
            "count": {
              "min": 1
            },
            "nbt": "{Trim:{pattern:\"minecraft:spire\"}}"
          }]}
}
}
}
