{
"display":
{
"icon":
{
"item":"minecraft:nether_star"
},

"title":"Material - Nether Star",
"description":"Trimmed equipment increases all Attributes by 2%. Wearing a full set of armor trimmed in this Material provides passive Absorption",
"frame":"task",
"show_toast":true,
"announce_to_chat":false,
"hidden":true
},

"parent":"equipmentmodifiers:upgrades_materials",

"criteria":
{
"requirement":
{


"trigger":"minecraft:inventory_changed",
"conditions":{
        "items": [
          {
            "count": {
              "min": 1
            },
            "nbt": "{Trim:{material:\"minecraft:nether_star\"}}"
          }]}
}
}
}
