{
"display":
{
"icon":
{
"item":"minecraft:echo_shard"
},

"title":"Material - Echo Shard",
"description":"Trimmed equipment increases Attack Damage by 6% & Attack Speed by 3%. Wearing a full set of armor trimmed in this Material passively inflicts Slowness, Mining Fatigue & Weakness on others nearby",
"frame":"task",
"show_toast":true,
"announce_to_chat":false,
"hidden":true
},

"parent":"equipmentmodifiers:smithing_material_diamond",

"criteria":
{
"requirement":
{


"trigger":"minecraft:inventory_changed",
"conditions":{
        "items": [
          {
            "count": {
              "min": 1
            },
            "nbt": "{Trim:{material:\"minecraft:echo_shard\"}}"
          }]}
}
}
}
