{
"display":
{
"icon":
{
"item":"minecraft:shulker_shell"
},

"title":"Material - Shulker Shell",
"description":"Trimmed equipment increases Armor Toughness by 6% & Knockback Resistance by 3%. Wearing a full set of armor trimmed in this Material provides the ability to inflict Levitation on contact",
"frame":"task",
"show_toast":true,
"announce_to_chat":false,
"hidden":true
},

"parent":"equipmentmodifiers:smithing_material_scute",

"criteria":
{
"requirement":
{


"trigger":"minecraft:inventory_changed",
"conditions":{
        "items": [
          {
            "count": {
              "min": 1
            },
            "nbt": "{Trim:{material:\"minecraft:shulker_shell\"}}"
          }]}
}
}
}
