{
"display":
{
"icon":
{
"item":"minecraft:quartz"
},

"title":"Material - Quartz",
"description":"Trimmed equipment increases Attack Damage by 9%. Wearing a full set of armor trimmed in this Material provides a bonus to Strength",
"frame":"task",
"show_toast":true,
"announce_to_chat":false,
"hidden":true
},

"parent":"equipmentmodifiers:smithing_material_netherite_ingot",

"criteria":
{
"requirement":
{


"trigger":"minecraft:inventory_changed",
"conditions":{
        "items": [
          {
            "count": {
              "min": 1
            },
            "nbt": "{Trim:{material:\"minecraft:quartz\"}}"
          }]}
}
}
}
