{
"display":
{
"icon":
{
"item":"minecraft:iron_ingot"
},

"title":"Material - Iron Ingot",
"description":"Trimmed equipment increases Armor by 9%. Wearing a full set of armor trimmed in this Material gives the ability to inflict contact Damage",
"frame":"task",
"show_toast":true,
"announce_to_chat":false,
"hidden":true
},

"parent":"equipmentmodifiers:smithing_material_honeycomb",

"criteria":
{
"requirement":
{


"trigger":"minecraft:inventory_changed",
"conditions":{
        "items": [
          {
            "count": {
              "min": 1
            },
            "nbt": "{Trim:{material:\"minecraft:iron_ingot\"}}"
          }]}
}
}
}
