{
"display":
{
"icon":
{
"item":"minecraft:raiser_armor_trim_smithing_template"
},

"title":"Raiser Plating",
"description":"When wearing a full set of armor trimmed with this Pattern gain bonuses to Strength, Speed & Haste incremental to three Level brackets (15/30/40)",
"frame":"task",
"show_toast":true,
"announce_to_chat":false,
"hidden":true
},

"parent":"equipmentmodifiers:smithing_template_wayfinder",

"criteria":
{
"requirement":
{


"trigger":"minecraft:inventory_changed",
"conditions":{
        "items": [
          {
            "count": {
              "min": 1
            },
            "nbt": "{Trim:{pattern:\"minecraft:raiser\"}}"
          }]}
}
}
}
