{
"display":
{
"icon":
{
"item":"minecraft:slime_ball"
},

"title":"Material - Slime Ball",
"description":"Trimmed equipment increases Knockback Resistance by 6% & Movement Speed by 3%. Wearing Wearing a full set of armor trimmed in this Material provides a bonus to Jumping",
"frame":"task",
"show_toast":true,
"announce_to_chat":false,
"hidden":true
},

"parent":"equipmentmodifiers:smithing_material_shulker_shell",

"criteria":
{
"requirement":
{


"trigger":"minecraft:inventory_changed",
"conditions":{
        "items": [
          {
            "count": {
              "min": 1
            },
            "nbt": "{Trim:{material:\"minecraft:slime_ball\"}}"
          }]}
}
}
}
