{
"display":
{
"icon":
{
"item":"minecraft:wayfinder_armor_trim_smithing_template"
},

"title":"Wayfinder Plating",
"description":"When wearing a full set of armor trimmed with this Pattern gain the ability to determine the Coordinates of nearby Players & Mobs.",
"frame":"task",
"show_toast":true,
"announce_to_chat":false,
"hidden":true
},

"parent":"equipmentmodifiers:smithing_template_dune",

"criteria":
{
"requirement":
{


"trigger":"minecraft:inventory_changed",
"conditions":{
        "items": [
          {
            "count": {
              "min": 1
            },
            "nbt": "{Trim:{pattern:\"minecraft:wayfinder\"}}"
          }]}
}
}
}
