{
"display":
{
"icon":
{
"item":"minecraft:coast_armor_trim_smithing_template"
},

"title":"Coastal Plating",
"description":"When wearing a full set of armor trimmed with this Pattern gain the ability to throw out Sand if in your Offhand, Water Breathing and increased Luck",
"frame":"task",
"show_toast":true,
"announce_to_chat":false,
"hidden":true
},

"parent":"equipmentmodifiers:smithing_template_wild",

"criteria":
{
"requirement":
{


"trigger":"minecraft:inventory_changed",
"conditions":{
        "items": [
          {
            "count": {
              "min": 1
            },
            "nbt": "{Trim:{pattern:\"minecraft:coast\"}}"
          }]}
}
}
}
