{
"display":
{
"icon":
{
"item":"minecraft:lapis_lazuli"
},

"title":"Material - Lapis",
"description":"Trimmed equipment increases Movement Speed by 9%. Wearing a full set of armor trimmed in this Material provides a bonus to Speed",
"frame":"task",
"show_toast":true,
"announce_to_chat":false,
"hidden":true
},

"parent":"equipmentmodifiers:smithing_material_iron_ingot",

"criteria":
{
"requirement":
{


"trigger":"minecraft:inventory_changed",
"conditions":{
        "items": [
          {
            "count": {
              "min": 1
            },
            "nbt": "{Trim:{material:\"minecraft:lapis_lazuli\"}}"
          }]}
}
}
}
