{
"display":
{
"icon":
{
"item":"minecraft:diamond"
},

"title":"Material - Diamond",
"description":"Trimmed equipment increases Armor Toughness by 9%. Wearing a full set of armor trimmed in this Material passively clears Mining Fatigue, Weakness & Withering",
"frame":"task",
"show_toast":true,
"announce_to_chat":false,
"hidden":true
},

"parent":"equipmentmodifiers:smithing_material_copper_ingot",

"criteria":
{
"requirement":
{


"trigger":"minecraft:inventory_changed",
"conditions":{
        "items": [
          {
            "count": {
              "min": 1
            },
            "nbt": "{Trim:{material:\"minecraft:diamond\"}}"
          }]}
}
}
}
