{
"display":
{
"icon":
{
"item":"minecraft:emerald"
},

"title":"Material - Emerald",
"description":"Trimmed equipment increases Luck by 9%. Wearing a full set of armor trimmed in this Material provides a bonus to Luck",
"frame":"task",
"show_toast":true,
"announce_to_chat":false,
"hidden":true
},

"parent":"equipmentmodifiers:smithing_material_echo_shard",

"criteria":
{
"requirement":
{


"trigger":"minecraft:inventory_changed",
"conditions":{
        "items": [
          {
            "count": {
              "min": 1
            },
            "nbt": "{Trim:{material:\"minecraft:emerald\"}}"
          }]}
}
}
}
