{
"display":
{
"icon":
{
"item":"minecraft:rib_armor_trim_smithing_template"
},

"title":"Ribcage Plating",
"description":"When wearing a full set of armor trimmed with this Pattern gain increased Resistance which converts to Regeneration and Strength while on Fire",
"frame":"task",
"show_toast":true,
"announce_to_chat":false,
"hidden":true
},

"parent":"equipmentmodifiers:smithing_template_snout",

"criteria":
{
"requirement":
{


"trigger":"minecraft:inventory_changed",
"conditions":{
        "items": [
          {
            "count": {
              "min": 1
            },
            "nbt": "{Trim:{pattern:\"minecraft:rib\"}}"
          }]}
}
}
}
