{
"display":
{
"icon":
{
"item":"minecraft:netherite_ingot"
},

"title":"Material - Netherite Ingot",
"description":"Trimmed equipment increases Armor by 6% & Armor Toughness by 3%. Wearing a full set of armor trimmed in this Material prevents Levitation & Slow Falling",
"frame":"task",
"show_toast":true,
"announce_to_chat":false,
"hidden":true
},

"parent":"equipmentmodifiers:smithing_material_nether_star",

"criteria":
{
"requirement":
{


"trigger":"minecraft:inventory_changed",
"conditions":{
        "items": [
          {
            "count": {
              "min": 1
            },
            "nbt": "{Trim:{material:\"minecraft:netherite_ingot\"}}"
          }]}
}
}
}
