{
"display":
{
"icon":
{
"item":"minecraft:ward_armor_trim_smithing_template"
},

"title":"Ward Plating",
"description":"When wearing a full set of armor trimmed with this Pattern gain the ability to convert Experience Orbs into Absorption",
"frame":"task",
"show_toast":true,
"announce_to_chat":false,
"hidden":true
},

"parent":"equipmentmodifiers:smithing_template_host",

"criteria":
{
"requirement":
{


"trigger":"minecraft:inventory_changed",
"conditions":{
        "items": [
          {
            "count": {
              "min": 1
            },
            "nbt": "{Trim:{pattern:\"minecraft:ward\"}}"
          }]}
}
}
}
