{
"display":
{
"icon":
{
"item":"minecraft:bone"
},

"title":"Material - Bone",
"description":"Trimmed equipment increases Armor by 3% & Attack Speed by 6%. Wearing a full set of armor trimmed in this Material provides a bonus to Resistance",
"frame":"task",
"show_toast":true,
"announce_to_chat":false,
"hidden":true
},

"parent":"equipmentmodifiers:smithing_material_blaze_rod",

"criteria":
{
"requirement":
{


"trigger":"minecraft:inventory_changed",
"conditions":{
        "items": [
          {
            "count": {
              "min": 1
            },
            "nbt": "{Trim:{material:\"minecraft:bone\"}}"
          }]}
}
}
}
