{
"display":
{
"icon":
{
"item":"minecraft:redstone"
},

"title":"Material - Redstone",
"description":"Trimmed equipment increases Attack Speed by 9%. Wearing a full set of armor trimmed in this Material provides a bonus to Haste",
"frame":"task",
"show_toast":true,
"announce_to_chat":false,
"hidden":true
},

"parent":"equipmentmodifiers:smithing_material_quartz",

"criteria":
{
"requirement":
{


"trigger":"minecraft:inventory_changed",
"conditions":{
        "items": [
          {
            "count": {
              "min": 1
            },
            "nbt": "{Trim:{material:\"minecraft:redstone\"}}"
          }]}
}
}
}
