{
"display":
{
"icon":
{
"item":"minecraft:tide_armor_trim_smithing_template"
},

"title":"Tidal Plating",
"description":"When wearing a full set of armor trimmed with this Pattern gain increased effectiveness while in Water",
"frame":"task",
"show_toast":true,
"announce_to_chat":false,
"hidden":true
},

"parent":"equipmentmodifiers:smithing_template_silence",

"criteria":
{
"requirement":
{


"trigger":"minecraft:inventory_changed",
"conditions":{
        "items": [
          {
            "count": {
              "min": 1
            },
            "nbt": "{Trim:{pattern:\"minecraft:tide\"}}"
          }]}
}
}
}
