{
"display":
{
"icon":
{
"item":"minecraft:shaper_armor_trim_smithing_template"
},

"title":"Shaper Plating",
"description":"When wearing a full set of armor trimmed with this Pattern gain the ability to absorb explosions converting it to Haste. Dropped TNT is also enhanced to clear a 9x9x9 area",
"frame":"task",
"show_toast":true,
"announce_to_chat":false,
"hidden":true
},

"parent":"equipmentmodifiers:smithing_template_raiser",

"criteria":
{
"requirement":
{


"trigger":"minecraft:inventory_changed",
"conditions":{
        "items": [
          {
            "count": {
              "min": 1
            },
            "nbt": "{Trim:{pattern:\"minecraft:shaper\"}}"
          }]}
}
}
}
