{
"display":
{
"icon":
{
"item":"minecraft:honeycomb"
},

"title":"Material - Honeycomb",
"description":"Trimmed equipment increases Health by 3%, & Luck by 6%. Wearing a full set of armor trimmed in this Material provides passive Regeneration",
"frame":"task",
"show_toast":true,
"announce_to_chat":false,
"hidden":true
},

"parent":"equipmentmodifiers:smithing_material_heart_of_the_sea",

"criteria":
{
"requirement":
{


"trigger":"minecraft:inventory_changed",
"conditions":{
        "items": [
          {
            "count": {
              "min": 1
            },
            "nbt": "{Trim:{material:\"minecraft:honeycomb\"}}"
          }]}
}
}
}
