{
"display":
{
"icon":
{
"item":"minecraft:amethyst_shard"
},

"title":"Material - Amethyst Shard",
"description":"Trimmed equipment increases Health by 3% & Movement Speed by 6%. Wearing a full set of armor trimmed in this Material passively clears Poison & Hunger",
"frame":"task",
"show_toast":true,
"announce_to_chat":false,
"hidden":true
},

"parent":"equipmentmodifiers:upgrades_materials",

"criteria":
{
"requirement":
{


"trigger":"minecraft:inventory_changed",
"conditions":{
        "items": [
          {
            "count": {
              "min": 1
            },
            "nbt": "{Trim:{material:\"minecraft:amethyst_shard\"}}"
          }]}
}
}
}
