{
"display":
{
"icon":
{
"item":"minecraft:gold_ingot"
},

"title":"Material - Gold Ingot",
"description":"Trimmed equipment increases Health by 9%. Wearing a full set of armor trimmed in this Material consumes Raw Gold to increase Resistance",
"frame":"task",
"show_toast":true,
"announce_to_chat":false,
"hidden":true
},

"parent":"equipmentmodifiers:smithing_material_glow_ink_sac",

"criteria":
{
"requirement":
{


"trigger":"minecraft:inventory_changed",
"conditions":{
        "items": [
          {
            "count": {
              "min": 1
            },
            "nbt": "{Trim:{material:\"minecraft:gold_ingot\"}}"
          }]}
}
}
}
