{
"display":
{
"icon":
{
"item":"minecraft:netherite_upgrade_smithing_template"
},

"title":"Material Bonuses",
"description":"Codex of bonuses from different Materials after they have been found and trimmed",
"frame":"task",
"show_toast":false,
"announce_to_chat":false,
"hidden":true
},

"parent":"equipmentmodifiers:root",

"criteria":
{
"requirement":
{


"trigger": "minecraft:tick",
      "conditions": {
        "player": [
          {
            "condition": "minecraft:entity_properties",
            "entity": "this",
            "predicate": {
              "type": "minecraft:player",
              "type_specific": {
                "type": "player",
                "advancements": {
                  "equipmentmodifiers:root": true
                }
              }
            }
          }
        ]
      }
}
}
}
