{
    "parent": "wep:root",
    "criteria": {
        "ht":{
            "trigger": "entity_hurt_player",
            "conditions": {
             "damage": {
                "blocked": true

               },
               "player": {
                "equipment": {
                    "mainhand": {
                        "nbt": "{CustomModelData:999907}"
                    }
                }
               }
             }
           
            }
            
            ,
            "ht1":{
                "trigger": "entity_hurt_player",
                "conditions": {
                 "damage": {
                    "blocked": true
                  
                   },
                   "player": {
                    "equipment": {
                        "offhand": {
                            "nbt": "{CustomModelData:999907}"
                        }
                    }
                   }
                    
                 }
                 
               
                }
            }
                

    ,

    "rewards": {
        "function": "wep:technical/heater_shield/heater_disability_chance_copper"
    },
    "requirements": [
        ["ht","ht1"]
    ]
    

}