{
  "ambient_light": 0.2,
  "bed_works": true,
  "coordinate_scale": 16.0,
  "effects": "minecraft:the_end",
  "fixed_time": 18000,
  "has_ceiling": true,
  "has_raids": false,
  "has_skylight": false,
  "height": 256,
  "infiniburn": "#minecraft:infiniburn_overworld",
  "logical_height": 128,
  "min_y": 0,
  "monster_spawn_block_light_limit": 15,
  "monster_spawn_light_level": 7,
  "natural": true,
  "piglin_safe": false,
  "respawn_anchor_works": false,
  "ultrawarm": false
}