{  "parent": "wep:warfare_expanded/shields/shield",
    "display": {
        "icon": {
            "item": "minecraft:shield",
            "nbt": "{CustomModelData:999906}"
            
        },
        "title": "Knightly Figure",
        "description": "Mold a Heater Shield out of any material",
        "announce_to_chat": true,
        "hidden": false,
        "show_toast": true,
        "frame": "task"
     
    },
    "criteria": {
        "heater1":{
            "trigger": "inventory_changed",
            "conditions": {
                "items": [
                    {"nbt": "{CustomModelData:999907}"}
                ]
            } 
        },
        "heater2":{
            "trigger": "inventory_changed",
            "conditions": {
                "items": [
                    {"nbt": "{CustomModelData:999906}"}
                ]
            } 
        }
        
        
    },
    "requirements": [
        ["heater1","heater2"]
    ]
   

}