{  "parent": "wep:warfare_expanded/shields/shield",
    "display": {
        "icon": {
            "item": "minecraft:shield",
            "nbt": "{CustomModelData:999904}"
            
        },
        "title": "True Versatility",
        "description": "Mold a Round Shield out of any material",
        "announce_to_chat": true,
        "hidden": false,
        "show_toast": true,
        "frame": "task"
     
    },
    "criteria": {
        "round1":{
            "trigger": "inventory_changed",
            "conditions": {
                "items": [
                    {"nbt": "{CustomModelData:999905}"}
                ]
            } 
        },
        "round2":{
            "trigger": "inventory_changed",
            "conditions": {
                "items": [
                    {"nbt": "{CustomModelData:999904}"}
                ]
            } 
        }
        
        
    },
    "requirements": [
        ["round1","round2"]
    ]
   

}