{  "parent": "wep:warfare_expanded/w_i_a_b",
    "display": {
        "icon": {
            "item": "minecraft:shield",
            "nbt": "{CustomModelData:999905}"
            
        },
        "title": "Well-Protected",
        "description": "Mold any Warfare Expanded Shield",
        "announce_to_chat": false,
        "hidden": false,
        "show_toast": true,
        "frame": "goal"
     
    },
    "criteria": {
        "heater1":{
            "trigger": "inventory_changed",
            "conditions": {
                "items": [
                    {"nbt": "{CustomModelData:999907}"}
                ]
            } 
        },
        "heater2":{
            "trigger": "inventory_changed",
            "conditions": {
                "items": [
                    {"nbt": "{CustomModelData:999906}"}
                ]
            } 
        },
        "heater3":{
            "trigger": "inventory_changed",
            "conditions": {
                "items": [
                    {"nbt": "{CustomModelData:999905}"}
                ]
            } 
        },
        "heater4":{
            "trigger": "inventory_changed",
            "conditions": {
                "items": [
                    {"nbt": "{CustomModelData:999904}"}
                ]
            } 
        }
        
        
        
        
    },
    "requirements": [
        ["heater1","heater2","heater3","heater4"]
    ]
   

}