{
  "pools": [
    {
      "rolls": {
        "min": {
          "type": "minecraft:score",
          "target": "this",
          "score": "mt.progression",
          "scale": 0.00002
        },
        "max": {
          "type": "minecraft:score",
          "target": "this",
          "score": "mt.progression",
          "scale": 0.000025
        }
      },
      "bonus_rolls": {
        "min": 1,
        "max": 6
      },
      "entries": [
        {
          "type": "minecraft:loot_table",
          "value": "mt:charms/rare",
          "conditions": [
            {
              "condition": "minecraft:value_check",
              "value": {
                "type": "minecraft:score",
                "target": {
                  "type": "minecraft:fixed",
                  "name": "#disable_rare_charm"
                },
                "score": "mt.constant"
              },
              "range": 0
            },
            {
              "condition": "minecraft:random_chance",
              "chance": 0.02
            }
          ]
        },
        {
          "type": "minecraft:item",
          "name": "minecraft:diamond",
          "weight": 2,
          "quality": 1,
          "functions": [
            {
              "function": "minecraft:set_count",
              "count": {
                "min": 1,
                "max": 2
              }
            }
          ],
          "conditions": [
            {
              "condition": "minecraft:random_chance",
              "chance": 0.5
            }
          ]
        },
        {
          "type": "minecraft:item",
          "name": "minecraft:iron_ingot",
          "weight": 3,
          "functions": [
            {
              "function": "minecraft:set_count",
              "count": {
                "min": 6,
                "max": 12
              }
            }
          ]
        },
        {
          "type": "minecraft:item",
          "name": "minecraft:tnt_minecart",
          "weight": 2,
          "quality": 1,
          "functions": [
            {
              "function": "minecraft:set_count",
              "count": {
                "min": 2,
                "max": 4
              }
            }
          ]
        },
        {
          "type": "minecraft:item",
          "name": "minecraft:obsidian",
          "weight": 3,
          "quality": 1,
          "functions": [
            {
              "function": "minecraft:set_count",
              "count": {
                "min": 4,
                "max": 8
              }
            }
          ],
          "conditions": [
            {
              "condition": "minecraft:entity_scores",
              "entity": "this",
              "scores": {
                "mt.progression": {
                  "min": 500000
                }
              }
            }
          ]
        },
        {
          "type": "minecraft:item",
          "name": "minecraft:powered_rail",
          "weight": 3,
          "quality": 1,
          "functions": [
            {
              "function": "minecraft:set_count",
              "count": {
                "min": 4,
                "max": 8
              }
            }
          ],
          "conditions": [
            {
              "condition": "minecraft:entity_scores",
              "entity": "this",
              "scores": {
                "mt.progression": {
                  "max": 399999
                }
              }
            }
          ]
        },
        {
          "type": "minecraft:item",
          "name": "minecraft:experience_bottle",
          "weight": 3,
          "quality": 1,
          "functions": [
            {
              "function": "minecraft:limit_count",
              "limit": {
                "min": 3,
                "max": 6
              }
            }
          ]
        },
        {
          "type": "minecraft:item",
          "name": "minecraft:gold_ingot",
          "weight": 3,
          "quality": 1,
          "functions": [
            {
              "function": "minecraft:limit_count",
              "limit": {
                "min": 8,
                "max": 12
              }
            }
          ]
        },
        {
          "type": "minecraft:item",
          "name": "minecraft:glow_berries",
          "weight": 3,
          "quality": 1,
          "functions": [
            {
              "function": "minecraft:limit_count",
              "limit": {
                "min": 6,
                "max": 12
              }
            }
          ],
          "conditions": [
            {
              "condition": "minecraft:entity_scores",
              "entity": "this",
              "scores": {
                "mt.progression": {
                  "min": 319999
                }
              }
            }
          ]
        },
        {
          "type": "minecraft:item",
          "name": "minecraft:gunpowder",
          "weight": 2,
          "quality": 1,
          "functions": [
            {
              "function": "minecraft:limit_count",
              "limit": {
                "min": 4,
                "max": 8
              }
            }
          ]
        },
        {
          "type": "minecraft:item",
          "name": "minecraft:netherite_scrap",
          "weight": 1,
          "quality": 1,
          "functions": [
            {
              "function": "minecraft:limit_count",
              "limit": {
                "min": 1,
                "max": 1
              }
            }
          ],
          "conditions": [
            {
              "condition": "minecraft:random_chance",
              "chance": 0.25
            }
          ]
        },
        {
          "type": "minecraft:item",
          "name": "minecraft:diamond_pickaxe",
          "functions": [
            {
              "function": "minecraft:set_enchantments",
              "enchantments": {
                "minecraft:efficiency": {
                  "min": 1,
                  "max": 6
                },
                "minecraft:unbreaking": {
                  "min": 1,
                  "max": 5
                },
                "minecraft:silk_touch": {
                  "min": 0,
                  "max": 1
                },
                "minecraft:mending": {
                  "min": 0,
                  "max": 1
                }
              }
            }
          ],
          "conditions": [
            {
              "condition": "minecraft:entity_scores",
              "entity": "this",
              "scores": {
                "mt.progression": {
                  "min": 310000
                }
              }
            }
          ]
        },
        {
          "type": "item",
          "weight": 1,
          "name": "minecraft:splash_potion",
          "functions": [
            {
              "function": "set_count",
              "count": 1
            },
            {
              "function": "set_components",
              "components": {
                "minecraft:max_stack_size": 5,
                "minecraft:hide_additional_tooltip": {},
                "minecraft:potion_contents": {
                  "custom_color": 14602442,
                  "custom_effects": [
                    {
                      "id": "minecraft:unluck",
                      "amplifier": 195,
                      "duration": 9600,
                      "show_particles": false,
                      "show_icon": false,
                      "ambient": false
                    }
                  ]
                }
              }
            },
            {
              "function": "set_name",
              "name": [
                {
                  "color": "white",
                  "text": "Goat Potion",
                  "italic": false
                }
              ]
            },
            {
              "function": "set_lore",
              "lore": [
                {
                  "color": "blue",
                  "text": "Step Height (08:00)",
                  "italic": false
                },
                {
                  "color": "gray",
                  "text": "Works on players only ",
                  "italic": false
                }
              ],
              "mode": "append"
            }
          ],
          "conditions": [
            {
              "condition": "minecraft:random_chance",
              "chance": 0.5
            }
          ]
        },
        {
          "type": "minecraft:item",
          "name": "minecraft:netherite_ingot",
          "weight": 1,
          "functions": [
            {
              "function": "minecraft:set_count",
              "count": {
                "min": 1,
                "max": 1
              }
            }
          ],
          "conditions": [
            {
              "condition": "minecraft:random_chance",
              "chance": 0.07
            }
          ]
        },
        {
          "type": "item",
          "weight": 2,
          "name": "minecraft:potion",
          "functions": [
            {
              "function": "set_count",
              "count": 1
            },
            {
              "function": "minecraft:set_components",
              "components": {
                "minecraft:custom_data": {
                  "item": "mjump"
                },
                "minecraft:max_stack_size": 5,
                "minecraft:potion_contents": {
                  "custom_color": 280333,
                  "custom_effects": [
                    {
                      "id": "minecraft:jump_boost",
                      "amplifier": 3,
                      "duration": 2400,
                      "show_particles": true
                    },
                    {
                      "id": "minecraft:resistance",
                      "amplifier": 0,
                      "duration": 2400,
                      "show_particles": true
                    }
                  ]
                }
              }
            },
            {
              "function": "set_name",
              "name": [
                {
                  "text": "Potion of Mountain Climb",
                  "color": "aqua",
                  "italic": false
                }
              ]
            }
          ],
          "conditions": [
            {
              "condition": "minecraft:random_chance",
              "chance": 0.3
            }
          ]
        }
      ]
    }
  ]
}
