{
  "criteria": {
    "requirement": {
      "trigger": "minecraft:player_hurt_entity",
      "conditions": {
        "player": [
          {
            "condition": "minecraft:entity_properties",
            "entity": "this",
            "predicate": {
              "flags": {},
              "equipment": {
                "mainhand": {
                  "predicates": {
                    "minecraft:custom_data": "{weapon:\"soul_scythe\"}"
                  }
                }
              }
            }
          }
        ],
        "damage": {
          "type": {
            "tags": [
              {
                "id": "minecraft:is_player_attack",
                "expected": true
              }
            ]
          }
        }
      }
    }
  },
  "rewards": {
    "function": "mt:items/weapons/soul_scythe"
  }
}
