{
  "pools": [
    {
      "rolls": {
        "min": {
          "type": "minecraft:score",
          "target": "this",
          "score": "mt.progression",
          "scale": 0.00002
        },
        "max": {
          "type": "minecraft:score",
          "target": "this",
          "score": "mt.progression",
          "scale": 0.000025
        }
      },
      "bonus_rolls": {
        "min": 1,
        "max": 6
      },
      "entries": [
        {
          "type": "minecraft:loot_table",
          "value": "mt:charms/epic",
          "conditions": [
            {
              "condition": "minecraft:value_check",
              "value": {
                "type": "minecraft:score",
                "target": {
                  "type": "minecraft:fixed",
                  "name": "#disable_epic_charm"
                },
                "score": "mt.constant"
              },
              "range": 0
            },
            {
              "condition": "minecraft:random_chance",
              "chance": 0.035
            }
          ]
        },
        {
          "type": "minecraft:item",
          "weight": 2,
          "name": "minecraft:diamond",
          "functions": [
            {
              "function": "minecraft:set_count",
              "count": {
                "min": 2,
                "max": 4
              }
            }
          ],
          "conditions": [
            {
              "condition": "minecraft:entity_scores",
              "entity": "this",
              "scores": {
                "mt.progression": {
                  "min": 304999
                }
              }
            }
          ]
        },
        {
          "type": "minecraft:item",
          "weight": 3,
          "name": "minecraft:gold_block",
          "functions": [
            {
              "function": "minecraft:set_count",
              "count": {
                "min": 2,
                "max": 4
              }
            }
          ]
        },
        {
          "type": "minecraft:item",
          "weight": 3,
          "name": "minecraft:iron_block",
          "functions": [
            {
              "function": "minecraft:set_count",
              "count": {
                "min": 4,
                "max": 8
              }
            }
          ]
        },
        {
          "type": "minecraft:item",
          "weight": 2,
          "name": "minecraft:fire_charge",
          "functions": [
            {
              "function": "minecraft:set_count",
              "count": {
                "min": 1,
                "max": 2
              }
            },
            {
              "function": "minecraft:set_components",
              "components": {
                "minecraft:custom_data": {
                  "weapon": "mt.deto_mine"
                }
              }
            },
            {
              "function": "minecraft:set_lore",
              "lore": [
                {
                  "text": "Right click on a block to put a ",
                  "color": "gray",
                  "italic": false
                },
                {
                  "text": "ticking time bomb detonating in ",
                  "color": "gray",
                  "italic": false
                },
                {
                  "text": "5 seconds after placement.  ",
                  "color": "gray",
                  "italic": false
                }
              ],
              "mode": "replace_all"
            },
            {
              "function": "minecraft:set_name",
              "name": [
                {
                  "text": "Detonation Mine",
                  "color": "light_purple",
                  "italic": false
                }
              ]
            }
          ],
          "conditions": [
            {
              "condition": "minecraft:value_check",
              "value": {
                "type": "minecraft:score",
                "target": {
                  "type": "minecraft:fixed",
                  "name": "#disable_deto_mine"
                },
                "score": "mt.constant"
              },
              "range": 0
            },
            {
              "condition": "minecraft:entity_scores",
              "entity": "this",
              "scores": {
                "mt.progression": {
                  "min": 500000
                }
              }
            }
          ]
        },
        {
          "type": "minecraft:item",
          "weight": 2,
          "name": "minecraft:lapis_block",
          "functions": [
            {
              "function": "minecraft:set_count",
              "count": {
                "min": 4,
                "max": 8
              }
            }
          ],
          "conditions": [
            {
              "condition": "minecraft:entity_scores",
              "entity": "this",
              "scores": {
                "mt.progression": {
                  "min": 319999
                }
              }
            }
          ]
        },
        {
          "type": "minecraft:item",
          "weight": 1,
          "name": "minecraft:spawner",
          "functions": [
            {
              "function": "set_count",
              "count": 1
            },
            {
              "function": "minecraft:set_components",
              "components": {
                "minecraft:custom_name": "{\"text\":\"Spawner\",\"color\":\"gold\",\"italic\":false}",
                "minecraft:block_entity_data": {
                  "id": "minecraft:spawner",
                  "SpawnCount": 5,
                  "SpawnRange": 5,
                  "Delay": 100,
                  "MinSpawnDelay": 5,
                  "MaxSpawnDelay": 20,
                  "MaxNearbyEntities": 9999,
                  "RequiredPlayerRange": 20
                }
              }
            }
          ],
          "conditions": [
            {
              "condition": "minecraft:entity_scores",
              "entity": "this",
              "scores": {
                "mt.progression": {
                  "min": 600000
                }
              }
            }
          ]
        },
        {
          "type": "minecraft:item",
          "weight": 3,
          "name": "minecraft:coal_block",
          "functions": [
            {
              "function": "minecraft:set_count",
              "count": {
                "min": 4,
                "max": 8
              }
            }
          ],
          "conditions": [
            {
              "condition": "minecraft:entity_scores",
              "entity": "this",
              "scores": {
                "mt.progression": {
                  "max": 314999
                }
              }
            }
          ]
        },
        {
          "type": "minecraft:item",
          "weight": 2,
          "name": "minecraft:diamond_shovel",
          "functions": [
            {
              "function": "minecraft:enchant_with_levels",
              "levels": 50
            }
          ],
          "conditions": [
            {
              "condition": "minecraft:entity_scores",
              "entity": "this",
              "scores": {
                "mt.progression": {
                  "min": 325000
                }
              }
            }
          ]
        },
        {
          "type": "minecraft:item",
          "weight": 2,
          "name": "minecraft:diamond_pickaxe",
          "functions": [
            {
              "function": "minecraft:enchant_with_levels",
              "levels": 50
            }
          ],
          "conditions": [
            {
              "condition": "minecraft:entity_scores",
              "entity": "this",
              "scores": {
                "mt.progression": {
                  "min": 325000
                }
              }
            }
          ]
        },
        {
          "type": "minecraft:item",
          "weight": 2,
          "name": "minecraft:diamond_axe",
          "functions": [
            {
              "function": "minecraft:enchant_with_levels",
              "levels": 50
            }
          ],
          "conditions": [
            {
              "condition": "minecraft:entity_scores",
              "entity": "this",
              "scores": {
                "mt.progression": {
                  "min": 325000
                }
              }
            }
          ]
        },
        {
          "type": "minecraft:item",
          "weight": 2,
          "name": "minecraft:tnt",
          "functions": [
            {
              "function": "minecraft:set_count",
              "count": {
                "min": 8,
                "max": 16
              },
              "add": false
            }
          ],
          "conditions": [
            {
              "condition": "minecraft:entity_scores",
              "entity": "this",
              "scores": {
                "mt.progression": {
                  "min": 325000
                }
              }
            }
          ]
        },
        {
          "type": "minecraft:item",
          "weight": 2,
          "name": "minecraft:ender_eye",
          "functions": [
            {
              "function": "minecraft:set_count",
              "count": {
                "min": 2,
                "max": 4
              },
              "add": false
            }
          ],
          "conditions": [
            {
              "condition": "minecraft:entity_scores",
              "entity": "this",
              "scores": {
                "mt.progression": {
                  "min": 319999
                }
              }
            }
          ]
        },
        {
          "type": "minecraft:item",
          "weight": 1,
          "name": "minecraft:enchanted_golden_apple",
          "functions": [
            {
              "function": "minecraft:set_count",
              "count": {
                "type": "minecraft:constant",
                "value": 1
              }
            }
          ]
        },
        {
          "type": "minecraft:item",
          "weight": 2,
          "name": "minecraft:golden_apple",
          "functions": [
            {
              "function": "minecraft:set_count",
              "count": {
                "type": "minecraft:constant",
                "value": 5
              }
            }
          ]
        },
        {
          "type": "minecraft:item",
          "weight": 1,
          "name": "minecraft:diamond_helmet",
          "functions": [
            {
              "function": "minecraft:enchant_with_levels",
              "levels": 30,
              "treasure": false
            }
          ],
          "conditions": [
            {
              "condition": "minecraft:entity_scores",
              "entity": "this",
              "scores": {
                "mt.progression": {
                  "min": 325000
                }
              }
            }
          ]
        },
        {
          "type": "minecraft:item",
          "weight": 1,
          "name": "minecraft:diamond_chestplate",
          "functions": [
            {
              "function": "minecraft:enchant_with_levels",
              "levels": 30,
              "treasure": false
            }
          ],
          "conditions": [
            {
              "condition": "minecraft:entity_scores",
              "entity": "this",
              "scores": {
                "mt.progression": {
                  "min": 325000
                }
              }
            }
          ]
        },
        {
          "type": "minecraft:item",
          "weight": 1,
          "name": "minecraft:diamond_leggings",
          "functions": [
            {
              "function": "minecraft:enchant_with_levels",
              "levels": 30,
              "treasure": false
            }
          ],
          "conditions": [
            {
              "condition": "minecraft:entity_scores",
              "entity": "this",
              "scores": {
                "mt.progression": {
                  "min": 325000
                }
              }
            }
          ]
        },
        {
          "type": "minecraft:item",
          "weight": 1,
          "name": "minecraft:diamond_boots",
          "functions": [
            {
              "function": "minecraft:enchant_with_levels",
              "levels": 30,
              "treasure": false
            }
          ],
          "conditions": [
            {
              "condition": "minecraft:entity_scores",
              "entity": "this",
              "scores": {
                "mt.progression": {
                  "min": 325000
                }
              }
            }
          ]
        },
        {
          "type": "minecraft:item",
          "weight": 1,
          "name": "minecraft:shulker_shell",
          "functions": [
            {
              "function": "minecraft:set_count",
              "count": {
                "min": 2,
                "max": 4
              },
              "add": false
            }
          ],
          "conditions": [
            {
              "condition": "minecraft:entity_scores",
              "entity": "this",
              "scores": {
                "mt.progression": {
                  "min": 400000
                }
              }
            }
          ]
        }
      ]
    }
  ]
}
