{
  "pools": [
    {
      "rolls": 1,
      "entries": [
        {
          "type": "minecraft:item",
          "name": "minecraft:netherite_chestplate",
          "functions": [
            {
              "function": "minecraft:set_components",
              "components": {
                "minecraft:custom_name": "{\"text\":\"Refined Netherite Chestplate\",\"color\":\"gold\",\"italic\":false}",
                "minecraft:lore": [
                  "{\"text\":\" \"}",
                  "{\"text\":\"Ability:\",\"color\":\"green\",\"italic\":false}",
                  "{\"text\":\"When a full set of Refined Netherite\",\"color\":\"gray\",\"italic\":false}",
                  "{\"text\":\"Armor is worn, the user gains permanent\",\"color\":\"gray\",\"italic\":false}",
                  "{\"text\":\"Resistance I and 25% more health.\",\"color\":\"gray\",\"italic\":false}"
                ],
                "minecraft:custom_data": {
                  "armor": "rn_chest",
                  "mt": "armor"
                }
              }
            },
            {
              "function": "minecraft:set_enchantments",
              "enchantments": {
                "minecraft:protection": {
                  "min": 1,
                  "max": 6
                },
                "minecraft:mending": {
                  "min": 0,
                  "max": 1
                },
                "minecraft:unbreaking": {
                  "min": 1,
                  "max": 10
                }
              }
            },
            {
              "function": "minecraft:set_attributes",
              "modifiers": [
                {
                  "id": "refined_chestplate",
                  "attribute": "minecraft:generic.knockback_resistance",
                  "name": "minecraft:generic.knockback_resistance",
                  "amount": 0.1,
                  "operation": "add_value",
                  "slot": "chest"
                },
                {
                  "id": "refined_chestplate",
                  "attribute": "minecraft:generic.armor_toughness",
                  "name": "minecraft:generic.armor_toughness",
                  "amount": 2.5,
                  "operation": "add_value",
                  "slot": "chest"
                },
                {
                  "id": "refined_chestplate",
                  "attribute": "minecraft:generic.armor",
                  "name": "minecraft:generic.armor",
                  "amount": 7.5,
                  "operation": "add_value",
                  "slot": "chest"
                }
              ]
            }
          ]
        },
        {
          "type": "minecraft:item",
          "name": "minecraft:netherite_chestplate",
          "functions": [
            {
              "function": "minecraft:set_components",
              "components": {
                "minecraft:custom_name": "{\"text\":\"Refined Netherite Chestplate\",\"color\":\"gold\",\"italic\":false}",
                "minecraft:lore": [
                  "{\"text\":\" \"}",
                  "{\"text\":\"Ability:\",\"color\":\"green\",\"italic\":false}",
                  "{\"text\":\"When a full set of Refined Netherite\",\"color\":\"gray\",\"italic\":false}",
                  "{\"text\":\"Armor is worn, the user gains permanent\",\"color\":\"gray\",\"italic\":false}",
                  "{\"text\":\"Resistance I and 25% more health.\",\"color\":\"gray\",\"italic\":false}"
                ],
                "minecraft:custom_data": {
                  "armor": "rn_chest",
                  "mt": "armor"
                }
              }
            },
            {
              "function": "minecraft:set_enchantments",
              "enchantments": {
                "minecraft:protection": {
                  "min": 1,
                  "max": 6
                },
                "minecraft:mending": {
                  "min": 0,
                  "max": 1
                },
                "minecraft:unbreaking": {
                  "min": 1,
                  "max": 10
                }
              }
            },
            {
              "function": "minecraft:set_attributes",
              "modifiers": [
                {
                  "id": "refined_chestplate",
                  "attribute": "minecraft:generic.knockback_resistance",
                  "name": "minecraft:generic.knockback_resistance",
                  "amount": 0.1,
                  "operation": "add_value",
                  "slot": "chest"
                },
                {
                  "id": "refined_chestplate",
                  "attribute": "minecraft:generic.armor_toughness",
                  "name": "minecraft:generic.armor_toughness",
                  "amount": 3,
                  "operation": "add_value",
                  "slot": "chest"
                },
                {
                  "id": "refined_chestplate",
                  "attribute": "minecraft:generic.armor",
                  "name": "minecraft:generic.armor",
                  "amount": 8,
                  "operation": "add_value",
                  "slot": "chest"
                }
              ]
            }
          ]
        },
        {
          "type": "minecraft:item",
          "name": "minecraft:netherite_chestplate",
          "functions": [
            {
              "function": "minecraft:set_components",
              "components": {
                "minecraft:custom_name": "{\"text\":\"Refined Netherite Chestplate\",\"color\":\"gold\",\"italic\":false}",
                "minecraft:lore": [
                  "{\"text\":\" \"}",
                  "{\"text\":\"Ability:\",\"color\":\"green\",\"italic\":false}",
                  "{\"text\":\"When a full set of Refined Netherite\",\"color\":\"gray\",\"italic\":false}",
                  "{\"text\":\"Armor is worn, the user gains permanent\",\"color\":\"gray\",\"italic\":false}",
                  "{\"text\":\"Resistance I and 25% more health.\",\"color\":\"gray\",\"italic\":false}"
                ],
                "minecraft:custom_data": {
                  "armor": "rn_chest",
                  "mt": "armor"
                }
              }
            },
            {
              "function": "minecraft:set_enchantments",
              "enchantments": {
                "minecraft:protection": {
                  "min": 1,
                  "max": 6
                },
                "minecraft:mending": {
                  "min": 0,
                  "max": 1
                },
                "minecraft:unbreaking": {
                  "min": 1,
                  "max": 10
                }
              }
            },
            {
              "function": "minecraft:set_attributes",
              "modifiers": [
                {
                  "id": "refined_chestplate",
                  "attribute": "minecraft:generic.knockback_resistance",
                  "name": "minecraft:generic.knockback_resistance",
                  "amount": 0.1,
                  "operation": "add_value",
                  "slot": "chest"
                },
                {
                  "id": "refined_chestplate",
                  "attribute": "minecraft:generic.armor_toughness",
                  "name": "minecraft:generic.armor_toughness",
                  "amount": 3.5,
                  "operation": "add_value",
                  "slot": "chest"
                },
                {
                  "id": "refined_chestplate",
                  "attribute": "minecraft:generic.armor",
                  "name": "minecraft:generic.armor",
                  "amount": 8.5,
                  "operation": "add_value",
                  "slot": "chest"
                }
              ]
            }
          ]
        },
        {
          "type": "minecraft:item",
          "name": "minecraft:netherite_chestplate",
          "functions": [
            {
              "function": "minecraft:set_components",
              "components": {
                "minecraft:custom_name": "{\"text\":\"Refined Netherite Chestplate\",\"color\":\"gold\",\"italic\":false}",
                "minecraft:lore": [
                  "{\"text\":\" \"}",
                  "{\"text\":\"Ability:\",\"color\":\"green\",\"italic\":false}",
                  "{\"text\":\"When a full set of Refined Netherite\",\"color\":\"gray\",\"italic\":false}",
                  "{\"text\":\"Armor is worn, the user gains permanent\",\"color\":\"gray\",\"italic\":false}",
                  "{\"text\":\"Resistance I and 25% more health.\",\"color\":\"gray\",\"italic\":false}"
                ],
                "minecraft:custom_data": {
                  "armor": "rn_chest",
                  "mt": "armor"
                }
              }
            },
            {
              "function": "minecraft:set_enchantments",
              "enchantments": {
                "minecraft:protection": {
                  "min": 1,
                  "max": 6
                },
                "minecraft:mending": {
                  "min": 0,
                  "max": 1
                },
                "minecraft:unbreaking": {
                  "min": 1,
                  "max": 10
                }
              }
            },
            {
              "function": "minecraft:set_attributes",
              "modifiers": [
                {
                  "id": "refined_chestplate",
                  "attribute": "minecraft:generic.knockback_resistance",
                  "name": "minecraft:generic.knockback_resistance",
                  "amount": 0.1,
                  "operation": "add_value",
                  "slot": "chest"
                },
                {
                  "id": "refined_chestplate",
                  "attribute": "minecraft:generic.armor_toughness",
                  "name": "minecraft:generic.armor_toughness",
                  "amount": 4,
                  "operation": "add_value",
                  "slot": "chest"
                },
                {
                  "id": "refined_chestplate",
                  "attribute": "minecraft:generic.armor",
                  "name": "minecraft:generic.armor",
                  "amount": 9,
                  "operation": "add_value",
                  "slot": "chest"
                }
              ]
            }
          ]
        },
        {
          "type": "minecraft:item",
          "name": "minecraft:netherite_chestplate",
          "functions": [
            {
              "function": "minecraft:set_components",
              "components": {
                "minecraft:custom_name": "{\"text\":\"Refined Netherite Chestplate\",\"color\":\"gold\",\"italic\":false}",
                "minecraft:lore": [
                  "{\"text\":\" \"}",
                  "{\"text\":\"Ability:\",\"color\":\"green\",\"italic\":false}",
                  "{\"text\":\"When a full set of Refined Netherite\",\"color\":\"gray\",\"italic\":false}",
                  "{\"text\":\"Armor is worn, the user gains permanent\",\"color\":\"gray\",\"italic\":false}",
                  "{\"text\":\"Resistance I and 25% more health.\",\"color\":\"gray\",\"italic\":false}"
                ],
                "minecraft:custom_data": {
                  "armor": "rn_chest",
                  "mt": "armor"
                }
              }
            },
            {
              "function": "minecraft:set_enchantments",
              "enchantments": {
                "minecraft:protection": {
                  "min": 1,
                  "max": 6
                },
                "minecraft:mending": {
                  "min": 0,
                  "max": 1
                },
                "minecraft:unbreaking": {
                  "min": 1,
                  "max": 10
                }
              }
            },
            {
              "function": "minecraft:set_attributes",
              "modifiers": [
                {
                  "id": "refined_chestplate",
                  "attribute": "minecraft:generic.knockback_resistance",
                  "name": "minecraft:generic.knockback_resistance",
                  "amount": 0.1,
                  "operation": "add_value",
                  "slot": "chest"
                },
                {
                  "id": "refined_chestplate",
                  "attribute": "minecraft:generic.armor_toughness",
                  "name": "minecraft:generic.armor_toughness",
                  "amount": 4.5,
                  "operation": "add_value",
                  "slot": "chest"
                },
                {
                  "id": "refined_chestplate",
                  "attribute": "minecraft:generic.armor",
                  "name": "minecraft:generic.armor",
                  "amount": 9.5,
                  "operation": "add_value",
                  "slot": "chest"
                }
              ]
            }
          ]
        },
        {
          "type": "minecraft:item",
          "name": "minecraft:netherite_chestplate",
          "functions": [
            {
              "function": "minecraft:set_components",
              "components": {
                "minecraft:custom_name": "{\"text\":\"Refined Netherite Chestplate\",\"color\":\"gold\",\"italic\":false}",
                "minecraft:lore": [
                  "{\"text\":\" \"}",
                  "{\"text\":\"Ability:\",\"color\":\"green\",\"italic\":false}",
                  "{\"text\":\"When a full set of Refined Netherite\",\"color\":\"gray\",\"italic\":false}",
                  "{\"text\":\"Armor is worn, the user gains permanent\",\"color\":\"gray\",\"italic\":false}",
                  "{\"text\":\"Resistance I and 25% more health.\",\"color\":\"gray\",\"italic\":false}"
                ],
                "minecraft:custom_data": {
                  "armor": "rn_chest",
                  "mt": "armor"
                }
              }
            },
            {
              "function": "minecraft:set_enchantments",
              "enchantments": {
                "minecraft:protection": {
                  "min": 1,
                  "max": 6
                },
                "minecraft:mending": {
                  "min": 0,
                  "max": 1
                },
                "minecraft:unbreaking": {
                  "min": 1,
                  "max": 10
                }
              }
            },
            {
              "function": "minecraft:set_attributes",
              "modifiers": [
                {
                  "id": "refined_chestplate",
                  "attribute": "minecraft:generic.knockback_resistance",
                  "name": "minecraft:generic.knockback_resistance",
                  "amount": 0.1,
                  "operation": "add_value",
                  "slot": "chest"
                },
                {
                  "id": "refined_chestplate",
                  "attribute": "minecraft:generic.armor_toughness",
                  "name": "minecraft:generic.armor_toughness",
                  "amount": 3,
                  "operation": "add_value",
                  "slot": "chest"
                },
                {
                  "id": "refined_chestplate",
                  "attribute": "minecraft:generic.armor",
                  "name": "minecraft:generic.armor",
                  "amount": 7.5,
                  "operation": "add_value",
                  "slot": "chest"
                }
              ]
            }
          ]
        },
        {
          "type": "minecraft:item",
          "name": "minecraft:netherite_chestplate",
          "functions": [
            {
              "function": "minecraft:set_components",
              "components": {
                "minecraft:custom_name": "{\"text\":\"Refined Netherite Chestplate\",\"color\":\"gold\",\"italic\":false}",
                "minecraft:lore": [
                  "{\"text\":\" \"}",
                  "{\"text\":\"Ability:\",\"color\":\"green\",\"italic\":false}",
                  "{\"text\":\"When a full set of Refined Netherite\",\"color\":\"gray\",\"italic\":false}",
                  "{\"text\":\"Armor is worn, the user gains permanent\",\"color\":\"gray\",\"italic\":false}",
                  "{\"text\":\"Resistance I and 25% more health.\",\"color\":\"gray\",\"italic\":false}"
                ],
                "minecraft:custom_data": {
                  "armor": "rn_chest",
                  "mt": "armor"
                }
              }
            },
            {
              "function": "minecraft:set_enchantments",
              "enchantments": {
                "minecraft:protection": {
                  "min": 1,
                  "max": 6
                },
                "minecraft:mending": {
                  "min": 0,
                  "max": 1
                },
                "minecraft:unbreaking": {
                  "min": 1,
                  "max": 10
                }
              }
            },
            {
              "function": "minecraft:set_attributes",
              "modifiers": [
                {
                  "id": "refined_chestplate",
                  "attribute": "minecraft:generic.knockback_resistance",
                  "name": "minecraft:generic.knockback_resistance",
                  "amount": 0.1,
                  "operation": "add_value",
                  "slot": "chest"
                },
                {
                  "id": "refined_chestplate",
                  "attribute": "minecraft:generic.armor_toughness",
                  "name": "minecraft:generic.armor_toughness",
                  "amount": 3.5,
                  "operation": "add_value",
                  "slot": "chest"
                },
                {
                  "id": "refined_chestplate",
                  "attribute": "minecraft:generic.armor",
                  "name": "minecraft:generic.armor",
                  "amount": 7.5,
                  "operation": "add_value",
                  "slot": "chest"
                }
              ]
            }
          ]
        },
        {
          "type": "minecraft:item",
          "name": "minecraft:netherite_chestplate",
          "functions": [
            {
              "function": "minecraft:set_components",
              "components": {
                "minecraft:custom_name": "{\"text\":\"Refined Netherite Chestplate\",\"color\":\"gold\",\"italic\":false}",
                "minecraft:lore": [
                  "{\"text\":\" \"}",
                  "{\"text\":\"Ability:\",\"color\":\"green\",\"italic\":false}",
                  "{\"text\":\"When a full set of Refined Netherite\",\"color\":\"gray\",\"italic\":false}",
                  "{\"text\":\"Armor is worn, the user gains permanent\",\"color\":\"gray\",\"italic\":false}",
                  "{\"text\":\"Resistance I and 25% more health.\",\"color\":\"gray\",\"italic\":false}"
                ],
                "minecraft:custom_data": {
                  "armor": "rn_chest",
                  "mt": "armor"
                }
              }
            },
            {
              "function": "minecraft:set_enchantments",
              "enchantments": {
                "minecraft:protection": {
                  "min": 1,
                  "max": 6
                },
                "minecraft:mending": {
                  "min": 0,
                  "max": 1
                },
                "minecraft:unbreaking": {
                  "min": 1,
                  "max": 10
                }
              }
            },
            {
              "function": "minecraft:set_attributes",
              "modifiers": [
                {
                  "id": "refined_chestplate",
                  "attribute": "minecraft:generic.knockback_resistance",
                  "name": "minecraft:generic.knockback_resistance",
                  "amount": 0.1,
                  "operation": "add_value",
                  "slot": "chest"
                },
                {
                  "id": "refined_chestplate",
                  "attribute": "minecraft:generic.armor_toughness",
                  "name": "minecraft:generic.armor_toughness",
                  "amount": 4,
                  "operation": "add_value",
                  "slot": "chest"
                },
                {
                  "id": "refined_chestplate",
                  "attribute": "minecraft:generic.armor",
                  "name": "minecraft:generic.armor",
                  "amount": 7.5,
                  "operation": "add_value",
                  "slot": "chest"
                }
              ]
            }
          ]
        },
        {
          "type": "minecraft:item",
          "name": "minecraft:netherite_chestplate",
          "functions": [
            {
              "function": "minecraft:set_components",
              "components": {
                "minecraft:custom_name": "{\"text\":\"Refined Netherite Chestplate\",\"color\":\"gold\",\"italic\":false}",
                "minecraft:lore": [
                  "{\"text\":\" \"}",
                  "{\"text\":\"Ability:\",\"color\":\"green\",\"italic\":false}",
                  "{\"text\":\"When a full set of Refined Netherite\",\"color\":\"gray\",\"italic\":false}",
                  "{\"text\":\"Armor is worn, the user gains permanent\",\"color\":\"gray\",\"italic\":false}",
                  "{\"text\":\"Resistance I and 25% more health.\",\"color\":\"gray\",\"italic\":false}"
                ],
                "minecraft:custom_data": {
                  "armor": "rn_chest",
                  "mt": "armor"
                }
              }
            },
            {
              "function": "minecraft:set_enchantments",
              "enchantments": {
                "minecraft:protection": {
                  "min": 1,
                  "max": 6
                },
                "minecraft:mending": {
                  "min": 0,
                  "max": 1
                },
                "minecraft:unbreaking": {
                  "min": 1,
                  "max": 10
                }
              }
            },
            {
              "function": "minecraft:set_attributes",
              "modifiers": [
                {
                  "id": "refined_chestplate",
                  "attribute": "minecraft:generic.knockback_resistance",
                  "name": "minecraft:generic.knockback_resistance",
                  "amount": 0.1,
                  "operation": "add_value",
                  "slot": "chest"
                },
                {
                  "id": "refined_chestplate",
                  "attribute": "minecraft:generic.armor_toughness",
                  "name": "minecraft:generic.armor_toughness",
                  "amount": 4.5,
                  "operation": "add_value",
                  "slot": "chest"
                },
                {
                  "id": "refined_chestplate",
                  "attribute": "minecraft:generic.armor",
                  "name": "minecraft:generic.armor",
                  "amount": 7.5,
                  "operation": "add_value",
                  "slot": "chest"
                }
              ]
            }
          ]
        },
        {
          "type": "minecraft:item",
          "name": "minecraft:netherite_chestplate",
          "functions": [
            {
              "function": "minecraft:set_components",
              "components": {
                "minecraft:custom_name": "{\"text\":\"Refined Netherite Chestplate\",\"color\":\"gold\",\"italic\":false}",
                "minecraft:lore": [
                  "{\"text\":\" \"}",
                  "{\"text\":\"Ability:\",\"color\":\"green\",\"italic\":false}",
                  "{\"text\":\"When a full set of Refined Netherite\",\"color\":\"gray\",\"italic\":false}",
                  "{\"text\":\"Armor is worn, the user gains permanent\",\"color\":\"gray\",\"italic\":false}",
                  "{\"text\":\"Resistance I and 25% more health.\",\"color\":\"gray\",\"italic\":false}"
                ],
                "minecraft:custom_data": {
                  "armor": "rn_chest",
                  "mt": "armor"
                }
              }
            },
            {
              "function": "minecraft:set_enchantments",
              "enchantments": {
                "minecraft:protection": {
                  "min": 1,
                  "max": 6
                },
                "minecraft:mending": {
                  "min": 0,
                  "max": 1
                },
                "minecraft:unbreaking": {
                  "min": 1,
                  "max": 10
                }
              }
            },
            {
              "function": "minecraft:set_attributes",
              "modifiers": [
                {
                  "id": "refined_chestplate",
                  "attribute": "minecraft:generic.knockback_resistance",
                  "name": "minecraft:generic.knockback_resistance",
                  "amount": 0.1,
                  "operation": "add_value",
                  "slot": "chest"
                },
                {
                  "id": "refined_chestplate",
                  "attribute": "minecraft:generic.armor_toughness",
                  "name": "minecraft:generic.armor_toughness",
                  "amount": 2.5,
                  "operation": "add_value",
                  "slot": "chest"
                },
                {
                  "id": "refined_chestplate",
                  "attribute": "minecraft:generic.armor",
                  "name": "minecraft:generic.armor",
                  "amount": 8,
                  "operation": "add_value",
                  "slot": "chest"
                }
              ]
            }
          ]
        },
        {
          "type": "minecraft:item",
          "name": "minecraft:netherite_chestplate",
          "functions": [
            {
              "function": "minecraft:set_components",
              "components": {
                "minecraft:custom_name": "{\"text\":\"Refined Netherite Chestplate\",\"color\":\"gold\",\"italic\":false}",
                "minecraft:lore": [
                  "{\"text\":\" \"}",
                  "{\"text\":\"Ability:\",\"color\":\"green\",\"italic\":false}",
                  "{\"text\":\"When a full set of Refined Netherite\",\"color\":\"gray\",\"italic\":false}",
                  "{\"text\":\"Armor is worn, the user gains permanent\",\"color\":\"gray\",\"italic\":false}",
                  "{\"text\":\"Resistance I and 25% more health.\",\"color\":\"gray\",\"italic\":false}"
                ],
                "minecraft:custom_data": {
                  "armor": "rn_chest",
                  "mt": "armor"
                }
              }
            },
            {
              "function": "minecraft:set_enchantments",
              "enchantments": {
                "minecraft:protection": {
                  "min": 1,
                  "max": 6
                },
                "minecraft:mending": {
                  "min": 0,
                  "max": 1
                },
                "minecraft:unbreaking": {
                  "min": 1,
                  "max": 10
                }
              }
            },
            {
              "function": "minecraft:set_attributes",
              "modifiers": [
                {
                  "id": "refined_chestplate",
                  "attribute": "minecraft:generic.knockback_resistance",
                  "name": "minecraft:generic.knockback_resistance",
                  "amount": 0.1,
                  "operation": "add_value",
                  "slot": "chest"
                },
                {
                  "id": "refined_chestplate",
                  "attribute": "minecraft:generic.armor_toughness",
                  "name": "minecraft:generic.armor_toughness",
                  "amount": 2.5,
                  "operation": "add_value",
                  "slot": "chest"
                },
                {
                  "id": "refined_chestplate",
                  "attribute": "minecraft:generic.armor",
                  "name": "minecraft:generic.armor",
                  "amount": 8.5,
                  "operation": "add_value",
                  "slot": "chest"
                }
              ]
            }
          ]
        },
        {
          "type": "minecraft:item",
          "name": "minecraft:netherite_chestplate",
          "functions": [
            {
              "function": "minecraft:set_components",
              "components": {
                "minecraft:custom_name": "{\"text\":\"Refined Netherite Chestplate\",\"color\":\"gold\",\"italic\":false}",
                "minecraft:lore": [
                  "{\"text\":\" \"}",
                  "{\"text\":\"Ability:\",\"color\":\"green\",\"italic\":false}",
                  "{\"text\":\"When a full set of Refined Netherite\",\"color\":\"gray\",\"italic\":false}",
                  "{\"text\":\"Armor is worn, the user gains permanent\",\"color\":\"gray\",\"italic\":false}",
                  "{\"text\":\"Resistance I and 25% more health.\",\"color\":\"gray\",\"italic\":false}"
                ],
                "minecraft:custom_data": {
                  "armor": "rn_chest",
                  "mt": "armor"
                }
              }
            },
            {
              "function": "minecraft:set_enchantments",
              "enchantments": {
                "minecraft:protection": {
                  "min": 1,
                  "max": 6
                },
                "minecraft:mending": {
                  "min": 0,
                  "max": 1
                },
                "minecraft:unbreaking": {
                  "min": 1,
                  "max": 10
                }
              }
            },
            {
              "function": "minecraft:set_attributes",
              "modifiers": [
                {
                  "id": "refined_chestplate",
                  "attribute": "minecraft:generic.knockback_resistance",
                  "name": "minecraft:generic.knockback_resistance",
                  "amount": 0.1,
                  "operation": "add_value",
                  "slot": "chest"
                },
                {
                  "id": "refined_chestplate",
                  "attribute": "minecraft:generic.armor_toughness",
                  "name": "minecraft:generic.armor_toughness",
                  "amount": 2.5,
                  "operation": "add_value",
                  "slot": "chest"
                },
                {
                  "id": "refined_chestplate",
                  "attribute": "minecraft:generic.armor",
                  "name": "minecraft:generic.armor",
                  "amount": 9,
                  "operation": "add_value",
                  "slot": "chest"
                }
              ]
            }
          ]
        },
        {
          "type": "minecraft:item",
          "name": "minecraft:netherite_chestplate",
          "functions": [
            {
              "function": "minecraft:set_components",
              "components": {
                "minecraft:custom_name": "{\"text\":\"Refined Netherite Chestplate\",\"color\":\"gold\",\"italic\":false}",
                "minecraft:lore": [
                  "{\"text\":\" \"}",
                  "{\"text\":\"Ability:\",\"color\":\"green\",\"italic\":false}",
                  "{\"text\":\"When a full set of Refined Netherite\",\"color\":\"gray\",\"italic\":false}",
                  "{\"text\":\"Armor is worn, the user gains permanent\",\"color\":\"gray\",\"italic\":false}",
                  "{\"text\":\"Resistance I and 25% more health.\",\"color\":\"gray\",\"italic\":false}"
                ],
                "minecraft:custom_data": {
                  "armor": "rn_chest",
                  "mt": "armor"
                }
              }
            },
            {
              "function": "minecraft:set_enchantments",
              "enchantments": {
                "minecraft:protection": {
                  "min": 1,
                  "max": 6
                },
                "minecraft:mending": {
                  "min": 0,
                  "max": 1
                },
                "minecraft:unbreaking": {
                  "min": 1,
                  "max": 10
                }
              }
            },
            {
              "function": "minecraft:set_attributes",
              "modifiers": [
                {
                  "id": "refined_chestplate",
                  "attribute": "minecraft:generic.knockback_resistance",
                  "name": "minecraft:generic.knockback_resistance",
                  "amount": 0.1,
                  "operation": "add_value",
                  "slot": "chest"
                },
                {
                  "id": "refined_chestplate",
                  "attribute": "minecraft:generic.armor_toughness",
                  "name": "minecraft:generic.armor_toughness",
                  "amount": 2.5,
                  "operation": "add_value",
                  "slot": "chest"
                },
                {
                  "id": "refined_chestplate",
                  "attribute": "minecraft:generic.armor",
                  "name": "minecraft:generic.armor",
                  "amount": 9.5,
                  "operation": "add_value",
                  "slot": "chest"
                }
              ]
            }
          ]
        }
      ]
    }
  ]
}
