{
    "type": "minecraft:crafting_shaped",
    "pattern": [
        "AEB",
        "###",
        "HHH"
    ],
    "key": {
        "#": {
            "item": "minecraft:smooth_stone"
        },
        "E": {
            "item": "minecraft:iron_ingot"
        },
        "H": {
            "tag":"planks"
        },
        "A": {
            "tag": "swords"
        },
        "B": {
            "tag": "axes"
        }
    },
    "result": {
        "item": "minecraft:knowledge_book",
        "count": 1
    }
}