{
  "pools": [
    {
      "rolls": {
        "min": {
          "type": "minecraft:score",
          "target": "this",
          "score": "mt.progression",
          "scale": 0.00002
        },
        "max": {
          "type": "minecraft:score",
          "target": "this",
          "score": "mt.progression",
          "scale": 0.000025
        }
      },
      "bonus_rolls": {
        "min": 1,
        "max": 6
      },
      "entries": [
        {
          "type": "minecraft:loot_table",
          "value": "mt:charms/epic",
          "conditions": [
            {
              "condition": "minecraft:value_check",
              "value": {
                "type": "minecraft:score",
                "target": {
                  "type": "minecraft:fixed",
                  "name": "#disable_epic_charm"
                },
                "score": "mt.constant"
              },
              "range": 0
            },
            {
              "condition": "minecraft:random_chance",
              "chance": 0.035
            }
          ]
        },
        {
          "type": "minecraft:item",
          "name": "minecraft:golden_apple",
          "weight": 2,
          "functions": [
            {
              "function": "minecraft:set_count",
              "count": {
                "min": 2,
                "max": 4
              }
            }
          ],
          "conditions": [
            {
              "condition": "minecraft:entity_scores",
              "entity": "this",
              "scores": {
                "mt.progression": {
                  "max": 499999
                }
              }
            }
          ]
        },
        {
          "type": "minecraft:item",
          "name": "minecraft:tnt",
          "weight": 3,
          "functions": [
            {
              "function": "minecraft:set_count",
              "count": {
                "min": 1,
                "max": 3
              }
            }
          ]
        },
        {
          "type": "minecraft:item",
          "name": "minecraft:diamond",
          "weight": 3,
          "functions": [
            {
              "function": "minecraft:set_count",
              "count": {
                "min": 1,
                "max": 3
              }
            }
          ],
          "conditions": [
            {
              "condition": "minecraft:entity_scores",
              "entity": "this",
              "scores": {
                "mt.progression": {
                  "max": 499999
                }
              }
            }
          ]
        },
        {
          "type": "minecraft:item",
          "weight": 2,
          "name": "minecraft:globe_banner_pattern",
          "functions": [
            {
              "function": "minecraft:set_count",
              "count": 1
            },
            {
              "function": "minecraft:set_name",
              "name": [
                {
                  "text": "Assassin Instinct",
                  "color": "gold",
                  "italic": false
                }
              ]
            },
            {
              "function": "minecraft:set_lore",
              "lore": [
                {
                  "text": "RUNE",
                  "color": "gold",
                  "bold": true,
                  "italic": false
                },
                {
                  "text": " ",
                  "color": "gray",
                  "italic": false
                },
                {
                  "text": "Ability:",
                  "color": "green",
                  "italic": false
                },
                {
                  "text": "When activated attack damage is ",
                  "color": "gray",
                  "italic": false
                },
                {
                  "text": "increased by 20% and movement is ",
                  "color": "gray",
                  "italic": false
                },
                {
                  "text": "increased by 10% for 10 seconds. ",
                  "color": "gray",
                  "italic": false
                }
              ],
               "mode": "replace_all"
            },
            {
              "function": "minecraft:set_components",
              "components": {
                "max_stack_size": 16,
                "minecraft:food": {
                  "nutrition": 0,
                  "saturation": 0,
                  "can_always_eat": true,
                  "eat_seconds": 9999999
                },
                "minecraft:enchantment_glint_override": true,
                "minecraft:custom_data": {
                  "rune": "mt.assassin",
                    "mt": "rune"
                  }
                }
            }
          ],
          "conditions": [
            {
              "condition": "minecraft:value_check",
              "value": {
                "type": "minecraft:score",
                "target": {
                  "type": "minecraft:fixed",
                  "name": "#disable_rune"
                },
                "score": "mt.constant"
              },
              "range": 0
            },
            {
              "condition": "minecraft:random_chance",
              "chance": 0.5
            },
            {
              "condition": "minecraft:entity_scores",
              "entity": "this",
              "scores": {
                "mt.progression": {
                  "min": 600000
                }
              }
            }
          ]
        },
        {
          "type": "minecraft:item",
          "name": "minecraft:enchanted_golden_apple",
          "weight": 1,
          "functions": [
            {
              "function": "minecraft:set_count",
              "count": {
                "min": 1,
                "max": 2
              }
            }
          ]
        },
        {
          "type": "minecraft:item",
          "name": "minecraft:chest",
          "functions": [
            {
              "function": "minecraft:set_loot_table",
              "type": "minecraft:chest",
              "name": "mt:chests/desert_treasure/desert_pyramid"
            },
            {
              "function": "set_name",
              "name": [
                {
                  "text": "Desert Temple Loot",
                  "color": "aqua",
                  "italic": false
                }
              ]
            },
            {
              "function": "set_lore",
              "lore": [
                {
                  "text": "Contains the Desert ",
                  "color": "gray",
                  "italic": false
                },
                {
                  "text": "Temple loot table. ",
                  "color": "gray",
                  "italic": false
                }
              ],
              "mode": "replace_all"
            }
          ]
        },
        {
          "type": "minecraft:item",
          "name": "minecraft:tinted_glass",
          "weight": 3,
          "functions": [
            {
              "function": "minecraft:set_count",
              "count": {
                "min": 2,
                "max": 4
              }
            }
          ]
        },
        {
          "type": "minecraft:item",
          "name": "minecraft:golden_carrot",
          "weight": 3,
          "functions": [
            {
              "function": "minecraft:set_count",
              "count": {
                "min": 1,
                "max": 3
              }
            }
          ],
          "conditions": [
            {
              "condition": "minecraft:entity_scores",
              "entity": "this",
              "scores": {
                "mt.progression": {
                  "max": 499999
                }
              }
            }
          ]
        },
        {
          "type": "minecraft:item",
          "name": "minecraft:cobweb",
          "weight": 2,
          "functions": [
            {
              "function": "minecraft:set_count",
              "count": {
                "min": 1,
                "max": 3
              }
            }
          ]
        },
        {
          "type": "minecraft:item",
          "name": "minecraft:experience_bottle",
          "weight": 2,
          "functions": [
            {
              "function": "minecraft:set_count",
              "count": {
                "min": 3,
                "max": 7
              }
            }
          ]
        },
        {
          "type": "minecraft:item",
          "name": "minecraft:emerald_block",
          "weight": 2,
          "conditions": [
            {
              "condition": "minecraft:random_chance",
              "chance": 0.75
            }
          ]
        },
        {
          "type": "minecraft:item",
          "name": "minecraft:diamond_block",
          "weight": 2,
          "conditions": [
            {
              "condition": "minecraft:random_chance",
              "chance": 0.5
            }
          ]
        },
        {
          "type": "minecraft:item",
          "weight": 1,
          "name": "minecraft:golden_boots",
          "functions": [
            {
              "function": "minecraft:enchant_with_levels",
              "levels": 50,
              "treasure": true
            },
            {
              "function": "minecraft:set_enchantments",
              "enchantments": {
                "minecraft:fire_protection": {
                  "min": 0,
                  "max": 20
                }
              }
            }
          ],
          "conditions": [
            {
              "condition": "minecraft:entity_scores",
              "entity": "this",
              "scores": {
                "mt.progression": {
                  "max": 499999
                }
              }
            }
          ]
        },
        {
          "type": "minecraft:item",
          "weight": 1,
          "name": "minecraft:golden_leggings",
          "functions": [
            {
              "function": "minecraft:enchant_with_levels",
              "levels": 50,
              "treasure": true
            },
            {
              "function": "minecraft:set_enchantments",
              "enchantments": {
                "minecraft:blast_protection": {
                  "min": 0,
                  "max": 20
                }
              }
            }
          ],
          "conditions": [
            {
              "condition": "minecraft:entity_scores",
              "entity": "this",
              "scores": {
                "mt.progression": {
                  "max": 499999
                }
              }
            }
          ]
        },
        {
          "type": "minecraft:item",
          "weight": 1,
          "name": "minecraft:golden_chestplate",
          "functions": [
            {
              "function": "minecraft:enchant_with_levels",
              "levels": 50,
              "treasure": true
            },
            {
              "function": "minecraft:set_enchantments",
              "enchantments": {
                "minecraft:protection": {
                  "min": 0,
                  "max": 20
                }
              }
            }
          ],
          "conditions": [
            {
              "condition": "minecraft:entity_scores",
              "entity": "this",
              "scores": {
                "mt.progression": {
                  "max": 499999
                }
              }
            }
          ]
        },
        {
          "type": "minecraft:item",
          "weight": 1,
          "name": "minecraft:totem_of_undying",
          "functions": [
            {
              "function": "minecraft:set_lore",
              "lore": [
                {
                  "text": "Activation gives Strength IV ",
                  "color": "gray",
                  "italic": false
                },
                {
                  "text": "and blindings all enemies ",
                  "color": "gray",
                  "italic": false
                }
              ],
               "mode": "replace_all"
            },
            {
              "function": "set_name",
              "name": [
                {
                  "text": "Totem of Assassination",
                  "color": "gold",
                  "italic": false
                }
              ]
            },
            {
              "function": "minecraft:set_components",
              "components": {
                "minecraft:enchantment_glint_override": true,
                "minecraft:custom_data": {
                  "weapon": "totem_assassin",
                  "mt": "weapon"
                }
              }
            },
            {
              "function": "minecraft:set_attributes",
              "modifiers": [
                {
                  "id": "assassin",
                  "attribute": "minecraft:generic.attack_damage",
                  "name": "minecraft:generic.attack_damage",
                  "amount": 0.05,
                  "operation": "add_multiplied_total",
                  "slot": "offhand"
                }
              ]
            }
          ],
          "conditions": [
            {
              "condition": "minecraft:entity_scores",
              "entity": "this",
              "scores": {
                "mt.progression": {
                  "min": 500000
                }
              }
            }
          ]
        },
        {
          "type": "minecraft:item",
          "weight": 1,
          "name": "minecraft:golden_helmet",
          "functions": [
            {
              "function": "minecraft:enchant_with_levels",
              "levels": 50,
              "treasure": true
            },
            {
              "function": "minecraft:set_enchantments",
              "enchantments": {
                "minecraft:projectile_protection": {
                  "min": 0,
                  "max": 20
                }
              }
            }
          ],
          "conditions": [
            {
              "condition": "minecraft:entity_scores",
              "entity": "this",
              "scores": {
                "mt.progression": {
                  "min": 500000
                }
              }
            }
          ]
        }
      ]
    }
  ]
}
