{
	"show_toast": false,
	"criteria": {
		"0": 
		{
			"trigger":"minecraft:tick",
			"conditions": {
				"player": [{
					"condition": "minecraft:entity_properties",
					"entity":"this",
					"predicate": {
						"equipment": {
							"mainhand": {
								"items": ["minecraft:goat_horn"]
							}
						}
					}
				}]
			}
		},
		"1": 
		{
			"trigger":"minecraft:tick",
			"conditions": {
				"player": [{
					"condition": "minecraft:entity_properties",
					"entity":"this",
					"predicate": {
						"equipment": {
							"offhand": {
								"items": ["minecraft:goat_horn"]
							}
						}
					}
				}]
			}
		}
	},
	"requirements": [["0","1"]],
	"rewards": {
		"function": "siscu:advancement/instrument_hold"
	}
}