{
	"show_toast": false,
	"criteria": {
		"0": 
		{
			"trigger":"minecraft:item_used_on_block",
			"conditions": {
				"location": [
					{
						"condition": "location_check",
						"predicate": {"blocks": ["water_cauldron","cauldron"]}
					},
					{
						"condition": "match_tool",
						"predicate": {
							"items": ["leather_helmet","leather_chestplate","leather_leggings","leather_boots","leather_horse_armor"]
						}
					}
				]
			}
		}
	},
	"rewards": {
		"function": "siscu:items/use/leather_stuff_cauldron"
	}
}