{
	"show_toast": false,
	"criteria": {
		"mainhand": 
		{
			"trigger":"minecraft:tick",
			"conditions": {
				"player": [{
					"condition": "minecraft:entity_properties",
					"entity":"this",
					"predicate": {
						"equipment": {
							"mainhand": {
								"items": ["minecraft:warped_fungus_on_a_stick"]
							}
						}
					}
				}]
			}
		},
		"offhand": 
		{
			"trigger":"minecraft:tick",
			"conditions": {
				"player": [{
					"condition": "minecraft:entity_properties",
					"entity":"this",
					"predicate": {
						"equipment": {
							"offhand": {
								"items": ["minecraft:warped_fungus_on_a_stick"]
							}
						}
					}
				}]
			}
		}
	},
	"requirements": [["mainhand","offhand"]],
	"rewards": {
		"function": "siscu:items/use/fungus_on_a_stick_hold"
	}
}