{
  "criteria": {
    "requirement": {
      "trigger": "minecraft:entity_hurt_player",
      "conditions": {
        "player": [
          {
            "condition": "minecraft:random_chance",
            "chance": 0.15
          },
          {
            "condition": "minecraft:entity_properties",
            "entity": "this",
            "predicate": {
              "equipment": {
                "chest": {
                  "predicates": {
                    "minecraft:custom_data": "{armor:\"swamp_chestplate\"}"
                  }
                }
              }
            }
          }
        ]
      }
    }
  },
  "rewards": {
    "function": "mt:items/armor/swamp_ability"
  }
}
