{"stats":{"minecraft:custom":{"minecraft:time_since_rest":4683,"minecraft:sprint_one_cm":43040,"minecraft:damage_taken":20,"minecraft:walk_one_cm":38548,"minecraft:mob_kills":5,"minecraft:damage_dealt":600,"minecraft:talked_to_villager":2,"minecraft:interact_with_crafting_table":5,"minecraft:fly_one_cm":30355,"minecraft:play_one_minute":12375,"minecraft:jump":214,"minecraft:leave_game":2,"minecraft:time_since_death":12375,"minecraft:sleep_in_bed":1,"minecraft:fall_one_cm":4273},"minecraft:mined":{"minecraft:iron_ore":11,"minecraft:birch_log":5,"minecraft:grass":19,"minecraft:grass_block":3,"minecraft:coal_ore":16,"minecraft:dirt":2,"minecraft:tall_grass":3,"minecraft:stone":31,"minecraft:diorite":5,"minecraft:oak_leaves":2},"minecraft:picked_up":{"minecraft:birch_log":5,"minecraft:leather":2,"minecraft:diorite":5,"minecraft:dirt":5,"minecraft:arrow":2,"minecraft:bone":2,"minecraft:wheat_seeds":3,"minecraft:beef":9,"minecraft:iron_ore":11,"minecraft:oak_sapling":1,"minecraft:coal":16,"minecraft:cobblestone":31,"minecraft:egg":2},"minecraft:crafted":{"minecraft:crafting_table":1,"minecraft:stick":16,"minecraft:wooden_pickaxe":1,"minecraft:stone_pickaxe":1,"minecraft:stone_sword":1,"minecraft:birch_slab":6,"minecraft:torch":36,"minecraft:birch_planks":20,"minecraft:stone_axe":1},"minecraft:used":{"minecraft:stone_sword":10,"minecraft:stone_pickaxe":44,"minecraft:wooden_pickaxe":28,"minecraft:stone_axe":3,"minecraft:torch":10,"minecraft:dirt":4,"minecraft:crafting_table":1},"minecraft:killed":{"minecraft:zombie":1,"minecraft:cow":4}},"DataVersion":2567}