{"stats":{"minecraft:used":{"minecraft:crafting_table":2,"minecraft:wooden_pickaxe":23,"minecraft:chest":1},"minecraft:picked_up":{"minecraft:crafting_table":1,"minecraft:oak_log":3,"minecraft:chest":1,"minecraft:cobblestone":20},"minecraft:crafted":{"minecraft:oak_planks":12,"minecraft:crafting_table":1,"minecraft:stick":4,"minecraft:wooden_pickaxe":1},"minecraft:mined":{"minecraft:oak_log":3,"minecraft:chest":1,"minecraft:stone":21,"minecraft:crafting_table":1},"minecraft:custom":{"minecraft:time_since_rest":5835,"minecraft:open_chest":5,"minecraft:play_one_minute":5835,"minecraft:sprint_one_cm":15178,"minecraft:damage_taken":70,"minecraft:walk_one_cm":14748,"minecraft:jump":132,"minecraft:leave_game":1,"minecraft:time_since_death":5835,"minecraft:interact_with_crafting_table":3,"minecraft:fall_one_cm":4645,"minecraft:fly_one_cm":35380}},"DataVersion":2567}