{"stats":{"minecraft:picked_up":{"minecraft:hay_block":6,"minecraft:oak_log":4,"minecraft:cobblestone":44},"minecraft:used":{"minecraft:crafting_table":1,"minecraft:wooden_pickaxe":50},"minecraft:crafted":{"minecraft:stone_sword":1,"minecraft:oak_planks":16,"minecraft:crafting_table":1,"minecraft:stone_axe":1,"minecraft:stick":12,"minecraft:wooden_pickaxe":1,"minecraft:stone_pickaxe":2},"minecraft:mined":{"minecraft:hay_block":6,"minecraft:oak_log":4,"minecraft:stone":44,"minecraft:oak_leaves":4},"minecraft:custom":{"minecraft:time_since_rest":6030,"minecraft:play_one_minute":6030,"minecraft:sprint_one_cm":6582,"minecraft:walk_one_cm":23291,"minecraft:jump":69,"minecraft:leave_game":1,"minecraft:time_since_death":6030,"minecraft:interact_with_crafting_table":3,"minecraft:fall_one_cm":2148,"minecraft:fly_one_cm":11638}},"DataVersion":2567}