{
  "pools": [
    {
      "rolls": 1,
      "entries": [
        {
          "type": "minecraft:item",
          "name": "minecraft:leather_chestplate",
          "functions": [
            {
              "function": "minecraft:set_enchantments",
              "enchantments": {
                "minecraft:blast_protection": {
                  "min": 1,
                  "max": 6
                },
                "minecraft:fire_protection": {
                  "min": 1,
                  "max": 6
                },
                "minecraft:projectile_protection": {
                  "min": 0,
                  "max": 3
                },
                "minecraft:protection": {
                  "min": 2,
                  "max": 7
                }
              }
            },
            {
              "function": "minecraft:set_attributes",
              "modifiers": [
                {
                  "id": "dark_forest_chestplate",
                  "attribute": "minecraft:generic.armor_toughness",
                  "name": "minecraft:generic.armor_toughness",
                  "amount": 3,
                  "operation": "add_value",
                  "slot": "chest"
                },
                {
                  "id": "dark_forest_chestplate",
                  "attribute": "minecraft:generic.armor",
                  "name": "minecraft:generic.armor",
                  "amount": 8,
                  "operation": "add_value",
                  "slot": "chest"
                }
              ]
            },
            {
              "function": "minecraft:set_components",
              "components": {
                "minecraft:repair_cost": 99999,
                "minecraft:unbreakable": {},
                "minecraft:custom_name": "{\"text\":\"Dark Forest Chestplate\",\"color\":\"gold\",\"italic\":false}",
                "minecraft:lore": [
                  "{\"text\":\" \"}",
                  "{\"text\":\"Ability:\",\"color\":\"green\",\"italic\":false}",
                  "{\"text\":\"Axes deal 25% more damage.\",\"color\":\"gray\",\"italic\":false}"
                ],
                "minecraft:dyed_color": {
                  "rgb": 3161392,
                  "show_in_tooltip": false
                },
                "minecraft:custom_data": {
                  "armor": "dark_forest_chestplate",
                  "mt": "armor"
                }
              }
            }
          ]
        },
        {
          "type": "minecraft:item",
          "name": "minecraft:leather_chestplate",
          "functions": [
            {
              "function": "minecraft:set_enchantments",
              "enchantments": {
                "minecraft:blast_protection": {
                  "min": 1,
                  "max": 6
                },
                "minecraft:fire_protection": {
                  "min": 1,
                  "max": 6
                },
                "minecraft:projectile_protection": {
                  "min": 0,
                  "max": 3
                },
                "minecraft:protection": {
                  "min": 2,
                  "max": 7
                }
              }
            },
            {
              "function": "minecraft:set_attributes",
              "modifiers": [
                {
                  "id": "dark_forest_chestplate",
                  "attribute": "minecraft:generic.armor_toughness",
                  "name": "minecraft:generic.armor_toughness",
                  "amount": 3,
                  "operation": "add_value",
                  "slot": "chest"
                },
                {
                  "id": "dark_forest_chestplate",
                  "attribute": "minecraft:generic.armor",
                  "name": "minecraft:generic.armor",
                  "amount": 8.5,
                  "operation": "add_value",
                  "slot": "chest"
                }
              ]
            },
            {
              "function": "minecraft:set_components",
              "components": {
                "minecraft:repair_cost": 99999,
                "minecraft:unbreakable": {},
                "minecraft:custom_name": "{\"text\":\"Dark Forest Chestplate\",\"color\":\"gold\",\"italic\":false}",
                "minecraft:lore": [
                  "{\"text\":\" \"}",
                  "{\"text\":\"Ability:\",\"color\":\"green\",\"italic\":false}",
                  "{\"text\":\"Axes deal 25% more damage.\",\"color\":\"gray\",\"italic\":false}"
                ],
                "minecraft:dyed_color": {
                  "rgb": 3161392,
                  "show_in_tooltip": false
                },
                "minecraft:custom_data": {
                  "armor": "dark_forest_chestplate",
                  "mt": "armor"
                }
              }
            }
          ]
        },
        {
          "type": "minecraft:item",
          "name": "minecraft:leather_chestplate",
          "functions": [
            {
              "function": "minecraft:set_enchantments",
              "enchantments": {
                "minecraft:blast_protection": {
                  "min": 1,
                  "max": 6
                },
                "minecraft:fire_protection": {
                  "min": 1,
                  "max": 6
                },
                "minecraft:projectile_protection": {
                  "min": 0,
                  "max": 3
                },
                "minecraft:protection": {
                  "min": 2,
                  "max": 7
                }
              }
            },
            {
              "function": "minecraft:set_attributes",
              "modifiers": [
                {
                  "id": "dark_forest_chestplate",
                  "attribute": "minecraft:generic.armor_toughness",
                  "name": "minecraft:generic.armor_toughness",
                  "amount": 3,
                  "operation": "add_value",
                  "slot": "chest"
                },
                {
                  "id": "dark_forest_chestplate",
                  "attribute": "minecraft:generic.armor",
                  "name": "minecraft:generic.armor",
                  "amount": 9,
                  "operation": "add_value",
                  "slot": "chest"
                }
              ]
            },
            {
              "function": "minecraft:set_components",
              "components": {
                "minecraft:repair_cost": 99999,
                "minecraft:unbreakable": {},
                "minecraft:custom_name": "{\"text\":\"Dark Forest Chestplate\",\"color\":\"gold\",\"italic\":false}",
                "minecraft:lore": [
                  "{\"text\":\" \"}",
                  "{\"text\":\"Ability:\",\"color\":\"green\",\"italic\":false}",
                  "{\"text\":\"Axes deal 25% more damage.\",\"color\":\"gray\",\"italic\":false}"
                ],
                "minecraft:dyed_color": {
                  "rgb": 3161392,
                  "show_in_tooltip": false
                },
                "minecraft:custom_data": {
                  "armor": "dark_forest_chestplate",
                  "mt": "armor"
                }
              }
            }
          ]
        },
        {
          "type": "minecraft:item",
          "name": "minecraft:leather_chestplate",
          "functions": [
            {
              "function": "minecraft:set_enchantments",
              "enchantments": {
                "minecraft:blast_protection": {
                  "min": 1,
                  "max": 6
                },
                "minecraft:fire_protection": {
                  "min": 1,
                  "max": 6
                },
                "minecraft:projectile_protection": {
                  "min": 0,
                  "max": 3
                },
                "minecraft:protection": {
                  "min": 2,
                  "max": 7
                }
              }
            },
            {
              "function": "minecraft:set_attributes",
              "modifiers": [
                {
                  "id": "dark_forest_chestplate",
                  "attribute": "minecraft:generic.armor_toughness",
                  "name": "minecraft:generic.armor_toughness",
                  "amount": 3,
                  "operation": "add_value",
                  "slot": "chest"
                },
                {
                  "id": "dark_forest_chestplate",
                  "attribute": "minecraft:generic.armor",
                  "name": "minecraft:generic.armor",
                  "amount": 9.5,
                  "operation": "add_value",
                  "slot": "chest"
                }
              ]
            },
            {
              "function": "minecraft:set_components",
              "components": {
                "minecraft:repair_cost": 99999,
                "minecraft:unbreakable": {},
                "minecraft:custom_name": "{\"text\":\"Dark Forest Chestplate\",\"color\":\"gold\",\"italic\":false}",
                "minecraft:lore": [
                  "{\"text\":\" \"}",
                  "{\"text\":\"Ability:\",\"color\":\"green\",\"italic\":false}",
                  "{\"text\":\"Axes deal 25% more damage.\",\"color\":\"gray\",\"italic\":false}"
                ],
                "minecraft:dyed_color": {
                  "rgb": 3161392,
                  "show_in_tooltip": false
                },
                "minecraft:custom_data": {
                  "armor": "dark_forest_chestplate",
                  "mt": "armor"
                }
              }
            }
          ]
        },
        {
          "type": "minecraft:item",
          "name": "minecraft:leather_chestplate",
          "functions": [
            {
              "function": "minecraft:set_enchantments",
              "enchantments": {
                "minecraft:blast_protection": {
                  "min": 1,
                  "max": 6
                },
                "minecraft:fire_protection": {
                  "min": 1,
                  "max": 6
                },
                "minecraft:projectile_protection": {
                  "min": 0,
                  "max": 3
                },
                "minecraft:protection": {
                  "min": 2,
                  "max": 7
                }
              }
            },
            {
              "function": "minecraft:set_attributes",
              "modifiers": [
                {
                  "id": "dark_forest_chestplate",
                  "attribute": "minecraft:generic.armor_toughness",
                  "name": "minecraft:generic.armor_toughness",
                  "amount": 3,
                  "operation": "add_value",
                  "slot": "chest"
                },
                {
                  "id": "dark_forest_chestplate",
                  "attribute": "minecraft:generic.armor",
                  "name": "minecraft:generic.armor",
                  "amount": 10,
                  "operation": "add_value",
                  "slot": "chest"
                }
              ]
            },
            {
              "function": "minecraft:set_components",
              "components": {
                "minecraft:repair_cost": 99999,
                "minecraft:unbreakable": {},
                "minecraft:custom_name": "{\"text\":\"Dark Forest Chestplate\",\"color\":\"gold\",\"italic\":false}",
                "minecraft:lore": [
                  "{\"text\":\" \"}",
                  "{\"text\":\"Ability:\",\"color\":\"green\",\"italic\":false}",
                  "{\"text\":\"Axes deal 25% more damage.\",\"color\":\"gray\",\"italic\":false}"
                ],
                "minecraft:dyed_color": {
                  "rgb": 3161392,
                  "show_in_tooltip": false
                },
                "minecraft:custom_data": {
                  "armor": "dark_forest_chestplate",
                  "mt": "armor"
                }
              }
            }
          ]
        },
        {
          "type": "minecraft:item",
          "name": "minecraft:leather_chestplate",
          "functions": [
            {
              "function": "minecraft:set_enchantments",
              "enchantments": {
                "minecraft:blast_protection": {
                  "min": 1,
                  "max": 6
                },
                "minecraft:fire_protection": {
                  "min": 1,
                  "max": 6
                },
                "minecraft:projectile_protection": {
                  "min": 0,
                  "max": 3
                },
                "minecraft:protection": {
                  "min": 2,
                  "max": 7
                }
              }
            },
            {
              "function": "minecraft:set_attributes",
              "modifiers": [
                {
                  "id": "dark_forest_chestplate",
                  "attribute": "minecraft:generic.armor_toughness",
                  "name": "minecraft:generic.armor_toughness",
                  "amount": 3.5,
                  "operation": "add_value",
                  "slot": "chest"
                },
                {
                  "id": "dark_forest_chestplate",
                  "attribute": "minecraft:generic.armor",
                  "name": "minecraft:generic.armor",
                  "amount": 8,
                  "operation": "add_value",
                  "slot": "chest"
                }
              ]
            },
            {
              "function": "minecraft:set_components",
              "components": {
                "minecraft:repair_cost": 99999,
                "minecraft:unbreakable": {},
                "minecraft:custom_name": "{\"text\":\"Dark Forest Chestplate\",\"color\":\"gold\",\"italic\":false}",
                "minecraft:lore": [
                  "{\"text\":\" \"}",
                  "{\"text\":\"Ability:\",\"color\":\"green\",\"italic\":false}",
                  "{\"text\":\"Axes deal 25% more damage.\",\"color\":\"gray\",\"italic\":false}"
                ],
                "minecraft:dyed_color": {
                  "rgb": 3161392,
                  "show_in_tooltip": false
                },
                "minecraft:custom_data": {
                  "armor": "dark_forest_chestplate",
                  "mt": "armor"
                }
              }
            }
          ]
        },
        {
          "type": "minecraft:item",
          "name": "minecraft:leather_chestplate",
          "functions": [
            {
              "function": "minecraft:set_enchantments",
              "enchantments": {
                "minecraft:blast_protection": {
                  "min": 1,
                  "max": 6
                },
                "minecraft:fire_protection": {
                  "min": 1,
                  "max": 6
                },
                "minecraft:projectile_protection": {
                  "min": 0,
                  "max": 3
                },
                "minecraft:protection": {
                  "min": 2,
                  "max": 7
                }
              }
            },
            {
              "function": "minecraft:set_attributes",
              "modifiers": [
                {
                  "id": "dark_forest_chestplate",
                  "attribute": "minecraft:generic.armor_toughness",
                  "name": "minecraft:generic.armor_toughness",
                  "amount": 4,
                  "operation": "add_value",
                  "slot": "chest"
                },
                {
                  "id": "dark_forest_chestplate",
                  "attribute": "minecraft:generic.armor",
                  "name": "minecraft:generic.armor",
                  "amount": 8,
                  "operation": "add_value",
                  "slot": "chest"
                }
              ]
            },
            {
              "function": "minecraft:set_components",
              "components": {
                "minecraft:repair_cost": 99999,
                "minecraft:unbreakable": {},
                "minecraft:custom_name": "{\"text\":\"Dark Forest Chestplate\",\"color\":\"gold\",\"italic\":false}",
                "minecraft:lore": [
                  "{\"text\":\" \"}",
                  "{\"text\":\"Ability:\",\"color\":\"green\",\"italic\":false}",
                  "{\"text\":\"Axes deal 25% more damage.\",\"color\":\"gray\",\"italic\":false}"
                ],
                "minecraft:dyed_color": {
                  "rgb": 3161392,
                  "show_in_tooltip": false
                },
                "minecraft:custom_data": {
                  "armor": "dark_forest_chestplate",
                  "mt": "armor"
                }
              }
            }
          ]
        },
        {
          "type": "minecraft:item",
          "name": "minecraft:leather_chestplate",
          "functions": [
            {
              "function": "minecraft:set_enchantments",
              "enchantments": {
                "minecraft:blast_protection": {
                  "min": 1,
                  "max": 6
                },
                "minecraft:fire_protection": {
                  "min": 1,
                  "max": 6
                },
                "minecraft:projectile_protection": {
                  "min": 0,
                  "max": 3
                },
                "minecraft:protection": {
                  "min": 2,
                  "max": 7
                }
              }
            },
            {
              "function": "minecraft:set_attributes",
              "modifiers": [
                {
                  "id": "dark_forest_chestplate",
                  "attribute": "minecraft:generic.armor_toughness",
                  "name": "minecraft:generic.armor_toughness",
                  "amount": 4.5,
                  "operation": "add_value",
                  "slot": "chest"
                },
                {
                  "id": "dark_forest_chestplate",
                  "attribute": "minecraft:generic.armor",
                  "name": "minecraft:generic.armor",
                  "amount": 8,
                  "operation": "add_value",
                  "slot": "chest"
                }
              ]
            },
            {
              "function": "minecraft:set_components",
              "components": {
                "minecraft:repair_cost": 99999,
                "minecraft:unbreakable": {},
                "minecraft:custom_name": "{\"text\":\"Dark Forest Chestplate\",\"color\":\"gold\",\"italic\":false}",
                "minecraft:lore": [
                  "{\"text\":\" \"}",
                  "{\"text\":\"Ability:\",\"color\":\"green\",\"italic\":false}",
                  "{\"text\":\"Axes deal 25% more damage.\",\"color\":\"gray\",\"italic\":false}"
                ],
                "minecraft:dyed_color": {
                  "rgb": 3161392,
                  "show_in_tooltip": false
                },
                "minecraft:custom_data": {
                  "armor": "dark_forest_chestplate",
                  "mt": "armor"
                }
              }
            }
          ]
        },
        {
          "type": "minecraft:item",
          "name": "minecraft:leather_chestplate",
          "functions": [
            {
              "function": "minecraft:set_enchantments",
              "enchantments": {
                "minecraft:blast_protection": {
                  "min": 1,
                  "max": 6
                },
                "minecraft:fire_protection": {
                  "min": 1,
                  "max": 6
                },
                "minecraft:projectile_protection": {
                  "min": 0,
                  "max": 3
                },
                "minecraft:protection": {
                  "min": 2,
                  "max": 7
                }
              }
            },
            {
              "function": "minecraft:set_attributes",
              "modifiers": [
                {
                  "id": "dark_forest_chestplate",
                  "attribute": "minecraft:generic.armor_toughness",
                  "name": "minecraft:generic.armor_toughness",
                  "amount": 5,
                  "operation": "add_value",
                  "slot": "chest"
                },
                {
                  "id": "dark_forest_chestplate",
                  "attribute": "minecraft:generic.armor",
                  "name": "minecraft:generic.armor",
                  "amount": 8,
                  "operation": "add_value",
                  "slot": "chest"
                }
              ]
            },
            {
              "function": "minecraft:set_components",
              "components": {
                "minecraft:repair_cost": 99999,
                "minecraft:unbreakable": {},
                "minecraft:custom_name": "{\"text\":\"Dark Forest Chestplate\",\"color\":\"gold\",\"italic\":false}",
                "minecraft:lore": [
                  "{\"text\":\" \"}",
                  "{\"text\":\"Ability:\",\"color\":\"green\",\"italic\":false}",
                  "{\"text\":\"Axes deal 25% more damage.\",\"color\":\"gray\",\"italic\":false}"
                ],
                "minecraft:dyed_color": {
                  "rgb": 3161392,
                  "show_in_tooltip": false
                },
                "minecraft:custom_data": {
                  "armor": "dark_forest_chestplate",
                  "mt": "armor"
                }
              }
            }
          ]
        },
        {
          "type": "minecraft:item",
          "name": "minecraft:leather_chestplate",
          "functions": [
            {
              "function": "minecraft:set_enchantments",
              "enchantments": {
                "minecraft:blast_protection": {
                  "min": 1,
                  "max": 6
                },
                "minecraft:fire_protection": {
                  "min": 1,
                  "max": 6
                },
                "minecraft:projectile_protection": {
                  "min": 0,
                  "max": 3
                },
                "minecraft:protection": {
                  "min": 2,
                  "max": 7
                }
              }
            },
            {
              "function": "minecraft:set_attributes",
              "modifiers": [
                {
                  "id": "dark_forest_chestplate",
                  "attribute": "minecraft:generic.armor_toughness",
                  "name": "minecraft:generic.armor_toughness",
                  "amount": 3.5,
                  "operation": "add_value",
                  "slot": "chest"
                },
                {
                  "id": "dark_forest_chestplate",
                  "attribute": "minecraft:generic.armor",
                  "name": "minecraft:generic.armor",
                  "amount": 8.5,
                  "operation": "add_value",
                  "slot": "chest"
                }
              ]
            },
            {
              "function": "minecraft:set_components",
              "components": {
                "minecraft:repair_cost": 99999,
                "minecraft:unbreakable": {},
                "minecraft:custom_name": "{\"text\":\"Dark Forest Chestplate\",\"color\":\"gold\",\"italic\":false}",
                "minecraft:lore": [
                  "{\"text\":\" \"}",
                  "{\"text\":\"Ability:\",\"color\":\"green\",\"italic\":false}",
                  "{\"text\":\"Axes deal 25% more damage.\",\"color\":\"gray\",\"italic\":false}"
                ],
                "minecraft:dyed_color": {
                  "rgb": 3161392,
                  "show_in_tooltip": false
                },
                "minecraft:custom_data": {
                  "armor": "dark_forest_chestplate",
                  "mt": "armor"
                }
              }
            }
          ]
        },
        {
          "type": "minecraft:item",
          "name": "minecraft:leather_chestplate",
          "functions": [
            {
              "function": "minecraft:set_enchantments",
              "enchantments": {
                "minecraft:blast_protection": {
                  "min": 1,
                  "max": 6
                },
                "minecraft:fire_protection": {
                  "min": 1,
                  "max": 6
                },
                "minecraft:projectile_protection": {
                  "min": 0,
                  "max": 3
                },
                "minecraft:protection": {
                  "min": 2,
                  "max": 7
                }
              }
            },
            {
              "function": "minecraft:set_attributes",
              "modifiers": [
                {
                  "id": "dark_forest_chestplate",
                  "attribute": "minecraft:generic.armor_toughness",
                  "name": "minecraft:generic.armor_toughness",
                  "amount": 3.5,
                  "operation": "add_value",
                  "slot": "chest"
                },
                {
                  "id": "dark_forest_chestplate",
                  "attribute": "minecraft:generic.armor",
                  "name": "minecraft:generic.armor",
                  "amount": 9,
                  "operation": "add_value",
                  "slot": "chest"
                }
              ]
            },
            {
              "function": "minecraft:set_components",
              "components": {
                "minecraft:repair_cost": 99999,
                "minecraft:unbreakable": {},
                "minecraft:custom_name": "{\"text\":\"Dark Forest Chestplate\",\"color\":\"gold\",\"italic\":false}",
                "minecraft:lore": [
                  "{\"text\":\" \"}",
                  "{\"text\":\"Ability:\",\"color\":\"green\",\"italic\":false}",
                  "{\"text\":\"Axes deal 25% more damage.\",\"color\":\"gray\",\"italic\":false}"
                ],
                "minecraft:dyed_color": {
                  "rgb": 3161392,
                  "show_in_tooltip": false
                },
                "minecraft:custom_data": {
                  "armor": "dark_forest_chestplate",
                  "mt": "armor"
                }
              }
            }
          ]
        },
        {
          "type": "minecraft:item",
          "name": "minecraft:leather_chestplate",
          "functions": [
            {
              "function": "minecraft:set_enchantments",
              "enchantments": {
                "minecraft:blast_protection": {
                  "min": 1,
                  "max": 6
                },
                "minecraft:fire_protection": {
                  "min": 1,
                  "max": 6
                },
                "minecraft:projectile_protection": {
                  "min": 0,
                  "max": 3
                },
                "minecraft:protection": {
                  "min": 2,
                  "max": 7
                }
              }
            },
            {
              "function": "minecraft:set_attributes",
              "modifiers": [
                {
                  "id": "dark_forest_chestplate",
                  "attribute": "minecraft:generic.armor_toughness",
                  "name": "minecraft:generic.armor_toughness",
                  "amount": 3.5,
                  "operation": "add_value",
                  "slot": "chest"
                },
                {
                  "id": "dark_forest_chestplate",
                  "attribute": "minecraft:generic.armor",
                  "name": "minecraft:generic.armor",
                  "amount": 9.5,
                  "operation": "add_value",
                  "slot": "chest"
                }
              ]
            },
            {
              "function": "minecraft:set_components",
              "components": {
                "minecraft:repair_cost": 99999,
                "minecraft:unbreakable": {},
                "minecraft:custom_name": "{\"text\":\"Dark Forest Chestplate\",\"color\":\"gold\",\"italic\":false}",
                "minecraft:lore": [
                  "{\"text\":\" \"}",
                  "{\"text\":\"Ability:\",\"color\":\"green\",\"italic\":false}",
                  "{\"text\":\"Axes deal 25% more damage.\",\"color\":\"gray\",\"italic\":false}"
                ],
                "minecraft:dyed_color": {
                  "rgb": 3161392,
                  "show_in_tooltip": false
                },
                "minecraft:custom_data": {
                  "armor": "dark_forest_chestplate",
                  "mt": "armor"
                }
              }
            }
          ]
        },
        {
          "type": "minecraft:item",
          "name": "minecraft:leather_chestplate",
          "functions": [
            {
              "function": "minecraft:set_enchantments",
              "enchantments": {
                "minecraft:blast_protection": {
                  "min": 1,
                  "max": 6
                },
                "minecraft:fire_protection": {
                  "min": 1,
                  "max": 6
                },
                "minecraft:projectile_protection": {
                  "min": 0,
                  "max": 3
                },
                "minecraft:protection": {
                  "min": 2,
                  "max": 7
                }
              }
            },
            {
              "function": "minecraft:set_attributes",
              "modifiers": [
                {
                  "id": "dark_forest_chestplate",
                  "attribute": "minecraft:generic.armor_toughness",
                  "name": "minecraft:generic.armor_toughness",
                  "amount": 3.5,
                  "operation": "add_value",
                  "slot": "chest"
                },
                {
                  "id": "dark_forest_chestplate",
                  "attribute": "minecraft:generic.armor",
                  "name": "minecraft:generic.armor",
                  "amount": 10,
                  "operation": "add_value",
                  "slot": "chest"
                }
              ]
            },
            {
              "function": "minecraft:set_components",
              "components": {
                "minecraft:repair_cost": 99999,
                "minecraft:unbreakable": {},
                "minecraft:custom_name": "{\"text\":\"Dark Forest Chestplate\",\"color\":\"gold\",\"italic\":false}",
                "minecraft:lore": [
                  "{\"text\":\" \"}",
                  "{\"text\":\"Ability:\",\"color\":\"green\",\"italic\":false}",
                  "{\"text\":\"Axes deal 25% more damage.\",\"color\":\"gray\",\"italic\":false}"
                ],
                "minecraft:dyed_color": {
                  "rgb": 3161392,
                  "show_in_tooltip": false
                },
                "minecraft:custom_data": {
                  "armor": "dark_forest_chestplate",
                  "mt": "armor"
                }
              }
            }
          ]
        },
        {
          "type": "minecraft:item",
          "name": "minecraft:leather_chestplate",
          "functions": [
            {
              "function": "minecraft:set_enchantments",
              "enchantments": {
                "minecraft:blast_protection": {
                  "min": 1,
                  "max": 6
                },
                "minecraft:fire_protection": {
                  "min": 1,
                  "max": 6
                },
                "minecraft:projectile_protection": {
                  "min": 0,
                  "max": 3
                },
                "minecraft:protection": {
                  "min": 2,
                  "max": 7
                }
              }
            },
            {
              "function": "minecraft:set_attributes",
              "modifiers": [
                {
                  "id": "dark_forest_chestplate",
                  "attribute": "minecraft:generic.armor_toughness",
                  "name": "minecraft:generic.armor_toughness",
                  "amount": 4,
                  "operation": "add_value",
                  "slot": "chest"
                },
                {
                  "id": "dark_forest_chestplate",
                  "attribute": "minecraft:generic.armor",
                  "name": "minecraft:generic.armor",
                  "amount": 8.5,
                  "operation": "add_value",
                  "slot": "chest"
                }
              ]
            },
            {
              "function": "minecraft:set_components",
              "components": {
                "minecraft:repair_cost": 99999,
                "minecraft:unbreakable": {},
                "minecraft:custom_name": "{\"text\":\"Dark Forest Chestplate\",\"color\":\"gold\",\"italic\":false}",
                "minecraft:lore": [
                  "{\"text\":\" \"}",
                  "{\"text\":\"Ability:\",\"color\":\"green\",\"italic\":false}",
                  "{\"text\":\"Axes deal 25% more damage.\",\"color\":\"gray\",\"italic\":false}"
                ],
                "minecraft:dyed_color": {
                  "rgb": 3161392,
                  "show_in_tooltip": false
                },
                "minecraft:custom_data": {
                  "armor": "dark_forest_chestplate",
                  "mt": "armor"
                }
              }
            }
          ]
        },
        {
          "type": "minecraft:item",
          "name": "minecraft:leather_chestplate",
          "functions": [
            {
              "function": "minecraft:set_enchantments",
              "enchantments": {
                "minecraft:blast_protection": {
                  "min": 1,
                  "max": 6
                },
                "minecraft:fire_protection": {
                  "min": 1,
                  "max": 6
                },
                "minecraft:projectile_protection": {
                  "min": 0,
                  "max": 3
                },
                "minecraft:protection": {
                  "min": 2,
                  "max": 7
                }
              }
            },
            {
              "function": "minecraft:set_attributes",
              "modifiers": [
                {
                  "id": "dark_forest_chestplate",
                  "attribute": "minecraft:generic.armor_toughness",
                  "name": "minecraft:generic.armor_toughness",
                  "amount": 4.5,
                  "operation": "add_value",
                  "slot": "chest"
                },
                {
                  "id": "dark_forest_chestplate",
                  "attribute": "minecraft:generic.armor",
                  "name": "minecraft:generic.armor",
                  "amount": 8.5,
                  "operation": "add_value",
                  "slot": "chest"
                }
              ]
            },
            {
              "function": "minecraft:set_components",
              "components": {
                "minecraft:repair_cost": 99999,
                "minecraft:unbreakable": {},
                "minecraft:custom_name": "{\"text\":\"Dark Forest Chestplate\",\"color\":\"gold\",\"italic\":false}",
                "minecraft:lore": [
                  "{\"text\":\" \"}",
                  "{\"text\":\"Ability:\",\"color\":\"green\",\"italic\":false}",
                  "{\"text\":\"Axes deal 25% more damage.\",\"color\":\"gray\",\"italic\":false}"
                ],
                "minecraft:dyed_color": {
                  "rgb": 3161392,
                  "show_in_tooltip": false
                },
                "minecraft:custom_data": {
                  "armor": "dark_forest_chestplate",
                  "mt": "armor"
                }
              }
            }
          ]
        },
        {
          "type": "minecraft:item",
          "name": "minecraft:leather_chestplate",
          "functions": [
            {
              "function": "minecraft:set_enchantments",
              "enchantments": {
                "minecraft:blast_protection": {
                  "min": 1,
                  "max": 6
                },
                "minecraft:fire_protection": {
                  "min": 1,
                  "max": 6
                },
                "minecraft:projectile_protection": {
                  "min": 0,
                  "max": 3
                },
                "minecraft:protection": {
                  "min": 2,
                  "max": 7
                }
              }
            },
            {
              "function": "minecraft:set_attributes",
              "modifiers": [
                {
                  "id": "dark_forest_chestplate",
                  "attribute": "minecraft:generic.armor_toughness",
                  "name": "minecraft:generic.armor_toughness",
                  "amount": 5,
                  "operation": "add_value",
                  "slot": "chest"
                },
                {
                  "id": "dark_forest_chestplate",
                  "attribute": "minecraft:generic.armor",
                  "name": "minecraft:generic.armor",
                  "amount": 8.5,
                  "operation": "add_value",
                  "slot": "chest"
                }
              ]
            },
            {
              "function": "minecraft:set_components",
              "components": {
                "minecraft:repair_cost": 99999,
                "minecraft:unbreakable": {},
                "minecraft:custom_name": "{\"text\":\"Dark Forest Chestplate\",\"color\":\"gold\",\"italic\":false}",
                "minecraft:lore": [
                  "{\"text\":\" \"}",
                  "{\"text\":\"Ability:\",\"color\":\"green\",\"italic\":false}",
                  "{\"text\":\"Axes deal 25% more damage.\",\"color\":\"gray\",\"italic\":false}"
                ],
                "minecraft:dyed_color": {
                  "rgb": 3161392,
                  "show_in_tooltip": false
                },
                "minecraft:custom_data": {
                  "armor": "dark_forest_chestplate",
                  "mt": "armor"
                }
              }
            }
          ]
        },
        {
          "type": "minecraft:item",
          "name": "minecraft:leather_chestplate",
          "functions": [
            {
              "function": "minecraft:set_enchantments",
              "enchantments": {
                "minecraft:blast_protection": {
                  "min": 1,
                  "max": 6
                },
                "minecraft:fire_protection": {
                  "min": 1,
                  "max": 6
                },
                "minecraft:projectile_protection": {
                  "min": 0,
                  "max": 3
                },
                "minecraft:protection": {
                  "min": 2,
                  "max": 7
                }
              }
            },
            {
              "function": "minecraft:set_attributes",
              "modifiers": [
                {
                  "id": "dark_forest_chestplate",
                  "attribute": "minecraft:generic.armor_toughness",
                  "name": "minecraft:generic.armor_toughness",
                  "amount": 4,
                  "operation": "add_value",
                  "slot": "chest"
                },
                {
                  "id": "dark_forest_chestplate",
                  "attribute": "minecraft:generic.armor",
                  "name": "minecraft:generic.armor",
                  "amount": 9,
                  "operation": "add_value",
                  "slot": "chest"
                }
              ]
            },
            {
              "function": "minecraft:set_components",
              "components": {
                "minecraft:repair_cost": 99999,
                "minecraft:unbreakable": {},
                "minecraft:custom_name": "{\"text\":\"Dark Forest Chestplate\",\"color\":\"gold\",\"italic\":false}",
                "minecraft:lore": [
                  "{\"text\":\" \"}",
                  "{\"text\":\"Ability:\",\"color\":\"green\",\"italic\":false}",
                  "{\"text\":\"Axes deal 25% more damage.\",\"color\":\"gray\",\"italic\":false}"
                ],
                "minecraft:dyed_color": {
                  "rgb": 3161392,
                  "show_in_tooltip": false
                },
                "minecraft:custom_data": {
                  "armor": "dark_forest_chestplate",
                  "mt": "armor"
                }
              }
            }
          ]
        },
        {
          "type": "minecraft:item",
          "name": "minecraft:leather_chestplate",
          "functions": [
            {
              "function": "minecraft:set_enchantments",
              "enchantments": {
                "minecraft:blast_protection": {
                  "min": 1,
                  "max": 6
                },
                "minecraft:fire_protection": {
                  "min": 1,
                  "max": 6
                },
                "minecraft:projectile_protection": {
                  "min": 0,
                  "max": 3
                },
                "minecraft:protection": {
                  "min": 2,
                  "max": 7
                }
              }
            },
            {
              "function": "minecraft:set_attributes",
              "modifiers": [
                {
                  "id": "dark_forest_chestplate",
                  "attribute": "minecraft:generic.armor_toughness",
                  "name": "minecraft:generic.armor_toughness",
                  "amount": 4.5,
                  "operation": "add_value",
                  "slot": "chest"
                },
                {
                  "id": "dark_forest_chestplate",
                  "attribute": "minecraft:generic.armor",
                  "name": "minecraft:generic.armor",
                  "amount": 9,
                  "operation": "add_value",
                  "slot": "chest"
                }
              ]
            },
            {
              "function": "minecraft:set_components",
              "components": {
                "minecraft:repair_cost": 99999,
                "minecraft:unbreakable": {},
                "minecraft:custom_name": "{\"text\":\"Dark Forest Chestplate\",\"color\":\"gold\",\"italic\":false}",
                "minecraft:lore": [
                  "{\"text\":\" \"}",
                  "{\"text\":\"Ability:\",\"color\":\"green\",\"italic\":false}",
                  "{\"text\":\"Axes deal 25% more damage.\",\"color\":\"gray\",\"italic\":false}"
                ],
                "minecraft:dyed_color": {
                  "rgb": 3161392,
                  "show_in_tooltip": false
                },
                "minecraft:custom_data": {
                  "armor": "dark_forest_chestplate",
                  "mt": "armor"
                }
              }
            }
          ]
        },
        {
          "type": "minecraft:item",
          "name": "minecraft:leather_chestplate",
          "functions": [
            {
              "function": "minecraft:set_enchantments",
              "enchantments": {
                "minecraft:blast_protection": {
                  "min": 1,
                  "max": 6
                },
                "minecraft:fire_protection": {
                  "min": 1,
                  "max": 6
                },
                "minecraft:projectile_protection": {
                  "min": 0,
                  "max": 3
                },
                "minecraft:protection": {
                  "min": 2,
                  "max": 7
                }
              }
            },
            {
              "function": "minecraft:set_attributes",
              "modifiers": [
                {
                  "id": "dark_forest_chestplate",
                  "attribute": "minecraft:generic.armor_toughness",
                  "name": "minecraft:generic.armor_toughness",
                  "amount": 4,
                  "operation": "add_value",
                  "slot": "chest"
                },
                {
                  "id": "dark_forest_chestplate",
                  "attribute": "minecraft:generic.armor",
                  "name": "minecraft:generic.armor",
                  "amount": 10,
                  "operation": "add_value",
                  "slot": "chest"
                }
              ]
            },
            {
              "function": "minecraft:set_components",
              "components": {
                "minecraft:repair_cost": 99999,
                "minecraft:unbreakable": {},
                "minecraft:custom_name": "{\"text\":\"Dark Forest Chestplate\",\"color\":\"gold\",\"italic\":false}",
                "minecraft:lore": [
                  "{\"text\":\" \"}",
                  "{\"text\":\"Ability:\",\"color\":\"green\",\"italic\":false}",
                  "{\"text\":\"Axes deal 25% more damage.\",\"color\":\"gray\",\"italic\":false}"
                ],
                "minecraft:dyed_color": {
                  "rgb": 3161392,
                  "show_in_tooltip": false
                },
                "minecraft:custom_data": {
                  "armor": "dark_forest_chestplate",
                  "mt": "armor"
                }
              }
            }
          ]
        },
        {
          "type": "minecraft:item",
          "name": "minecraft:leather_chestplate",
          "functions": [
            {
              "function": "minecraft:set_enchantments",
              "enchantments": {
                "minecraft:blast_protection": {
                  "min": 1,
                  "max": 6
                },
                "minecraft:fire_protection": {
                  "min": 1,
                  "max": 6
                },
                "minecraft:projectile_protection": {
                  "min": 0,
                  "max": 3
                },
                "minecraft:protection": {
                  "min": 2,
                  "max": 7
                }
              }
            },
            {
              "function": "minecraft:set_attributes",
              "modifiers": [
                {
                  "id": "dark_forest_chestplate",
                  "attribute": "minecraft:generic.armor_toughness",
                  "name": "minecraft:generic.armor_toughness",
                  "amount": 4,
                  "operation": "add_value",
                  "slot": "chest"
                },
                {
                  "id": "dark_forest_chestplate",
                  "attribute": "minecraft:generic.armor",
                  "name": "minecraft:generic.armor",
                  "amount": 9.5,
                  "operation": "add_value",
                  "slot": "chest"
                }
              ]
            },
            {
              "function": "minecraft:set_components",
              "components": {
                "minecraft:repair_cost": 99999,
                "minecraft:unbreakable": {},
                "minecraft:custom_name": "{\"text\":\"Dark Forest Chestplate\",\"color\":\"gold\",\"italic\":false}",
                "minecraft:lore": [
                  "{\"text\":\" \"}",
                  "{\"text\":\"Ability:\",\"color\":\"green\",\"italic\":false}",
                  "{\"text\":\"Axes deal 25% more damage.\",\"color\":\"gray\",\"italic\":false}"
                ],
                "minecraft:dyed_color": {
                  "rgb": 3161392,
                  "show_in_tooltip": false
                },
                "minecraft:custom_data": {
                  "armor": "dark_forest_chestplate",
                  "mt": "armor"
                }
              }
            }
          ]
        },
        {
          "type": "minecraft:item",
          "name": "minecraft:leather_chestplate",
          "functions": [
            {
              "function": "minecraft:set_enchantments",
              "enchantments": {
                "minecraft:blast_protection": {
                  "min": 1,
                  "max": 6
                },
                "minecraft:fire_protection": {
                  "min": 1,
                  "max": 6
                },
                "minecraft:projectile_protection": {
                  "min": 0,
                  "max": 3
                },
                "minecraft:protection": {
                  "min": 2,
                  "max": 7
                }
              }
            },
            {
              "function": "minecraft:set_attributes",
              "modifiers": [
                {
                  "id": "dark_forest_chestplate",
                  "attribute": "minecraft:generic.armor_toughness",
                  "name": "minecraft:generic.armor_toughness",
                  "amount": 4.5,
                  "operation": "add_value",
                  "slot": "chest"
                },
                {
                  "id": "dark_forest_chestplate",
                  "attribute": "minecraft:generic.armor",
                  "name": "minecraft:generic.armor",
                  "amount": 9.5,
                  "operation": "add_value",
                  "slot": "chest"
                }
              ]
            },
            {
              "function": "minecraft:set_components",
              "components": {
                "minecraft:repair_cost": 99999,
                "minecraft:unbreakable": {},
                "minecraft:custom_name": "{\"text\":\"Dark Forest Chestplate\",\"color\":\"gold\",\"italic\":false}",
                "minecraft:lore": [
                  "{\"text\":\" \"}",
                  "{\"text\":\"Ability:\",\"color\":\"green\",\"italic\":false}",
                  "{\"text\":\"Axes deal 25% more damage.\",\"color\":\"gray\",\"italic\":false}"
                ],
                "minecraft:dyed_color": {
                  "rgb": 3161392,
                  "show_in_tooltip": false
                },
                "minecraft:custom_data": {
                  "armor": "dark_forest_chestplate",
                  "mt": "armor"
                }
              }
            }
          ]
        },
        {
          "type": "minecraft:item",
          "name": "minecraft:leather_chestplate",
          "functions": [
            {
              "function": "minecraft:set_enchantments",
              "enchantments": {
                "minecraft:blast_protection": {
                  "min": 1,
                  "max": 6
                },
                "minecraft:fire_protection": {
                  "min": 1,
                  "max": 6
                },
                "minecraft:projectile_protection": {
                  "min": 0,
                  "max": 3
                },
                "minecraft:protection": {
                  "min": 2,
                  "max": 7
                }
              }
            },
            {
              "function": "minecraft:set_attributes",
              "modifiers": [
                {
                  "id": "dark_forest_chestplate",
                  "attribute": "minecraft:generic.armor_toughness",
                  "name": "minecraft:generic.armor_toughness",
                  "amount": 5,
                  "operation": "add_value",
                  "slot": "chest"
                },
                {
                  "id": "dark_forest_chestplate",
                  "attribute": "minecraft:generic.armor",
                  "name": "minecraft:generic.armor",
                  "amount": 9.5,
                  "operation": "add_value",
                  "slot": "chest"
                }
              ]
            },
            {
              "function": "minecraft:set_components",
              "components": {
                "minecraft:repair_cost": 99999,
                "minecraft:unbreakable": {},
                "minecraft:custom_name": "{\"text\":\"Dark Forest Chestplate\",\"color\":\"gold\",\"italic\":false}",
                "minecraft:lore": [
                  "{\"text\":\" \"}",
                  "{\"text\":\"Ability:\",\"color\":\"green\",\"italic\":false}",
                  "{\"text\":\"Axes deal 25% more damage.\",\"color\":\"gray\",\"italic\":false}"
                ],
                "minecraft:dyed_color": {
                  "rgb": 3161392,
                  "show_in_tooltip": false
                },
                "minecraft:custom_data": {
                  "armor": "dark_forest_chestplate",
                  "mt": "armor"
                }
              }
            }
          ]
        }
      ]
    }
  ]
}
