{
  "pools": [
    {
      "rolls": {
        "min": {
          "type": "minecraft:score",
          "target": "this",
          "score": "mt.progression",
          "scale": 0.00002
        },
        "max": {
          "type": "minecraft:score",
          "target": "this",
          "score": "mt.progression",
          "scale": 0.000025
        }
      },
      "bonus_rolls": {
        "min": 1,
        "max": 6
      },
      "entries": [
        {
          "type": "minecraft:loot_table",
          "value": "mt:charms/epic",
          "conditions": [
            {
              "condition": "minecraft:value_check",
              "value": {
                "type": "minecraft:score",
                "target": {
                  "type": "minecraft:fixed",
                  "name": "#disable_epic_charm"
                },
                "score": "mt.constant"
              },
              "range": 0
            },
            {
              "condition": "minecraft:random_chance",
              "chance": 0.035
            }
          ]
        },
        {
          "type": "minecraft:item",
          "weight": 3,
          "name": "minecraft:potion",
          "functions": [
            {
              "function": "minecraft:set_count",
              "count": 1
            },
            {
              "function": "minecraft:set_components",
              "components": {
                "minecraft:custom_data": {
                  "item": "raid"
                },
                "max_stack_size": 5,
                "minecraft:custom_name": "{\"text\":\"Level IV Raid Potion\",\"color\":\"aqua\",\"italic\":false}",
                "minecraft:potion_contents": {
                  "custom_color": 3135785,
                  "custom_effects": [
                    {
                      "id": "minecraft:bad_omen",
                      "amplifier": 3,
                      "duration": 2400,
                      "show_particles": true
                    }
                  ]
                }
              }
            }
          ],
          "conditions": [
            {
              "condition": "minecraft:random_chance",
              "chance": 0.4
            }
          ]
        },
        {
          "type": "minecraft:item",
          "weight": 3,
          "name": "minecraft:potion",
          "functions": [
            {
              "function": "minecraft:set_count",
              "count": 1
            },
            {
              "function": "minecraft:set_components",
              "components": {
                "minecraft:custom_data": {
                  "item": "raid"
                },
                "max_stack_size": 5,
                "minecraft:custom_name": "{\"text\":\"Level III Raid Potion\",\"color\":\"aqua\",\"italic\":false}",
                "minecraft:potion_contents": {
                  "custom_color": 3135785,
                  "custom_effects": [
                    {
                      "id": "minecraft:bad_omen",
                      "amplifier": 2,
                      "duration": 2400,
                      "show_particles": true
                    }
                  ]
                }
              }
            }
          ],
          "conditions": [
            {
              "condition": "minecraft:random_chance",
              "chance": 0.75
            }
          ]
        },
        {
          "type": "minecraft:item",
          "weight": 2,
          "name": "minecraft:gold_block",
          "functions": [
            {
              "function": "minecraft:set_count",
              "count": {
                "min": 2,
                "max": 4
              }
            }
          ]
        },
        {
          "type": "minecraft:item",
          "name": "minecraft:stick",
          "weight": 1,
          "functions": [
            {
              "function": "minecraft:set_components",
              "components": {
                "minecraft:custom_data": {
                  "spawn": "mt.blacksmith"
                },
                "minecraft:enchantment_glint_override": true,
                "minecraft:food": {
                  "nutrition": 0,
                  "saturation": 0,
                  "can_always_eat": true,
                  "eat_seconds": 999999
                },
                "minecraft:fire_resistant": {},
                "minecraft:rarity": "rare",
                "minecraft:tool": {
                  "rules": [
                    {
                      "blocks": "#minecraft:base_stone_overworld",
                      "speed": 1,
                      "correct_for_drops": false
                    }
                  ]
                },
                "minecraft:max_stack_size": 16
              }
            },
            {
              "function": "minecraft:toggle_tooltips",
              "toggles": {
                "minecraft:attribute_modifiers": false
              }
            },
            {
              "function": "minecraft:set_name",
              "name": [
                {
                  "text": "Blacksmith Spawn",
                  "color": "aqua",
                  "italic": false
                }
              ]
            },
            {
              "function": "minecraft:set_lore",
              "lore": [
                {
                  "text": "  "
                },
                {
                  "text": "Spawns a Blacksmith right in ",
                  "color": "gray",
                  "italic": false
                },
                {
                  "text": "front of you. Use with caution. ",
                  "color": "gray",
                  "italic": false
                }
              ],
              "mode": "replace_all"
            }
          ],
          "conditions": [
            {
              "condition": "minecraft:value_check",
              "value": {
                "type": "minecraft:score",
                "target": {
                  "type": "minecraft:fixed",
                  "name": "#disable_build"
                },
                "score": "mt.constant"
              },
              "range": 0
            }
          ]
        },
        {
          "type": "minecraft:item",
          "name": "minecraft:stick",
          "weight": 1,
          "functions": [
            {
              "function": "minecraft:set_components",
              "components": {
                "minecraft:custom_data": {
                  "spawn": "mt.pillager_outpost"
                },
                "minecraft:enchantment_glint_override": true,
                "minecraft:food": {
                  "nutrition": 0,
                  "saturation": 0,
                  "can_always_eat": true,
                  "eat_seconds": 999999
                },
                "minecraft:fire_resistant": {},
                "minecraft:rarity": "rare",
                "minecraft:tool": {
                  "rules": [
                    {
                      "blocks": "#minecraft:base_stone_overworld",
                      "speed": 1,
                      "correct_for_drops": false
                    }
                  ]
                },
                "minecraft:max_stack_size": 16
              }
            },
            {
              "function": "minecraft:toggle_tooltips",
              "toggles": {
                "minecraft:attribute_modifiers": false
              }
            },
            {
              "function": "minecraft:set_name",
              "name": [
                {
                  "text": "Pillager Outpost Wand",
                  "color": "light_purple",
                  "italic": false
                }
              ]
            },
            {
              "function": "minecraft:set_lore",
              "lore": [
                {
                  "text": "  "
                },
                {
                  "text": "Spawn a Pillager Outpost right in ",
                  "color": "gray",
                  "italic": false
                },
                {
                  "text": "front of you. Use with caution. ",
                  "color": "gray",
                  "italic": false
                }
              ],
              "mode": "replace_all"
            }
          ],
          "conditions": [
            {
              "condition": "minecraft:value_check",
              "value": {
                "type": "minecraft:score",
                "target": {
                  "type": "minecraft:fixed",
                  "name": "#disable_build"
                },
                "score": "mt.constant"
              },
              "range": 0
            }
          ]
        },
        {
          "type": "minecraft:item",
          "weight": 2,
          "name": "minecraft:ender_pearl",
          "functions": [
            {
              "function": "minecraft:set_count",
              "count": {
                "min": 2,
                "max": 4
              }
            }
          ],
          "conditions": [
            {
              "condition": "minecraft:entity_scores",
              "entity": "this",
              "scores": {
                "mt.progression": {
                  "max": 399999
                }
              }
            }
          ]
        },
        {
          "type": "minecraft:item",
          "weight": 2,
          "name": "minecraft:iron_block",
          "functions": [
            {
              "function": "minecraft:set_count",
              "count": {
                "min": 2,
                "max": 4
              }
            }
          ]
        },
        {
          "type": "minecraft:item",
          "weight": 3,
          "name": "minecraft:golden_carrot",
          "functions": [
            {
              "function": "minecraft:set_count",
              "count": {
                "min": 4,
                "max": 8
              }
            }
          ]
        },
        {
          "type": "minecraft:item",
          "weight": 2,
          "name": "minecraft:emerald_block",
          "functions": [
            {
              "function": "minecraft:set_count",
              "count": {
                "min": 2,
                "max": 4
              }
            }
          ]
        },
        {
          "type": "minecraft:item",
          "weight": 3,
          "name": "minecraft:pillager_spawn_egg",
          "functions": [
            {
              "function": "minecraft:set_count",
              "count": {
                "min": 1,
                "max": 1
              }
            },
            {
              "function": "minecraft:set_components",
              "components": {
                "minecraft:custom_name": "{\"text\":\"Pillager Spawn Egg\",\"color\":\"gold\",\"italic\":false}",
                "minecraft:lore": [
                  "{\"text\":\"Hint: use this on a spawner.\",\"color\":\"gray\",\"italic\":false}"
                ]
              }
            }
          ],
          "conditions": [
            {
              "condition": "minecraft:entity_scores",
              "entity": "this",
              "scores": {
                "mt.progression": {
                  "min": 500000
                }
              }
            },
            {
              "condition": "minecraft:random_chance",
              "chance": 0.1
            }
          ]
        },
        {
          "type": "minecraft:item",
          "weight": 1,
          "name": "minecraft:totem_of_undying",
          "functions": [
            {
              "function": "minecraft:set_count",
              "count": 1
            }
          ]
        },
        {
          "type": "minecraft:item",
          "weight": 1,
          "name": "minecraft:totem_of_undying",
          "functions": [
            {
              "function": "minecraft:set_lore",
              "lore": [
                {
                  "text": "When activated teleports the user a short ",
                  "color": "gray",
                  "italic": false
                },
                {
                  "text": "distance away, replacing them with Jo-. ",
                  "color": "gray",
                  "italic": false
                }
              ],
              "mode": "replace_all"
            },
            {
              "function": "set_name",
              "name": [
                {
                  "text": "Totem of Shade",
                  "color": "gold",
                  "italic": false
                }
              ]
            },
            {
              "function": "minecraft:set_components",
              "components": {
                "minecraft:enchantment_glint_override": true,
                "minecraft:custom_data": {
                  "weapon": "totemshade",
                  "mt": "weapon"
                }
              }
            },
            {
              "function": "minecraft:set_attributes",
              "modifiers": [
                {
                  "id": "shade",
                  "attribute": "minecraft:generic.attack_speed",
                  "name": "minecraft:generic.attack_speed",
                  "amount": 0.05,
                  "operation": "add_multiplied_total",
                  "slot": "offhand"
                }
              ]
            }
          ],
          "conditions": [
            {
              "condition": "minecraft:entity_scores",
              "entity": "this",
              "scores": {
                "mt.progression": {
                  "min": 500000
                }
              }
            },
            {
              "condition": "minecraft:random_chance",
              "chance": 0.4
            }
          ]
        }
      ]
    }
  ]
}
