{
  "criteria": {
    "requirement": {
      "trigger": "minecraft:player_hurt_entity",
      "conditions": {
        "player": [
          {
            "condition": "minecraft:any_of",
            "terms": [
              {
                "condition": "minecraft:entity_scores",
                "entity": "this",
                "scores": {
                  "mt.assassin_blade": {
                    "min": 500
                  }
                }
              },
              {
                "condition": "minecraft:entity_scores",
                "entity": "this",
                "scores": {
                  "mt.assassin_blade": {
                    "max": 60
                  }
                }
              }
            ]
          },
          {
            "condition": "minecraft:entity_properties",
            "entity": "this",
            "predicate": {
              "flags": {},
              "equipment": {
                "mainhand": {
                  "predicates": {
                    "minecraft:custom_data": "{weapon:\"assassin_blade\"}"
                  }
                }
              }
            }
          }
        ],
        "damage": {
          "type": {
            "tags": [
              {
                "id": "mt:player_attack",
                "expected": true
              }
            ]
          }
        }
      }
    }
  },
  "rewards": {
    "function": "mt:technical/hit_items/assassin_blade"
  }
}
