{
  "criteria": {
    "offhand": {
      "trigger": "minecraft:player_hurt_entity",
      "conditions": {
        "player": [
          {
            "condition": "minecraft:entity_scores",
            "entity": "this",
            "scores": {
              "mt.drylands_piercer": {
                "min": 10
              }
            }
          },
          {
            "condition": "minecraft:entity_properties",
            "entity": "this",
            "predicate": {
              "equipment": {
                "offhand": {
                  "items": [
                    "minecraft:crossbow"
                  ],
                  "predicates": {
  "minecraft:custom_data": "{weapon:\"drylands_piercer\"}"
      }                }
              }
            }
          }
        ],
        "damage": {
          "type": {
            "tags": [
              {
                "id": "mt:arrow",
                "expected": true
              }
            ]
          }
        }
      }
    }
  },
  "rewards": {
    "function": "mt:technical/hit_items/drylands_piercer_off"
  }
}
