{
  "criteria": {
    "requirement": {
      "trigger": "minecraft:player_hurt_entity",
      "conditions": {
        "player": [
          {
            "condition": "minecraft:entity_scores",
            "entity": "this",
            "scores": {
              "mt.warden_killer": {
                "min": 10
              }
            }
          },
          {
            "condition": "minecraft:entity_properties",
            "entity": "this",
            "predicate": {
              "flags": {},
              "equipment": {
                "mainhand": {
                  "predicates": {
  "minecraft:custom_data": "{weapon:\"mt.warden_killer\"}"
      }                }
              }
            }
          }
        ],
        "damage": {
          "type": {
            "tags": [
              {
                "id": "mt:player_attack",
                "expected": true
              }
            ]
          }
        },
        "entity": {
          "type": "minecraft:warden"
        }
      }
    }
  },
  "rewards": {
    "function": "mt:technical/hit_items/warden_killer"
  }
}
