[
    {
      "function": "minecraft:set_nbt",
      "tag": "{AttributeModifiers:[{AttributeName:'generic.attack_damage',Name:'generic.attack_damage',Amount:5,Operation:0,UUID:[I;-1887735893,1021527709,-1278684242,-1120282344],Slot:'mainhand'},{AttributeName:'generic.attack_speed',Name:'generic.attack_speed',Amount:-1.9,Operation:0,UUID:[I;1220912807,-555071181,-1514663903,-1569195324],Slot:'mainhand'}]}",
      "conditions": [
        {
          "condition": "minecraft:all_of",
          "terms": [
            {
              "condition": "minecraft:entity_properties",
              "entity": "this",
              "predicate": {
                "equipment": {
                  "mainhand": {
                    "items": [
                      "minecraft:iron_sword"
                    ]
                  }
                }
              }
            }
          ]
        }
      ]
    },
    {
      "function": "minecraft:set_nbt",
      "tag": "{AttributeModifiers:[{AttributeName:'generic.attack_damage',Name:'generic.attack_damage',Amount:4,Operation:0,UUID:[I;-1887735893,1021527709,-1278684242,-1120282344],Slot:'mainhand'},{AttributeName:'generic.attack_speed',Name:'generic.attack_speed',Amount:-1.9,Operation:0,UUID:[I;1220912807,-555071181,-1514663903,-1569195324],Slot:'mainhand'}]}",
      "conditions": [
        {
          "condition": "minecraft:all_of",
          "terms": [
            {
              "condition": "minecraft:entity_properties",
              "entity": "this",
              "predicate": {
                "equipment": {
                  "mainhand": {
                    "items": [
                      "minecraft:stone_sword"
                    ]
                  }
                }
              }
            }
          ]
        }
      ]
    },
    {
      "function": "minecraft:set_nbt",
      "tag": "{AttributeModifiers:[{AttributeName:'generic.attack_damage',Name:'generic.attack_damage',Amount:3,Operation:0,UUID:[I;-1887735893,1021527709,-1278684242,-1120282344],Slot:'mainhand'},{AttributeName:'generic.attack_speed',Name:'generic.attack_speed',Amount:-1.9,Operation:0,UUID:[I;1220912807,-555071181,-1514663903,-1569195324],Slot:'mainhand'}]}",
      "conditions": [
        {
          "condition": "minecraft:all_of",
          "terms": [
            {
              "condition": "minecraft:entity_properties",
              "entity": "this",
              "predicate": {
                "equipment": {
                  "mainhand": {
                    "items": [
                      "minecraft:golden_sword"
                    ]
                  }
                }
              }
            }
          ]
        }
      ]
    },
    {
      "function": "minecraft:set_nbt",
      "tag": "{AttributeModifiers:[{AttributeName:'generic.attack_damage',Name:'generic.attack_damage',Amount:6,Operation:0,UUID:[I;-1887735893,1021527709,-1278684242,-1120282344],Slot:'mainhand'},{AttributeName:'generic.attack_speed',Name:'generic.attack_speed',Amount:-1.9,Operation:0,UUID:[I;1220912807,-555071181,-1514663903,-1569195324],Slot:'mainhand'}]}",
      "conditions": [
        {
          "condition": "minecraft:all_of",
          "terms": [
            {
              "condition": "minecraft:entity_properties",
              "entity": "this",
              "predicate": {
                "equipment": {
                  "mainhand": {
                    "items": [
                      "minecraft:diamond_sword"
                    ]
                  }
                }
              }
            }
          ]
        }
      ]
    },
    {
      "function": "minecraft:set_nbt",
      "tag": "{AttributeModifiers:[{AttributeName:'generic.attack_damage',Name:'generic.attack_damage',Amount:7,Operation:0,UUID:[I;-1887735893,1021527709,-1278684242,-1120282344],Slot:'mainhand'},{AttributeName:'generic.attack_speed',Name:'generic.attack_speed',Amount:-1.9,Operation:0,UUID:[I;1220912807,-555071181,-1514663903,-1569195324],Slot:'mainhand'}]}",
      "conditions": [
        {
          "condition": "minecraft:all_of",
          "terms": [
            {
              "condition": "minecraft:entity_properties",
              "entity": "this",
              "predicate": {
                "equipment": {
                  "mainhand": {
                    "items": [
                      "minecraft:netherite_sword"
                    ]
                  }
                }
              }
            }
          ]
        }
      ]
    }
  ]
  