{
  "pools": [
    {
      "rolls": 1,
      "entries": [
        {
          "type": "minecraft:item",
          "name": "minecraft:leather_boots",
          "functions": [
            {
              "function": "minecraft:set_components",
              "components": {
                "minecraft:repair_cost": 99999,
                "minecraft:unbreakable": {},
                "minecraft:custom_name": "{\"text\":\"Basalt Deltas Boots\",\"color\":\"gold\",\"italic\":false}",
                "minecraft:lore": [
                  "{\"text\":\" \"}",
                  "{\"text\":\"Ability:\",\"color\":\"green\",\"italic\":false}",
                  "{\"text\":\"When hit there is a 15% chance to grant \",\"color\":\"gray\",\"italic\":false}",
                  "{\"text\":\"the wearer Resistance II for 6 seconds\",\"color\":\"gray\",\"italic\":false}"
                ],
                "minecraft:dyed_color": 2826786,
                "minecraft:custom_data": {
                  "armor": "basalt_deltas_boots"
                }
              }
            },
            {
              "function": "minecraft:set_attributes",
              "modifiers": [
                {
                  "id": "basalt_boots",
                  "attribute": "minecraft:generic.armor",
                  "name": "minecraft:generic.armor",
                  "amount": 2.5,
                  "operation": "add_value",
                  "slot": "feet"
                },
                {
                  "id": "basalt_boots",
                  "attribute": "minecraft:generic.armor_toughness",
                  "name": "minecraft:generic.armor_toughness",
                  "amount": 2.5,
                  "operation": "add_value",
                  "slot": "feet"
                }
              ]
            },
            {
              "function": "minecraft:set_enchantments",
              "enchantments": {
                "minecraft:protection": {
                  "min": 3,
                  "max": 6
                },
                "minecraft:projectile_protection": {
                  "min": 1,
                  "max": 3
                },
                "minecraft:blast_protection": {
                  "min": 10,
                  "max": 10
                }
              }
            }
          ]
        },
        {
          "type": "minecraft:item",
          "name": "minecraft:leather_boots",
          "functions": [
            {
              "function": "minecraft:set_components",
              "components": {
                "minecraft:repair_cost": 99999,
                "minecraft:unbreakable": {},
                "minecraft:custom_name": "{\"text\":\"Basalt Deltas Boots\",\"color\":\"gold\",\"italic\":false}",
                "minecraft:lore": [
                  "{\"text\":\" \"}",
                  "{\"text\":\"Ability:\",\"color\":\"green\",\"italic\":false}",
                  "{\"text\":\"When hit there is a 15% chance to grant \",\"color\":\"gray\",\"italic\":false}",
                  "{\"text\":\"the wearer Resistance II for 6 seconds\",\"color\":\"gray\",\"italic\":false}"
                ],
                "minecraft:dyed_color": 2826786,
                "minecraft:custom_data": {
                  "armor": "basalt_deltas_boots"
                }
              }
            },
            {
              "function": "minecraft:set_attributes",
              "modifiers": [
                {
                  "id": "basalt_boots",
                  "attribute": "minecraft:generic.armor",
                  "name": "minecraft:generic.armor",
                  "amount": 3,
                  "operation": "add_value",
                  "slot": "feet"
                },
                {
                  "id": "basalt_boots",
                  "attribute": "minecraft:generic.armor_toughness",
                  "name": "minecraft:generic.armor_toughness",
                  "amount": 3,
                  "operation": "add_value",
                  "slot": "feet"
                }
              ]
            },
            {
              "function": "minecraft:set_enchantments",
              "enchantments": {
                "minecraft:protection": {
                  "min": 3,
                  "max": 6
                },
                "minecraft:projectile_protection": {
                  "min": 1,
                  "max": 3
                },
                "minecraft:blast_protection": {
                  "min": 10,
                  "max": 10
                }
              }
            }
          ]
        },
        {
          "type": "minecraft:item",
          "name": "minecraft:leather_boots",
          "functions": [
            {
              "function": "minecraft:set_components",
              "components": {
                "minecraft:repair_cost": 99999,
                "minecraft:unbreakable": {},
                "minecraft:custom_name": "{\"text\":\"Basalt Deltas Boots\",\"color\":\"gold\",\"italic\":false}",
                "minecraft:lore": [
                  "{\"text\":\" \"}",
                  "{\"text\":\"Ability:\",\"color\":\"green\",\"italic\":false}",
                  "{\"text\":\"When hit there is a 15% chance to grant \",\"color\":\"gray\",\"italic\":false}",
                  "{\"text\":\"the wearer Resistance II for 6 seconds\",\"color\":\"gray\",\"italic\":false}"
                ],
                "minecraft:dyed_color": 2826786,
                "minecraft:custom_data": {
                  "armor": "basalt_deltas_boots"
                }
              }
            },
            {
              "function": "minecraft:set_attributes",
              "modifiers": [
                {
                  "id": "basalt_boots",
                  "attribute": "minecraft:generic.armor",
                  "name": "minecraft:generic.armor",
                  "amount": 3.5,
                  "operation": "add_value",
                  "slot": "feet"
                },
                {
                  "id": "basalt_boots",
                  "attribute": "minecraft:generic.armor_toughness",
                  "name": "minecraft:generic.armor_toughness",
                  "amount": 3.5,
                  "operation": "add_value",
                  "slot": "feet"
                }
              ]
            },
            {
              "function": "minecraft:set_enchantments",
              "enchantments": {
                "minecraft:protection": {
                  "min": 3,
                  "max": 6
                },
                "minecraft:projectile_protection": {
                  "min": 1,
                  "max": 3
                },
                "minecraft:blast_protection": {
                  "min": 10,
                  "max": 10
                }
              }
            }
          ]
        },
        {
          "type": "minecraft:item",
          "name": "minecraft:leather_boots",
          "functions": [
            {
              "function": "minecraft:set_components",
              "components": {
                "minecraft:repair_cost": 99999,
                "minecraft:unbreakable": {},
                "minecraft:custom_name": "{\"text\":\"Basalt Deltas Boots\",\"color\":\"gold\",\"italic\":false}",
                "minecraft:lore": [
                  "{\"text\":\" \"}",
                  "{\"text\":\"Ability:\",\"color\":\"green\",\"italic\":false}",
                  "{\"text\":\"When hit there is a 15% chance to grant \",\"color\":\"gray\",\"italic\":false}",
                  "{\"text\":\"the wearer Resistance II for 6 seconds\",\"color\":\"gray\",\"italic\":false}"
                ],
                "minecraft:dyed_color": 2826786,
                "minecraft:custom_data": {
                  "armor": "basalt_deltas_boots"
                }
              }
            },
            {
              "function": "minecraft:set_attributes",
              "modifiers": [
                {
                  "id": "basalt_boots",
                  "attribute": "minecraft:generic.armor",
                  "name": "minecraft:generic.armor",
                  "amount": 4,
                  "operation": "add_value",
                  "slot": "feet"
                },
                {
                  "id": "basalt_boots",
                  "attribute": "minecraft:generic.armor_toughness",
                  "name": "minecraft:generic.armor_toughness",
                  "amount": 4,
                  "operation": "add_value",
                  "slot": "feet"
                }
              ]
            },
            {
              "function": "minecraft:set_enchantments",
              "enchantments": {
                "minecraft:protection": {
                  "min": 3,
                  "max": 6
                },
                "minecraft:projectile_protection": {
                  "min": 1,
                  "max": 3
                },
                "minecraft:blast_protection": {
                  "min": 10,
                  "max": 10
                }
              }
            }
          ]
        },
        {
          "type": "minecraft:item",
          "name": "minecraft:leather_boots",
          "functions": [
            {
              "function": "minecraft:set_components",
              "components": {
                "minecraft:repair_cost": 99999,
                "minecraft:unbreakable": {},
                "minecraft:custom_name": "{\"text\":\"Basalt Deltas Boots\",\"color\":\"gold\",\"italic\":false}",
                "minecraft:lore": [
                  "{\"text\":\" \"}",
                  "{\"text\":\"Ability:\",\"color\":\"green\",\"italic\":false}",
                  "{\"text\":\"When hit there is a 15% chance to grant \",\"color\":\"gray\",\"italic\":false}",
                  "{\"text\":\"the wearer Resistance II for 6 seconds\",\"color\":\"gray\",\"italic\":false}"
                ],
                "minecraft:dyed_color": 2826786,
                "minecraft:custom_data": {
                  "armor": "basalt_deltas_boots"
                }
              }
            },
            {
              "function": "minecraft:set_attributes",
              "modifiers": [
                {
                  "id": "basalt_boots",
                  "attribute": "minecraft:generic.armor",
                  "name": "minecraft:generic.armor",
                  "amount": 4.5,
                  "operation": "add_value",
                  "slot": "feet"
                },
                {
                  "id": "basalt_boots",
                  "attribute": "minecraft:generic.armor_toughness",
                  "name": "minecraft:generic.armor_toughness",
                  "amount": 4.5,
                  "operation": "add_value",
                  "slot": "feet"
                }
              ]
            },
            {
              "function": "minecraft:set_enchantments",
              "enchantments": {
                "minecraft:protection": {
                  "min": 3,
                  "max": 6
                },
                "minecraft:projectile_protection": {
                  "min": 1,
                  "max": 3
                },
                "minecraft:blast_protection": {
                  "min": 10,
                  "max": 10
                }
              }
            }
          ]
        },
        {
          "type": "minecraft:item",
          "name": "minecraft:leather_boots",
          "functions": [
            {
              "function": "minecraft:set_components",
              "components": {
                "minecraft:repair_cost": 99999,
                "minecraft:unbreakable": {},
                "minecraft:custom_name": "{\"text\":\"Basalt Deltas Boots\",\"color\":\"gold\",\"italic\":false}",
                "minecraft:lore": [
                  "{\"text\":\" \"}",
                  "{\"text\":\"Ability:\",\"color\":\"green\",\"italic\":false}",
                  "{\"text\":\"When hit there is a 15% chance to grant \",\"color\":\"gray\",\"italic\":false}",
                  "{\"text\":\"the wearer Resistance II for 6 seconds\",\"color\":\"gray\",\"italic\":false}"
                ],
                "minecraft:dyed_color": 2826786,
                "minecraft:custom_data": {
                  "armor": "basalt_deltas_boots"
                }
              }
            },
            {
              "function": "minecraft:set_attributes",
              "modifiers": [
                {
                  "id": "basalt_boots",
                  "attribute": "minecraft:generic.armor",
                  "name": "minecraft:generic.armor",
                  "amount": 5,
                  "operation": "add_value",
                  "slot": "feet"
                },
                {
                  "id": "basalt_boots",
                  "attribute": "minecraft:generic.armor_toughness",
                  "name": "minecraft:generic.armor_toughness",
                  "amount": 5,
                  "operation": "add_value",
                  "slot": "feet"
                }
              ]
            },
            {
              "function": "minecraft:set_enchantments",
              "enchantments": {
                "minecraft:protection": {
                  "min": 3,
                  "max": 6
                },
                "minecraft:projectile_protection": {
                  "min": 1,
                  "max": 3
                },
                "minecraft:blast_protection": {
                  "min": 10,
                  "max": 10
                }
              }
            }
          ]
        },
        {
          "type": "minecraft:item",
          "name": "minecraft:leather_boots",
          "functions": [
            {
              "function": "minecraft:set_components",
              "components": {
                "minecraft:repair_cost": 99999,
                "minecraft:unbreakable": {},
                "minecraft:custom_name": "{\"text\":\"Basalt Deltas Boots\",\"color\":\"gold\",\"italic\":false}",
                "minecraft:lore": [
                  "{\"text\":\" \"}",
                  "{\"text\":\"Ability:\",\"color\":\"green\",\"italic\":false}",
                  "{\"text\":\"When hit there is a 15% chance to grant \",\"color\":\"gray\",\"italic\":false}",
                  "{\"text\":\"the wearer Resistance II for 6 seconds\",\"color\":\"gray\",\"italic\":false}"
                ],
                "minecraft:dyed_color": 2826786,
                "minecraft:custom_data": {
                  "armor": "basalt_deltas_boots"
                }
              }
            },
            {
              "function": "minecraft:set_attributes",
              "modifiers": [
                {
                  "id": "basalt_boots",
                  "attribute": "minecraft:generic.armor",
                  "name": "minecraft:generic.armor",
                  "amount": 3,
                  "operation": "add_value",
                  "slot": "feet"
                },
                {
                  "id": "basalt_boots",
                  "attribute": "minecraft:generic.armor_toughness",
                  "name": "minecraft:generic.armor_toughness",
                  "amount": 2.5,
                  "operation": "add_value",
                  "slot": "feet"
                }
              ]
            },
            {
              "function": "minecraft:set_enchantments",
              "enchantments": {
                "minecraft:protection": {
                  "min": 3,
                  "max": 6
                },
                "minecraft:projectile_protection": {
                  "min": 1,
                  "max": 3
                },
                "minecraft:blast_protection": {
                  "min": 10,
                  "max": 10
                }
              }
            }
          ]
        },
        {
          "type": "minecraft:item",
          "name": "minecraft:leather_boots",
          "functions": [
            {
              "function": "minecraft:set_components",
              "components": {
                "minecraft:repair_cost": 99999,
                "minecraft:unbreakable": {},
                "minecraft:custom_name": "{\"text\":\"Basalt Deltas Boots\",\"color\":\"gold\",\"italic\":false}",
                "minecraft:lore": [
                  "{\"text\":\" \"}",
                  "{\"text\":\"Ability:\",\"color\":\"green\",\"italic\":false}",
                  "{\"text\":\"When hit there is a 15% chance to grant \",\"color\":\"gray\",\"italic\":false}",
                  "{\"text\":\"the wearer Resistance II for 6 seconds\",\"color\":\"gray\",\"italic\":false}"
                ],
                "minecraft:dyed_color": 2826786,
                "minecraft:custom_data": {
                  "armor": "basalt_deltas_boots"
                }
              }
            },
            {
              "function": "minecraft:set_attributes",
              "modifiers": [
                {
                  "id": "basalt_boots",
                  "attribute": "minecraft:generic.armor",
                  "name": "minecraft:generic.armor",
                  "amount": 3.5,
                  "operation": "add_value",
                  "slot": "feet"
                },
                {
                  "id": "basalt_boots",
                  "attribute": "minecraft:generic.armor_toughness",
                  "name": "minecraft:generic.armor_toughness",
                  "amount": 2.5,
                  "operation": "add_value",
                  "slot": "feet"
                }
              ]
            },
            {
              "function": "minecraft:set_enchantments",
              "enchantments": {
                "minecraft:protection": {
                  "min": 3,
                  "max": 6
                },
                "minecraft:projectile_protection": {
                  "min": 1,
                  "max": 3
                },
                "minecraft:blast_protection": {
                  "min": 10,
                  "max": 10
                }
              }
            }
          ]
        },
        {
          "type": "minecraft:item",
          "name": "minecraft:leather_boots",
          "functions": [
            {
              "function": "minecraft:set_components",
              "components": {
                "minecraft:repair_cost": 99999,
                "minecraft:unbreakable": {},
                "minecraft:custom_name": "{\"text\":\"Basalt Deltas Boots\",\"color\":\"gold\",\"italic\":false}",
                "minecraft:lore": [
                  "{\"text\":\" \"}",
                  "{\"text\":\"Ability:\",\"color\":\"green\",\"italic\":false}",
                  "{\"text\":\"When hit there is a 15% chance to grant \",\"color\":\"gray\",\"italic\":false}",
                  "{\"text\":\"the wearer Resistance II for 6 seconds\",\"color\":\"gray\",\"italic\":false}"
                ],
                "minecraft:dyed_color": 2826786,
                "minecraft:custom_data": {
                  "armor": "basalt_deltas_boots"
                }
              }
            },
            {
              "function": "minecraft:set_attributes",
              "modifiers": [
                {
                  "id": "basalt_boots",
                  "attribute": "minecraft:generic.armor",
                  "name": "minecraft:generic.armor",
                  "amount": 3.5,
                  "operation": "add_value",
                  "slot": "feet"
                },
                {
                  "id": "basalt_boots",
                  "attribute": "minecraft:generic.armor_toughness",
                  "name": "minecraft:generic.armor_toughness",
                  "amount": 2.5,
                  "operation": "add_value",
                  "slot": "feet"
                }
              ]
            },
            {
              "function": "minecraft:set_enchantments",
              "enchantments": {
                "minecraft:protection": {
                  "min": 3,
                  "max": 6
                },
                "minecraft:projectile_protection": {
                  "min": 1,
                  "max": 3
                },
                "minecraft:blast_protection": {
                  "min": 10,
                  "max": 10
                }
              }
            }
          ]
        },
        {
          "type": "minecraft:item",
          "name": "minecraft:leather_boots",
          "functions": [
            {
              "function": "minecraft:set_components",
              "components": {
                "minecraft:repair_cost": 99999,
                "minecraft:unbreakable": {},
                "minecraft:custom_name": "{\"text\":\"Basalt Deltas Boots\",\"color\":\"gold\",\"italic\":false}",
                "minecraft:lore": [
                  "{\"text\":\" \"}",
                  "{\"text\":\"Ability:\",\"color\":\"green\",\"italic\":false}",
                  "{\"text\":\"When hit there is a 15% chance to grant \",\"color\":\"gray\",\"italic\":false}",
                  "{\"text\":\"the wearer Resistance II for 6 seconds\",\"color\":\"gray\",\"italic\":false}"
                ],
                "minecraft:dyed_color": 2826786,
                "minecraft:custom_data": {
                  "armor": "basalt_deltas_boots"
                }
              }
            },
            {
              "function": "minecraft:set_attributes",
              "modifiers": [
                {
                  "id": "basalt_boots",
                  "attribute": "minecraft:generic.armor",
                  "name": "minecraft:generic.armor",
                  "amount": 4,
                  "operation": "add_value",
                  "slot": "feet"
                },
                {
                  "id": "basalt_boots",
                  "attribute": "minecraft:generic.armor_toughness",
                  "name": "minecraft:generic.armor_toughness",
                  "amount": 2.5,
                  "operation": "add_value",
                  "slot": "feet"
                }
              ]
            },
            {
              "function": "minecraft:set_enchantments",
              "enchantments": {
                "minecraft:protection": {
                  "min": 3,
                  "max": 6
                },
                "minecraft:projectile_protection": {
                  "min": 1,
                  "max": 3
                },
                "minecraft:blast_protection": {
                  "min": 10,
                  "max": 10
                }
              }
            }
          ]
        },
        {
          "type": "minecraft:item",
          "name": "minecraft:leather_boots",
          "functions": [
            {
              "function": "minecraft:set_components",
              "components": {
                "minecraft:repair_cost": 99999,
                "minecraft:unbreakable": {},
                "minecraft:custom_name": "{\"text\":\"Basalt Deltas Boots\",\"color\":\"gold\",\"italic\":false}",
                "minecraft:lore": [
                  "{\"text\":\" \"}",
                  "{\"text\":\"Ability:\",\"color\":\"green\",\"italic\":false}",
                  "{\"text\":\"When hit there is a 15% chance to grant \",\"color\":\"gray\",\"italic\":false}",
                  "{\"text\":\"the wearer Resistance II for 6 seconds\",\"color\":\"gray\",\"italic\":false}"
                ],
                "minecraft:dyed_color": 2826786,
                "minecraft:custom_data": {
                  "armor": "basalt_deltas_boots"
                }
              }
            },
            {
              "function": "minecraft:set_attributes",
              "modifiers": [
                {
                  "id": "basalt_boots",
                  "attribute": "minecraft:generic.armor",
                  "name": "minecraft:generic.armor",
                  "amount": 4.5,
                  "operation": "add_value",
                  "slot": "feet"
                },
                {
                  "id": "basalt_boots",
                  "attribute": "minecraft:generic.armor_toughness",
                  "name": "minecraft:generic.armor_toughness",
                  "amount": 2.5,
                  "operation": "add_value",
                  "slot": "feet"
                }
              ]
            },
            {
              "function": "minecraft:set_enchantments",
              "enchantments": {
                "minecraft:protection": {
                  "min": 3,
                  "max": 6
                },
                "minecraft:projectile_protection": {
                  "min": 1,
                  "max": 3
                },
                "minecraft:blast_protection": {
                  "min": 10,
                  "max": 10
                }
              }
            }
          ]
        },
        {
          "type": "minecraft:item",
          "name": "minecraft:leather_boots",
          "functions": [
            {
              "function": "minecraft:set_components",
              "components": {
                "minecraft:repair_cost": 99999,
                "minecraft:unbreakable": {},
                "minecraft:custom_name": "{\"text\":\"Basalt Deltas Boots\",\"color\":\"gold\",\"italic\":false}",
                "minecraft:lore": [
                  "{\"text\":\" \"}",
                  "{\"text\":\"Ability:\",\"color\":\"green\",\"italic\":false}",
                  "{\"text\":\"When hit there is a 15% chance to grant \",\"color\":\"gray\",\"italic\":false}",
                  "{\"text\":\"the wearer Resistance II for 6 seconds\",\"color\":\"gray\",\"italic\":false}"
                ],
                "minecraft:dyed_color": 2826786,
                "minecraft:custom_data": {
                  "armor": "basalt_deltas_boots"
                }
              }
            },
            {
              "function": "minecraft:set_attributes",
              "modifiers": [
                {
                  "id": "basalt_boots",
                  "attribute": "minecraft:generic.armor",
                  "name": "minecraft:generic.armor",
                  "amount": 5,
                  "operation": "add_value",
                  "slot": "feet"
                },
                {
                  "id": "basalt_boots",
                  "attribute": "minecraft:generic.armor_toughness",
                  "name": "minecraft:generic.armor_toughness",
                  "amount": 2.5,
                  "operation": "add_value",
                  "slot": "feet"
                }
              ]
            },
            {
              "function": "minecraft:set_enchantments",
              "enchantments": {
                "minecraft:protection": {
                  "min": 3,
                  "max": 6
                },
                "minecraft:projectile_protection": {
                  "min": 1,
                  "max": 3
                },
                "minecraft:blast_protection": {
                  "min": 10,
                  "max": 10
                }
              }
            }
          ]
        },
        {
          "type": "minecraft:item",
          "name": "minecraft:leather_boots",
          "functions": [
            {
              "function": "minecraft:set_components",
              "components": {
                "minecraft:repair_cost": 99999,
                "minecraft:unbreakable": {},
                "minecraft:custom_name": "{\"text\":\"Basalt Deltas Boots\",\"color\":\"gold\",\"italic\":false}",
                "minecraft:lore": [
                  "{\"text\":\" \"}",
                  "{\"text\":\"Ability:\",\"color\":\"green\",\"italic\":false}",
                  "{\"text\":\"When hit there is a 15% chance to grant \",\"color\":\"gray\",\"italic\":false}",
                  "{\"text\":\"the wearer Resistance II for 6 seconds\",\"color\":\"gray\",\"italic\":false}"
                ],
                "minecraft:dyed_color": 2826786,
                "minecraft:custom_data": {
                  "armor": "basalt_deltas_boots"
                }
              }
            },
            {
              "function": "minecraft:set_attributes",
              "modifiers": [
                {
                  "id": "basalt_boots",
                  "attribute": "minecraft:generic.armor",
                  "name": "minecraft:generic.armor",
                  "amount": 3.5,
                  "operation": "add_value",
                  "slot": "feet"
                },
                {
                  "id": "basalt_boots",
                  "attribute": "minecraft:generic.armor_toughness",
                  "name": "minecraft:generic.armor_toughness",
                  "amount": 5,
                  "operation": "add_value",
                  "slot": "feet"
                }
              ]
            },
            {
              "function": "minecraft:set_enchantments",
              "enchantments": {
                "minecraft:protection": {
                  "min": 3,
                  "max": 6
                },
                "minecraft:projectile_protection": {
                  "min": 1,
                  "max": 3
                },
                "minecraft:blast_protection": {
                  "min": 10,
                  "max": 10
                }
              }
            }
          ]
        },
        {
          "type": "minecraft:item",
          "name": "minecraft:leather_boots",
          "functions": [
            {
              "function": "minecraft:set_components",
              "components": {
                "minecraft:repair_cost": 99999,
                "minecraft:unbreakable": {},
                "minecraft:custom_name": "{\"text\":\"Basalt Deltas Boots\",\"color\":\"gold\",\"italic\":false}",
                "minecraft:lore": [
                  "{\"text\":\" \"}",
                  "{\"text\":\"Ability:\",\"color\":\"green\",\"italic\":false}",
                  "{\"text\":\"When hit there is a 15% chance to grant \",\"color\":\"gray\",\"italic\":false}",
                  "{\"text\":\"the wearer Resistance II for 6 seconds\",\"color\":\"gray\",\"italic\":false}"
                ],
                "minecraft:dyed_color": 2826786,
                "minecraft:custom_data": {
                  "armor": "basalt_deltas_boots"
                }
              }
            },
            {
              "function": "minecraft:set_attributes",
              "modifiers": [
                {
                  "id": "basalt_boots",
                  "attribute": "minecraft:generic.armor",
                  "name": "minecraft:generic.armor",
                  "amount": 3.5,
                  "operation": "add_value",
                  "slot": "feet"
                },
                {
                  "id": "basalt_boots",
                  "attribute": "minecraft:generic.armor_toughness",
                  "name": "minecraft:generic.armor_toughness",
                  "amount": 4.5,
                  "operation": "add_value",
                  "slot": "feet"
                }
              ]
            },
            {
              "function": "minecraft:set_enchantments",
              "enchantments": {
                "minecraft:protection": {
                  "min": 3,
                  "max": 6
                },
                "minecraft:projectile_protection": {
                  "min": 1,
                  "max": 3
                },
                "minecraft:blast_protection": {
                  "min": 10,
                  "max": 10
                }
              }
            }
          ]
        },
        {
          "type": "minecraft:item",
          "name": "minecraft:leather_boots",
          "functions": [
            {
              "function": "minecraft:set_components",
              "components": {
                "minecraft:repair_cost": 99999,
                "minecraft:unbreakable": {},
                "minecraft:custom_name": "{\"text\":\"Basalt Deltas Boots\",\"color\":\"gold\",\"italic\":false}",
                "minecraft:lore": [
                  "{\"text\":\" \"}",
                  "{\"text\":\"Ability:\",\"color\":\"green\",\"italic\":false}",
                  "{\"text\":\"When hit there is a 15% chance to grant \",\"color\":\"gray\",\"italic\":false}",
                  "{\"text\":\"the wearer Resistance II for 6 seconds\",\"color\":\"gray\",\"italic\":false}"
                ],
                "minecraft:dyed_color": 2826786,
                "minecraft:custom_data": {
                  "armor": "basalt_deltas_boots"
                }
              }
            },
            {
              "function": "minecraft:set_attributes",
              "modifiers": [
                {
                  "id": "basalt_boots",
                  "attribute": "minecraft:generic.armor",
                  "name": "minecraft:generic.armor",
                  "amount": 3,
                  "operation": "add_value",
                  "slot": "feet"
                },
                {
                  "id": "basalt_boots",
                  "attribute": "minecraft:generic.armor_toughness",
                  "name": "minecraft:generic.armor_toughness",
                  "amount": 5,
                  "operation": "add_value",
                  "slot": "feet"
                }
              ]
            },
            {
              "function": "minecraft:set_enchantments",
              "enchantments": {
                "minecraft:protection": {
                  "min": 3,
                  "max": 6
                },
                "minecraft:projectile_protection": {
                  "min": 1,
                  "max": 3
                },
                "minecraft:blast_protection": {
                  "min": 10,
                  "max": 10
                }
              }
            }
          ]
        },
        {
          "type": "minecraft:item",
          "name": "minecraft:leather_boots",
          "functions": [
            {
              "function": "minecraft:set_components",
              "components": {
                "minecraft:repair_cost": 99999,
                "minecraft:unbreakable": {},
                "minecraft:custom_name": "{\"text\":\"Basalt Deltas Boots\",\"color\":\"gold\",\"italic\":false}",
                "minecraft:lore": [
                  "{\"text\":\" \"}",
                  "{\"text\":\"Ability:\",\"color\":\"green\",\"italic\":false}",
                  "{\"text\":\"When hit there is a 15% chance to grant \",\"color\":\"gray\",\"italic\":false}",
                  "{\"text\":\"the wearer Resistance II for 6 seconds\",\"color\":\"gray\",\"italic\":false}"
                ],
                "minecraft:dyed_color": 2826786,
                "minecraft:custom_data": {
                  "armor": "basalt_deltas_boots"
                }
              }
            },
            {
              "function": "minecraft:set_attributes",
              "modifiers": [
                {
                  "id": "basalt_boots",
                  "attribute": "minecraft:generic.armor",
                  "name": "minecraft:generic.armor",
                  "amount": 4.5,
                  "operation": "add_value",
                  "slot": "feet"
                },
                {
                  "id": "basalt_boots",
                  "attribute": "minecraft:generic.armor_toughness",
                  "name": "minecraft:generic.armor_toughness",
                  "amount": 5,
                  "operation": "add_value",
                  "slot": "feet"
                }
              ]
            },
            {
              "function": "minecraft:set_enchantments",
              "enchantments": {
                "minecraft:protection": {
                  "min": 3,
                  "max": 6
                },
                "minecraft:projectile_protection": {
                  "min": 1,
                  "max": 3
                },
                "minecraft:blast_protection": {
                  "min": 10,
                  "max": 10
                }
              }
            }
          ]
        },
        {
          "type": "minecraft:item",
          "name": "minecraft:leather_boots",
          "functions": [
            {
              "function": "minecraft:set_components",
              "components": {
                "minecraft:repair_cost": 99999,
                "minecraft:unbreakable": {},
                "minecraft:custom_name": "{\"text\":\"Basalt Deltas Boots\",\"color\":\"gold\",\"italic\":false}",
                "minecraft:lore": [
                  "{\"text\":\" \"}",
                  "{\"text\":\"Ability:\",\"color\":\"green\",\"italic\":false}",
                  "{\"text\":\"When hit there is a 15% chance to grant \",\"color\":\"gray\",\"italic\":false}",
                  "{\"text\":\"the wearer Resistance II for 6 seconds\",\"color\":\"gray\",\"italic\":false}"
                ],
                "minecraft:dyed_color": 2826786,
                "minecraft:custom_data": {
                  "armor": "basalt_deltas_boots"
                }
              }
            },
            {
              "function": "minecraft:set_attributes",
              "modifiers": [
                {
                  "id": "basalt_boots",
                  "attribute": "minecraft:generic.armor",
                  "name": "minecraft:generic.armor",
                  "amount": 4.5,
                  "operation": "add_value",
                  "slot": "feet"
                },
                {
                  "id": "basalt_boots",
                  "attribute": "minecraft:generic.armor_toughness",
                  "name": "minecraft:generic.armor_toughness",
                  "amount": 4,
                  "operation": "add_value",
                  "slot": "feet"
                }
              ]
            },
            {
              "function": "minecraft:set_enchantments",
              "enchantments": {
                "minecraft:protection": {
                  "min": 3,
                  "max": 6
                },
                "minecraft:projectile_protection": {
                  "min": 1,
                  "max": 3
                },
                "minecraft:blast_protection": {
                  "min": 10,
                  "max": 10
                }
              }
            }
          ]
        },
        {
          "type": "minecraft:item",
          "name": "minecraft:leather_boots",
          "functions": [
            {
              "function": "minecraft:set_components",
              "components": {
                "minecraft:repair_cost": 99999,
                "minecraft:unbreakable": {},
                "minecraft:custom_name": "{\"text\":\"Basalt Deltas Boots\",\"color\":\"gold\",\"italic\":false}",
                "minecraft:lore": [
                  "{\"text\":\" \"}",
                  "{\"text\":\"Ability:\",\"color\":\"green\",\"italic\":false}",
                  "{\"text\":\"When hit there is a 15% chance to grant \",\"color\":\"gray\",\"italic\":false}",
                  "{\"text\":\"the wearer Resistance II for 6 seconds\",\"color\":\"gray\",\"italic\":false}"
                ],
                "minecraft:dyed_color": 2826786,
                "minecraft:custom_data": {
                  "armor": "basalt_deltas_boots"
                }
              }
            },
            {
              "function": "minecraft:set_attributes",
              "modifiers": [
                {
                  "id": "basalt_boots",
                  "attribute": "minecraft:generic.armor",
                  "name": "minecraft:generic.armor",
                  "amount": 4.5,
                  "operation": "add_value",
                  "slot": "feet"
                },
                {
                  "id": "basalt_boots",
                  "attribute": "minecraft:generic.armor_toughness",
                  "name": "minecraft:generic.armor_toughness",
                  "amount": 3,
                  "operation": "add_value",
                  "slot": "feet"
                }
              ]
            },
            {
              "function": "minecraft:set_enchantments",
              "enchantments": {
                "minecraft:protection": {
                  "min": 3,
                  "max": 6
                },
                "minecraft:projectile_protection": {
                  "min": 1,
                  "max": 3
                },
                "minecraft:blast_protection": {
                  "min": 10,
                  "max": 10
                }
              }
            }
          ]
        },
        {
          "type": "minecraft:item",
          "name": "minecraft:leather_boots",
          "functions": [
            {
              "function": "minecraft:set_components",
              "components": {
                "minecraft:repair_cost": 99999,
                "minecraft:unbreakable": {},
                "minecraft:custom_name": "{\"text\":\"Basalt Deltas Boots\",\"color\":\"gold\",\"italic\":false}",
                "minecraft:lore": [
                  "{\"text\":\" \"}",
                  "{\"text\":\"Ability:\",\"color\":\"green\",\"italic\":false}",
                  "{\"text\":\"When hit there is a 15% chance to grant \",\"color\":\"gray\",\"italic\":false}",
                  "{\"text\":\"the wearer Resistance II for 6 seconds\",\"color\":\"gray\",\"italic\":false}"
                ],
                "minecraft:dyed_color": 2826786,
                "minecraft:custom_data": {
                  "armor": "basalt_deltas_boots"
                }
              }
            },
            {
              "function": "minecraft:set_attributes",
              "modifiers": [
                {
                  "id": "basalt_boots",
                  "attribute": "minecraft:generic.armor",
                  "name": "minecraft:generic.armor",
                  "amount": 3.5,
                  "operation": "add_value",
                  "slot": "feet"
                },
                {
                  "id": "basalt_boots",
                  "attribute": "minecraft:generic.armor_toughness",
                  "name": "minecraft:generic.armor_toughness",
                  "amount": 4,
                  "operation": "add_value",
                  "slot": "feet"
                }
              ]
            },
            {
              "function": "minecraft:set_enchantments",
              "enchantments": {
                "minecraft:protection": {
                  "min": 3,
                  "max": 6
                },
                "minecraft:projectile_protection": {
                  "min": 1,
                  "max": 3
                },
                "minecraft:blast_protection": {
                  "min": 10,
                  "max": 10
                }
              }
            }
          ]
        },
        {
          "type": "minecraft:item",
          "name": "minecraft:leather_boots",
          "functions": [
            {
              "function": "minecraft:set_components",
              "components": {
                "minecraft:repair_cost": 99999,
                "minecraft:unbreakable": {},
                "minecraft:custom_name": "{\"text\":\"Basalt Deltas Boots\",\"color\":\"gold\",\"italic\":false}",
                "minecraft:lore": [
                  "{\"text\":\" \"}",
                  "{\"text\":\"Ability:\",\"color\":\"green\",\"italic\":false}",
                  "{\"text\":\"When hit there is a 15% chance to grant \",\"color\":\"gray\",\"italic\":false}",
                  "{\"text\":\"the wearer Resistance II for 6 seconds\",\"color\":\"gray\",\"italic\":false}"
                ],
                "minecraft:dyed_color": 2826786,
                "minecraft:custom_data": {
                  "armor": "basalt_deltas_boots"
                }
              }
            },
            {
              "function": "minecraft:set_attributes",
              "modifiers": [
                {
                  "id": "basalt_boots",
                  "attribute": "minecraft:generic.armor",
                  "name": "minecraft:generic.armor",
                  "amount": 3,
                  "operation": "add_value",
                  "slot": "feet"
                },
                {
                  "id": "basalt_boots",
                  "attribute": "minecraft:generic.armor_toughness",
                  "name": "minecraft:generic.armor_toughness",
                  "amount": 3.5,
                  "operation": "add_value",
                  "slot": "feet"
                }
              ]
            },
            {
              "function": "minecraft:set_enchantments",
              "enchantments": {
                "minecraft:protection": {
                  "min": 3,
                  "max": 6
                },
                "minecraft:projectile_protection": {
                  "min": 1,
                  "max": 3
                },
                "minecraft:blast_protection": {
                  "min": 10,
                  "max": 10
                }
              }
            }
          ]
        },
        {
          "type": "minecraft:item",
          "name": "minecraft:leather_boots",
          "functions": [
            {
              "function": "minecraft:set_components",
              "components": {
                "minecraft:repair_cost": 99999,
                "minecraft:unbreakable": {},
                "minecraft:custom_name": "{\"text\":\"Basalt Deltas Boots\",\"color\":\"gold\",\"italic\":false}",
                "minecraft:lore": [
                  "{\"text\":\" \"}",
                  "{\"text\":\"Ability:\",\"color\":\"green\",\"italic\":false}",
                  "{\"text\":\"When hit there is a 15% chance to grant \",\"color\":\"gray\",\"italic\":false}",
                  "{\"text\":\"the wearer Resistance II for 6 seconds\",\"color\":\"gray\",\"italic\":false}"
                ],
                "minecraft:dyed_color": 2826786,
                "minecraft:custom_data": {
                  "armor": "basalt_deltas_boots"
                }
              }
            },
            {
              "function": "minecraft:set_attributes",
              "modifiers": [
                {
                  "id": "basalt_boots",
                  "attribute": "minecraft:generic.armor",
                  "name": "minecraft:generic.armor",
                  "amount": 3,
                  "operation": "add_value",
                  "slot": "feet"
                },
                {
                  "id": "basalt_boots",
                  "attribute": "minecraft:generic.armor_toughness",
                  "name": "minecraft:generic.armor_toughness",
                  "amount": 4,
                  "operation": "add_value",
                  "slot": "feet"
                }
              ]
            },
            {
              "function": "minecraft:set_enchantments",
              "enchantments": {
                "minecraft:protection": {
                  "min": 3,
                  "max": 6
                },
                "minecraft:projectile_protection": {
                  "min": 1,
                  "max": 3
                },
                "minecraft:blast_protection": {
                  "min": 10,
                  "max": 10
                }
              }
            }
          ]
        },
        {
          "type": "minecraft:item",
          "name": "minecraft:leather_boots",
          "functions": [
            {
              "function": "minecraft:set_components",
              "components": {
                "minecraft:repair_cost": 99999,
                "minecraft:unbreakable": {},
                "minecraft:custom_name": "{\"text\":\"Basalt Deltas Boots\",\"color\":\"gold\",\"italic\":false}",
                "minecraft:lore": [
                  "{\"text\":\" \"}",
                  "{\"text\":\"Ability:\",\"color\":\"green\",\"italic\":false}",
                  "{\"text\":\"When hit there is a 15% chance to grant \",\"color\":\"gray\",\"italic\":false}",
                  "{\"text\":\"the wearer Resistance II for 6 seconds\",\"color\":\"gray\",\"italic\":false}"
                ],
                "minecraft:dyed_color": 2826786,
                "minecraft:custom_data": {
                  "armor": "basalt_deltas_boots"
                }
              }
            },
            {
              "function": "minecraft:set_attributes",
              "modifiers": [
                {
                  "id": "basalt_boots",
                  "attribute": "minecraft:generic.armor",
                  "name": "minecraft:generic.armor",
                  "amount": 3,
                  "operation": "add_value",
                  "slot": "feet"
                },
                {
                  "id": "basalt_boots",
                  "attribute": "minecraft:generic.armor_toughness",
                  "name": "minecraft:generic.armor_toughness",
                  "amount": 4.5,
                  "operation": "add_value",
                  "slot": "feet"
                }
              ]
            },
            {
              "function": "minecraft:set_enchantments",
              "enchantments": {
                "minecraft:protection": {
                  "min": 3,
                  "max": 6
                },
                "minecraft:projectile_protection": {
                  "min": 1,
                  "max": 3
                },
                "minecraft:blast_protection": {
                  "min": 10,
                  "max": 10
                }
              }
            }
          ]
        },
        {
          "type": "minecraft:item",
          "name": "minecraft:leather_boots",
          "functions": [
            {
              "function": "minecraft:set_components",
              "components": {
                "minecraft:repair_cost": 99999,
                "minecraft:unbreakable": {},
                "minecraft:custom_name": "{\"text\":\"Basalt Deltas Boots\",\"color\":\"gold\",\"italic\":false}",
                "minecraft:lore": [
                  "{\"text\":\" \"}",
                  "{\"text\":\"Ability:\",\"color\":\"green\",\"italic\":false}",
                  "{\"text\":\"When hit there is a 15% chance to grant \",\"color\":\"gray\",\"italic\":false}",
                  "{\"text\":\"the wearer Resistance II for 6 seconds\",\"color\":\"gray\",\"italic\":false}"
                ],
                "minecraft:dyed_color": 2826786,
                "minecraft:custom_data": {
                  "armor": "basalt_deltas_boots"
                }
              }
            },
            {
              "function": "minecraft:set_attributes",
              "modifiers": [
                {
                  "id": "basalt_boots",
                  "attribute": "minecraft:generic.armor",
                  "name": "minecraft:generic.armor",
                  "amount": 3,
                  "operation": "add_value",
                  "slot": "feet"
                },
                {
                  "id": "basalt_boots",
                  "attribute": "minecraft:generic.armor_toughness",
                  "name": "minecraft:generic.armor_toughness",
                  "amount": 5,
                  "operation": "add_value",
                  "slot": "feet"
                }
              ]
            },
            {
              "function": "minecraft:set_enchantments",
              "enchantments": {
                "minecraft:protection": {
                  "min": 3,
                  "max": 6
                },
                "minecraft:projectile_protection": {
                  "min": 1,
                  "max": 3
                },
                "minecraft:blast_protection": {
                  "min": 10,
                  "max": 10
                }
              }
            }
          ]
        },
        {
          "type": "minecraft:item",
          "name": "minecraft:leather_boots",
          "functions": [
            {
              "function": "minecraft:set_components",
              "components": {
                "minecraft:repair_cost": 99999,
                "minecraft:unbreakable": {},
                "minecraft:custom_name": "{\"text\":\"Basalt Deltas Boots\",\"color\":\"gold\",\"italic\":false}",
                "minecraft:lore": [
                  "{\"text\":\" \"}",
                  "{\"text\":\"Ability:\",\"color\":\"green\",\"italic\":false}",
                  "{\"text\":\"When hit there is a 15% chance to grant \",\"color\":\"gray\",\"italic\":false}",
                  "{\"text\":\"the wearer Resistance II for 6 seconds\",\"color\":\"gray\",\"italic\":false}"
                ],
                "minecraft:dyed_color": 2826786,
                "minecraft:custom_data": {
                  "armor": "basalt_deltas_boots"
                }
              }
            },
            {
              "function": "minecraft:set_attributes",
              "modifiers": [
                {
                  "id": "basalt_boots",
                  "attribute": "minecraft:generic.armor",
                  "name": "minecraft:generic.armor",
                  "amount": 3.5,
                  "operation": "add_value",
                  "slot": "feet"
                },
                {
                  "id": "basalt_boots",
                  "attribute": "minecraft:generic.armor_toughness",
                  "name": "minecraft:generic.armor_toughness",
                  "amount": 3,
                  "operation": "add_value",
                  "slot": "feet"
                }
              ]
            },
            {
              "function": "minecraft:set_enchantments",
              "enchantments": {
                "minecraft:protection": {
                  "min": 3,
                  "max": 6
                },
                "minecraft:projectile_protection": {
                  "min": 1,
                  "max": 3
                },
                "minecraft:blast_protection": {
                  "min": 10,
                  "max": 10
                }
              }
            }
          ]
        },
        {
          "type": "minecraft:item",
          "name": "minecraft:leather_boots",
          "functions": [
            {
              "function": "minecraft:set_components",
              "components": {
                "minecraft:repair_cost": 99999,
                "minecraft:unbreakable": {},
                "minecraft:custom_name": "{\"text\":\"Basalt Deltas Boots\",\"color\":\"gold\",\"italic\":false}",
                "minecraft:lore": [
                  "{\"text\":\" \"}",
                  "{\"text\":\"Ability:\",\"color\":\"green\",\"italic\":false}",
                  "{\"text\":\"When hit there is a 15% chance to grant \",\"color\":\"gray\",\"italic\":false}",
                  "{\"text\":\"the wearer Resistance II for 6 seconds\",\"color\":\"gray\",\"italic\":false}"
                ],
                "minecraft:dyed_color": 2826786,
                "minecraft:custom_data": {
                  "armor": "basalt_deltas_boots"
                }
              }
            },
            {
              "function": "minecraft:set_attributes",
              "modifiers": [
                {
                  "id": "basalt_boots",
                  "attribute": "minecraft:generic.armor",
                  "name": "minecraft:generic.armor",
                  "amount": 4,
                  "operation": "add_value",
                  "slot": "feet"
                },
                {
                  "id": "basalt_boots",
                  "attribute": "minecraft:generic.armor_toughness",
                  "name": "minecraft:generic.armor_toughness",
                  "amount": 5,
                  "operation": "add_value",
                  "slot": "feet"
                }
              ]
            },
            {
              "function": "minecraft:set_enchantments",
              "enchantments": {
                "minecraft:protection": {
                  "min": 3,
                  "max": 6
                },
                "minecraft:projectile_protection": {
                  "min": 1,
                  "max": 3
                },
                "minecraft:blast_protection": {
                  "min": 10,
                  "max": 10
                }
              }
            }
          ]
        },
        {
          "type": "minecraft:item",
          "name": "minecraft:leather_boots",
          "functions": [
            {
              "function": "minecraft:set_components",
              "components": {
                "minecraft:repair_cost": 99999,
                "minecraft:unbreakable": {},
                "minecraft:custom_name": "{\"text\":\"Basalt Deltas Boots\",\"color\":\"gold\",\"italic\":false}",
                "minecraft:lore": [
                  "{\"text\":\" \"}",
                  "{\"text\":\"Ability:\",\"color\":\"green\",\"italic\":false}",
                  "{\"text\":\"When hit there is a 15% chance to grant \",\"color\":\"gray\",\"italic\":false}",
                  "{\"text\":\"the wearer Resistance II for 6 seconds\",\"color\":\"gray\",\"italic\":false}"
                ],
                "minecraft:dyed_color": 2826786,
                "minecraft:custom_data": {
                  "armor": "basalt_deltas_boots"
                }
              }
            },
            {
              "function": "minecraft:set_attributes",
              "modifiers": [
                {
                  "id": "basalt_boots",
                  "attribute": "minecraft:generic.armor",
                  "name": "minecraft:generic.armor",
                  "amount": 5,
                  "operation": "add_value",
                  "slot": "feet"
                },
                {
                  "id": "basalt_boots",
                  "attribute": "minecraft:generic.armor_toughness",
                  "name": "minecraft:generic.armor_toughness",
                  "amount": 3,
                  "operation": "add_value",
                  "slot": "feet"
                }
              ]
            },
            {
              "function": "minecraft:set_enchantments",
              "enchantments": {
                "minecraft:protection": {
                  "min": 3,
                  "max": 6
                },
                "minecraft:projectile_protection": {
                  "min": 1,
                  "max": 3
                },
                "minecraft:blast_protection": {
                  "min": 10,
                  "max": 10
                }
              }
            }
          ]
        },
        {
          "type": "minecraft:item",
          "name": "minecraft:leather_boots",
          "functions": [
            {
              "function": "minecraft:set_components",
              "components": {
                "minecraft:repair_cost": 99999,
                "minecraft:unbreakable": {},
                "minecraft:custom_name": "{\"text\":\"Basalt Deltas Boots\",\"color\":\"gold\",\"italic\":false}",
                "minecraft:lore": [
                  "{\"text\":\" \"}",
                  "{\"text\":\"Ability:\",\"color\":\"green\",\"italic\":false}",
                  "{\"text\":\"When hit there is a 15% chance to grant \",\"color\":\"gray\",\"italic\":false}",
                  "{\"text\":\"the wearer Resistance II for 6 seconds\",\"color\":\"gray\",\"italic\":false}"
                ],
                "minecraft:dyed_color": 2826786,
                "minecraft:custom_data": {
                  "armor": "basalt_deltas_boots"
                }
              }
            },
            {
              "function": "minecraft:set_attributes",
              "modifiers": [
                {
                  "id": "basalt_boots",
                  "attribute": "minecraft:generic.armor",
                  "name": "minecraft:generic.armor",
                  "amount": 4,
                  "operation": "add_value",
                  "slot": "feet"
                },
                {
                  "id": "basalt_boots",
                  "attribute": "minecraft:generic.armor_toughness",
                  "name": "minecraft:generic.armor_toughness",
                  "amount": 3,
                  "operation": "add_value",
                  "slot": "feet"
                }
              ]
            },
            {
              "function": "minecraft:set_enchantments",
              "enchantments": {
                "minecraft:protection": {
                  "min": 3,
                  "max": 6
                },
                "minecraft:projectile_protection": {
                  "min": 1,
                  "max": 3
                },
                "minecraft:blast_protection": {
                  "min": 10,
                  "max": 10
                }
              }
            }
          ]
        },
        {
          "type": "minecraft:item",
          "name": "minecraft:leather_boots",
          "functions": [
            {
              "function": "minecraft:set_components",
              "components": {
                "minecraft:repair_cost": 99999,
                "minecraft:unbreakable": {},
                "minecraft:custom_name": "{\"text\":\"Basalt Deltas Boots\",\"color\":\"gold\",\"italic\":false}",
                "minecraft:lore": [
                  "{\"text\":\" \"}",
                  "{\"text\":\"Ability:\",\"color\":\"green\",\"italic\":false}",
                  "{\"text\":\"When hit there is a 15% chance to grant \",\"color\":\"gray\",\"italic\":false}",
                  "{\"text\":\"the wearer Resistance II for 6 seconds\",\"color\":\"gray\",\"italic\":false}"
                ],
                "minecraft:dyed_color": 2826786,
                "minecraft:custom_data": {
                  "armor": "basalt_deltas_boots"
                }
              }
            },
            {
              "function": "minecraft:set_attributes",
              "modifiers": [
                {
                  "id": "basalt_boots",
                  "attribute": "minecraft:generic.armor",
                  "name": "minecraft:generic.armor",
                  "amount": 4.5,
                  "operation": "add_value",
                  "slot": "feet"
                },
                {
                  "id": "basalt_boots",
                  "attribute": "minecraft:generic.armor_toughness",
                  "name": "minecraft:generic.armor_toughness",
                  "amount": 3.5,
                  "operation": "add_value",
                  "slot": "feet"
                }
              ]
            },
            {
              "function": "minecraft:set_enchantments",
              "enchantments": {
                "minecraft:protection": {
                  "min": 3,
                  "max": 6
                },
                "minecraft:projectile_protection": {
                  "min": 1,
                  "max": 3
                },
                "minecraft:blast_protection": {
                  "min": 10,
                  "max": 10
                }
              }
            }
          ]
        },
        {
          "type": "minecraft:item",
          "name": "minecraft:leather_boots",
          "functions": [
            {
              "function": "minecraft:set_components",
              "components": {
                "minecraft:repair_cost": 99999,
                "minecraft:unbreakable": {},
                "minecraft:custom_name": "{\"text\":\"Basalt Deltas Boots\",\"color\":\"gold\",\"italic\":false}",
                "minecraft:lore": [
                  "{\"text\":\" \"}",
                  "{\"text\":\"Ability:\",\"color\":\"green\",\"italic\":false}",
                  "{\"text\":\"When hit there is a 15% chance to grant \",\"color\":\"gray\",\"italic\":false}",
                  "{\"text\":\"the wearer Resistance II for 6 seconds\",\"color\":\"gray\",\"italic\":false}"
                ],
                "minecraft:dyed_color": 2826786,
                "minecraft:custom_data": {
                  "armor": "basalt_deltas_boots"
                }
              }
            },
            {
              "function": "minecraft:set_attributes",
              "modifiers": [
                {
                  "id": "basalt_boots",
                  "attribute": "minecraft:generic.armor",
                  "name": "minecraft:generic.armor",
                  "amount": 4.5,
                  "operation": "add_value",
                  "slot": "feet"
                },
                {
                  "id": "basalt_boots",
                  "attribute": "minecraft:generic.armor_toughness",
                  "name": "minecraft:generic.armor_toughness",
                  "amount": 4,
                  "operation": "add_value",
                  "slot": "feet"
                }
              ]
            },
            {
              "function": "minecraft:set_enchantments",
              "enchantments": {
                "minecraft:protection": {
                  "min": 3,
                  "max": 6
                },
                "minecraft:projectile_protection": {
                  "min": 1,
                  "max": 3
                },
                "minecraft:blast_protection": {
                  "min": 10,
                  "max": 10
                }
              }
            }
          ]
        },
        {
          "type": "minecraft:item",
          "name": "minecraft:leather_boots",
          "functions": [
            {
              "function": "minecraft:set_components",
              "components": {
                "minecraft:repair_cost": 99999,
                "minecraft:unbreakable": {},
                "minecraft:custom_name": "{\"text\":\"Basalt Deltas Boots\",\"color\":\"gold\",\"italic\":false}",
                "minecraft:lore": [
                  "{\"text\":\" \"}",
                  "{\"text\":\"Ability:\",\"color\":\"green\",\"italic\":false}",
                  "{\"text\":\"When hit there is a 15% chance to grant \",\"color\":\"gray\",\"italic\":false}",
                  "{\"text\":\"the wearer Resistance II for 6 seconds\",\"color\":\"gray\",\"italic\":false}"
                ],
                "minecraft:dyed_color": 2826786,
                "minecraft:custom_data": {
                  "armor": "basalt_deltas_boots"
                }
              }
            },
            {
              "function": "minecraft:set_attributes",
              "modifiers": [
                {
                  "id": "basalt_boots",
                  "attribute": "minecraft:generic.armor",
                  "name": "minecraft:generic.armor",
                  "amount": 4.5,
                  "operation": "add_value",
                  "slot": "feet"
                },
                {
                  "id": "basalt_boots",
                  "attribute": "minecraft:generic.armor_toughness",
                  "name": "minecraft:generic.armor_toughness",
                  "amount": 5,
                  "operation": "add_value",
                  "slot": "feet"
                }
              ]
            },
            {
              "function": "minecraft:set_enchantments",
              "enchantments": {
                "minecraft:protection": {
                  "min": 3,
                  "max": 6
                },
                "minecraft:projectile_protection": {
                  "min": 1,
                  "max": 3
                },
                "minecraft:blast_protection": {
                  "min": 10,
                  "max": 10
                }
              }
            }
          ]
        },
        {
          "type": "minecraft:item",
          "name": "minecraft:leather_boots",
          "functions": [
            {
              "function": "minecraft:set_components",
              "components": {
                "minecraft:repair_cost": 99999,
                "minecraft:unbreakable": {},
                "minecraft:custom_name": "{\"text\":\"Basalt Deltas Boots\",\"color\":\"gold\",\"italic\":false}",
                "minecraft:lore": [
                  "{\"text\":\" \"}",
                  "{\"text\":\"Ability:\",\"color\":\"green\",\"italic\":false}",
                  "{\"text\":\"When hit there is a 15% chance to grant \",\"color\":\"gray\",\"italic\":false}",
                  "{\"text\":\"the wearer Resistance II for 6 seconds\",\"color\":\"gray\",\"italic\":false}"
                ],
                "minecraft:dyed_color": 2826786,
                "minecraft:custom_data": {
                  "armor": "basalt_deltas_boots"
                }
              }
            },
            {
              "function": "minecraft:set_attributes",
              "modifiers": [
                {
                  "id": "basalt_boots",
                  "attribute": "minecraft:generic.armor",
                  "name": "minecraft:generic.armor",
                  "amount": 2.5,
                  "operation": "add_value",
                  "slot": "feet"
                },
                {
                  "id": "basalt_boots",
                  "attribute": "minecraft:generic.armor_toughness",
                  "name": "minecraft:generic.armor_toughness",
                  "amount": 3,
                  "operation": "add_value",
                  "slot": "feet"
                }
              ]
            },
            {
              "function": "minecraft:set_enchantments",
              "enchantments": {
                "minecraft:protection": {
                  "min": 3,
                  "max": 6
                },
                "minecraft:projectile_protection": {
                  "min": 1,
                  "max": 3
                },
                "minecraft:blast_protection": {
                  "min": 10,
                  "max": 10
                }
              }
            }
          ]
        },
        {
          "type": "minecraft:item",
          "name": "minecraft:leather_boots",
          "functions": [
            {
              "function": "minecraft:set_components",
              "components": {
                "minecraft:repair_cost": 99999,
                "minecraft:unbreakable": {},
                "minecraft:custom_name": "{\"text\":\"Basalt Deltas Boots\",\"color\":\"gold\",\"italic\":false}",
                "minecraft:lore": [
                  "{\"text\":\" \"}",
                  "{\"text\":\"Ability:\",\"color\":\"green\",\"italic\":false}",
                  "{\"text\":\"When hit there is a 15% chance to grant \",\"color\":\"gray\",\"italic\":false}",
                  "{\"text\":\"the wearer Resistance II for 6 seconds\",\"color\":\"gray\",\"italic\":false}"
                ],
                "minecraft:dyed_color": 2826786,
                "minecraft:custom_data": {
                  "armor": "basalt_deltas_boots"
                }
              }
            },
            {
              "function": "minecraft:set_attributes",
              "modifiers": [
                {
                  "id": "basalt_boots",
                  "attribute": "minecraft:generic.armor",
                  "name": "minecraft:generic.armor",
                  "amount": 2.5,
                  "operation": "add_value",
                  "slot": "feet"
                },
                {
                  "id": "basalt_boots",
                  "attribute": "minecraft:generic.armor_toughness",
                  "name": "minecraft:generic.armor_toughness",
                  "amount": 3.5,
                  "operation": "add_value",
                  "slot": "feet"
                }
              ]
            },
            {
              "function": "minecraft:set_enchantments",
              "enchantments": {
                "minecraft:protection": {
                  "min": 3,
                  "max": 6
                },
                "minecraft:projectile_protection": {
                  "min": 1,
                  "max": 3
                },
                "minecraft:blast_protection": {
                  "min": 10,
                  "max": 10
                }
              }
            }
          ]
        },
        {
          "type": "minecraft:item",
          "name": "minecraft:leather_boots",
          "functions": [
            {
              "function": "minecraft:set_components",
              "components": {
                "minecraft:repair_cost": 99999,
                "minecraft:unbreakable": {},
                "minecraft:custom_name": "{\"text\":\"Basalt Deltas Boots\",\"color\":\"gold\",\"italic\":false}",
                "minecraft:lore": [
                  "{\"text\":\" \"}",
                  "{\"text\":\"Ability:\",\"color\":\"green\",\"italic\":false}",
                  "{\"text\":\"When hit there is a 15% chance to grant \",\"color\":\"gray\",\"italic\":false}",
                  "{\"text\":\"the wearer Resistance II for 6 seconds\",\"color\":\"gray\",\"italic\":false}"
                ],
                "minecraft:dyed_color": 2826786,
                "minecraft:custom_data": {
                  "armor": "basalt_deltas_boots"
                }
              }
            },
            {
              "function": "minecraft:set_attributes",
              "modifiers": [
                {
                  "id": "basalt_boots",
                  "attribute": "minecraft:generic.armor",
                  "name": "minecraft:generic.armor",
                  "amount": 2.5,
                  "operation": "add_value",
                  "slot": "feet"
                },
                {
                  "id": "basalt_boots",
                  "attribute": "minecraft:generic.armor_toughness",
                  "name": "minecraft:generic.armor_toughness",
                  "amount": 3.5,
                  "operation": "add_value",
                  "slot": "feet"
                }
              ]
            },
            {
              "function": "minecraft:set_enchantments",
              "enchantments": {
                "minecraft:protection": {
                  "min": 3,
                  "max": 6
                },
                "minecraft:projectile_protection": {
                  "min": 1,
                  "max": 3
                },
                "minecraft:blast_protection": {
                  "min": 10,
                  "max": 10
                }
              }
            }
          ]
        },
        {
          "type": "minecraft:item",
          "name": "minecraft:leather_boots",
          "functions": [
            {
              "function": "minecraft:set_components",
              "components": {
                "minecraft:repair_cost": 99999,
                "minecraft:unbreakable": {},
                "minecraft:custom_name": "{\"text\":\"Basalt Deltas Boots\",\"color\":\"gold\",\"italic\":false}",
                "minecraft:lore": [
                  "{\"text\":\" \"}",
                  "{\"text\":\"Ability:\",\"color\":\"green\",\"italic\":false}",
                  "{\"text\":\"When hit there is a 15% chance to grant \",\"color\":\"gray\",\"italic\":false}",
                  "{\"text\":\"the wearer Resistance II for 6 seconds\",\"color\":\"gray\",\"italic\":false}"
                ],
                "minecraft:dyed_color": 2826786,
                "minecraft:custom_data": {
                  "armor": "basalt_deltas_boots"
                }
              }
            },
            {
              "function": "minecraft:set_attributes",
              "modifiers": [
                {
                  "id": "basalt_boots",
                  "attribute": "minecraft:generic.armor",
                  "name": "minecraft:generic.armor",
                  "amount": 2.5,
                  "operation": "add_value",
                  "slot": "feet"
                },
                {
                  "id": "basalt_boots",
                  "attribute": "minecraft:generic.armor_toughness",
                  "name": "minecraft:generic.armor_toughness",
                  "amount": 4,
                  "operation": "add_value",
                  "slot": "feet"
                }
              ]
            },
            {
              "function": "minecraft:set_enchantments",
              "enchantments": {
                "minecraft:protection": {
                  "min": 3,
                  "max": 6
                },
                "minecraft:projectile_protection": {
                  "min": 1,
                  "max": 3
                },
                "minecraft:blast_protection": {
                  "min": 10,
                  "max": 10
                }
              }
            }
          ]
        },
        {
          "type": "minecraft:item",
          "name": "minecraft:leather_boots",
          "functions": [
            {
              "function": "minecraft:set_components",
              "components": {
                "minecraft:repair_cost": 99999,
                "minecraft:unbreakable": {},
                "minecraft:custom_name": "{\"text\":\"Basalt Deltas Boots\",\"color\":\"gold\",\"italic\":false}",
                "minecraft:lore": [
                  "{\"text\":\" \"}",
                  "{\"text\":\"Ability:\",\"color\":\"green\",\"italic\":false}",
                  "{\"text\":\"When hit there is a 15% chance to grant \",\"color\":\"gray\",\"italic\":false}",
                  "{\"text\":\"the wearer Resistance II for 6 seconds\",\"color\":\"gray\",\"italic\":false}"
                ],
                "minecraft:dyed_color": 2826786,
                "minecraft:custom_data": {
                  "armor": "basalt_deltas_boots"
                }
              }
            },
            {
              "function": "minecraft:set_attributes",
              "modifiers": [
                {
                  "id": "basalt_boots",
                  "attribute": "minecraft:generic.armor",
                  "name": "minecraft:generic.armor",
                  "amount": 2.5,
                  "operation": "add_value",
                  "slot": "feet"
                },
                {
                  "id": "basalt_boots",
                  "attribute": "minecraft:generic.armor_toughness",
                  "name": "minecraft:generic.armor_toughness",
                  "amount": 4.5,
                  "operation": "add_value",
                  "slot": "feet"
                }
              ]
            },
            {
              "function": "minecraft:set_enchantments",
              "enchantments": {
                "minecraft:protection": {
                  "min": 3,
                  "max": 6
                },
                "minecraft:projectile_protection": {
                  "min": 1,
                  "max": 3
                },
                "minecraft:blast_protection": {
                  "min": 10,
                  "max": 10
                }
              }
            }
          ]
        },
        {
          "type": "minecraft:item",
          "name": "minecraft:leather_boots",
          "functions": [
            {
              "function": "minecraft:set_components",
              "components": {
                "minecraft:repair_cost": 99999,
                "minecraft:unbreakable": {},
                "minecraft:custom_name": "{\"text\":\"Basalt Deltas Boots\",\"color\":\"gold\",\"italic\":false}",
                "minecraft:lore": [
                  "{\"text\":\" \"}",
                  "{\"text\":\"Ability:\",\"color\":\"green\",\"italic\":false}",
                  "{\"text\":\"When hit there is a 15% chance to grant \",\"color\":\"gray\",\"italic\":false}",
                  "{\"text\":\"the wearer Resistance II for 6 seconds\",\"color\":\"gray\",\"italic\":false}"
                ],
                "minecraft:dyed_color": 2826786,
                "minecraft:custom_data": {
                  "armor": "basalt_deltas_boots"
                }
              }
            },
            {
              "function": "minecraft:set_attributes",
              "modifiers": [
                {
                  "id": "basalt_boots",
                  "attribute": "minecraft:generic.armor",
                  "name": "minecraft:generic.armor",
                  "amount": 2.5,
                  "operation": "add_value",
                  "slot": "feet"
                },
                {
                  "id": "basalt_boots",
                  "attribute": "minecraft:generic.armor_toughness",
                  "name": "minecraft:generic.armor_toughness",
                  "amount": 5,
                  "operation": "add_value",
                  "slot": "feet"
                }
              ]
            },
            {
              "function": "minecraft:set_enchantments",
              "enchantments": {
                "minecraft:protection": {
                  "min": 3,
                  "max": 6
                },
                "minecraft:projectile_protection": {
                  "min": 1,
                  "max": 3
                },
                "minecraft:blast_protection": {
                  "min": 10,
                  "max": 10
                }
              }
            }
          ]
        }
      ]
    }
  ]
}
