{
	"display":{
		"icon": {
			"item": "minecraft:leather",
			"nbt": "{CustomModelData:548105}"
		},
		"title": "Evokers",
		"description": "Illagers with mastery of summoning magic",
		"show_toast": true,
		"announce_to_chat": false,
		"hidden": true
	},
	"parent": "siscu:story/mansion",
	"criteria": {
		"0": {
			"trigger":"minecraft:tick",
			"conditions": {
				"player": [
				{
					"condition": "minecraft:entity_properties",
					"entity": "this",
					"predicate": {
						"type_specific":{
							"type": "player",
							"looking_at": {
								"type": "minecraft:evoker"
							}
						}
					}
				}
			]
			}
		}
	}
}