{
	"display":{
		"icon": {
			"item": "minecraft:mossy_cobblestone"
		},
		"title": "Jungle Ruins",
		"description": "The remnants of an ancient cast",
		"show_toast": true,
		"announce_to_chat": false,
		"hidden": true
	},
	"parent": "siscu:story/cloud",
	"criteria": {
		"0": {
			"trigger":"minecraft:location",
			"conditions": {
				"player": [
				{
					"condition": "minecraft:entity_properties",
					"entity": "this",
					"predicate": {
						"location": {
							"structure": "siscu:jungle_ruins"
						}
					}
				}
				]
			}
		}
	}
}