{
	"display":{
		"icon": {
			"item": "minecraft:dark_oak_planks"
		},
		"title": "The Mansion",
		"description": "Illager's base of operations and research site",
		"show_toast": true,
		"announce_to_chat": false,
		"hidden": true
	},
	"parent": "siscu:story/villagers_exiled",
	"criteria": {
		"0": {
			"trigger":"minecraft:location",
			"conditions": {
				"player": [
				{
					"condition": "minecraft:entity_properties",
					"entity": "this",
					"predicate": {
						"location": {
							"structure": "mansion"
						}
					}
				}
				]
			}
		}
	}
}