{
	"display":{
		"icon": {
			"item": "minecraft:nether_bricks"
		},
		"title": "Nether Fortress",
		"description": "A city of sorts, in the nether",
		"show_toast": false,
		"announce_to_chat": false,
		"hidden": true
	},
	"parent": "siscu:story/humans",
	"criteria": {
		"0": {
			"trigger":"minecraft:location",
			"conditions": {
				"player": [
				{
					"condition": "minecraft:entity_properties",
					"entity": "this",
					"predicate": {
						"location": {
							"structure": "siscu:nether_fortress"
						}
					}
				}
				]
			}
		}
	},
	"rewards": {
		"function": "siscu:advancement/find_fortress"
	}
}