{
	"display":{
		"icon": {
			"item": "minecraft:cobblestone"
		},
		"title": "Pillager Outpost",
		"description": "Illager settlements",
		"show_toast": true,
		"announce_to_chat": false,
		"hidden": true
	},
	"parent": "siscu:story/villagers_exiled",
	"criteria": {
		"0": {
			"conditions": {
				"player": [
				{
					"condition": "minecraft:entity_properties",
					"entity": "this",
					"predicate": {
						"location": {
							"structure": "minecraft:pillager_outpost"
						}
					}
				}
				]
			},
			"trigger": "minecraft:location"
		}
	}
}