{
	"display":{
		"icon": {
			"item": "minecraft:tipped_arrow",
			"nbt": "{CustomModelData:548101,CustomPotionColor:12624973,Color:12624973}"
		},
		"title": {"text": "Phage","font":"minecraft:illageralt"},
		"description": "An unforgiving venom",
		"show_toast": true,
		"announce_to_chat": false,
		"hidden": true
	},
	"parent": "siscu:story/mansion",
	"criteria": {
		"0": {
			"trigger":"minecraft:inventory_changed",
			"conditions": {
				"items": [
				{
					"items": ["tipped_arrow"],
					"nbt": "{CustomModelData:548101}"
				}
				]
			}
		}
	}
}