{
	"display":{
		"icon": {
			"item": "minecraft:leather",
			"nbt": "{CustomModelData:540020}"
		},
		"title": "Tapestry",
		"description": "Piglin decoration, usually hung on walls",
		"show_toast": true,
		"announce_to_chat": false,
		"hidden": true
	},
	"parent": "siscu:story/piglin_crevice",
	"criteria": {
        "0": {
            "trigger": "minecraft:inventory_changed",
			"conditions": {
				"items": [{
					"items": ["leather"],
					"nbt":"{CustomModelData:540001}"
				}]
			}
        },
        "1": {
            "trigger": "minecraft:inventory_changed",
			"conditions": {
				"items": [{
					"items": ["leather"],
					"nbt":"{CustomModelData:540002}"
				}]
			}
        },
        "2": {
            "trigger": "minecraft:inventory_changed",
			"conditions": {
				"items": [{
					"items": ["leather"],
					"nbt":"{CustomModelData:540003}"
				}]
			}
        },
        "3": {
            "trigger": "minecraft:inventory_changed",
			"conditions": {
				"items": [{
					"items": ["leather"],
					"nbt":"{CustomModelData:540004}"
				}]
			}
        },
        "20": {
            "trigger": "minecraft:inventory_changed",
			"conditions": {
				"items": [{
					"items": ["leather"],
					"nbt":"{CustomModelData:540020}"
				}]
			}
        },
        "21": {
            "trigger": "minecraft:inventory_changed",
			"conditions": {
				"items": [{
					"items": ["leather"],
					"nbt":"{CustomModelData:540021}"
				}]
			}
        },
        "22": {
            "trigger": "minecraft:inventory_changed",
			"conditions": {
				"items": [{
					"items": ["leather"],
					"nbt":"{CustomModelData:540022}"
				}]
			}
        },
        "23": {
            "trigger": "minecraft:inventory_changed",
			"conditions": {
				"items": [{
					"items": ["leather"],
					"nbt":"{CustomModelData:540023}"
				}]
			}
        }
	},
	"requirements": [["0","1","2","3","20","21","22","23"]]
}