{
	"display":{
		"icon": {
			"item": "minecraft:cracked_polished_blackstone_bricks"
		},
		"title": "Piglin Crevice",
		"description": "A split tower held together by chains",
		"show_toast": true,
		"announce_to_chat": false,
		"hidden": true
	},
	"parent": "siscu:story/piglins",
	"criteria": {
		"0": {
			"conditions": {
				"player": [
				{
					"condition": "minecraft:entity_properties",
					"entity": "this",
					"predicate": {
						"location": {
							"structure": "siscu:piglin_crevice"
						}
					}
				}
				]
			},
			"trigger": "minecraft:location"
		}
	}
}