{
	"display":{
		"icon": {
			"item": "minecraft:bone",
			"nbt": "{CustomModelData:548102}"
		},
		"title": "Ravagers",
		"description": "Disturbing beasts with enormous strength",
		"show_toast": true,
		"announce_to_chat": false,
		"hidden": true
	},
	"parent": "siscu:story/villagers_exiled",
	"criteria": {
		"0": {
			"trigger":"minecraft:tick",
			"conditions": {
				"player": [
				{
					"condition": "minecraft:entity_properties",
					"entity": "this",
					"predicate": {
						"type_specific": {
							"type": "player",
							"looking_at": {
								"type": "minecraft:ravager"
							}
						}
					}
				}
			]
			}
		}
	}
}