{
	"display":{
		"icon": {
			"item": "minecraft:lily_pad"
		},
		"title": "Swamp Hut",
		"description": "Witch hideouts",
		"show_toast": true,
		"announce_to_chat": false,
		"hidden": true
	},
	"parent": "siscu:story/witches",
	"criteria": {
		"0": {
			"trigger":"minecraft:location",
			"conditions": {
				"player": [
				{
					"condition": "minecraft:entity_properties",
					"entity": "this",
					"predicate": {
						"location": {
							"structure": "minecraft:swamp_hut"
						}
					}
				}
				]
			}
		},
		"1": {
			"trigger":"minecraft:location",
			"conditions": {
				"player": [
				{
					"condition": "minecraft:entity_properties",
					"entity": "this",
					"predicate": {
						"location": {
							"structure": "siscu:witch_hut_swamp"
						}
					}
				}
				]
			}
		},
		"2": {
			"trigger":"minecraft:location",
			"conditions": {
				"player": [
				{
					"condition": "minecraft:entity_properties",
					"entity": "this",
					"predicate": {
						"location": {
							"structure": "siscu:witch_hut_mangrove"
						}
					}
				}
				]
			}
		}
	},
	"requirements": [["0","1","2"]]
}