{
	"display":{
		"icon": {
			"item": "minecraft:bell"
		},
		"title": "Villages",
		"description": "Overworld Towns",
		"show_toast": true,
		"announce_to_chat": false,
		"hidden": true
	},
	"parent": "siscu:story/villagers",
	"criteria": {
		"0": {
			"trigger":"minecraft:location",
			"conditions": {
				"player": [
				{
					"condition": "minecraft:entity_properties",
					"entity": "this",
					"predicate": {
						"location": {
							"structure": "minecraft:village_desert"
						}
					}
				}
				]
			}
		},
		"1": {
			"trigger":"minecraft:location",
			"conditions": {
				"player": [
				{
					"condition": "minecraft:entity_properties",
					"entity": "this",
					"predicate": {
						"location": {
							"structure": "minecraft:village_plains"
						}
					}
				}
				]
			}
		},
		"2": {
			"trigger":"minecraft:location",
			"conditions": {
				"player": [
				{
					"condition": "minecraft:entity_properties",
					"entity": "this",
					"predicate": {
						"location": {
							"structure": "minecraft:village_savanna"
						}
					}
				}
				]
			}
		},
		"3": {
			"trigger":"minecraft:location",
			"conditions": {
				"player": [
				{
					"condition": "minecraft:entity_properties",
					"entity": "this",
					"predicate": {
						"location": {
							"structure": "minecraft:village_snowy"
						}
					}
				}
				]
			}
		},
		"4": {
			"trigger":"minecraft:location",
			"conditions": {
				"player": [
				{
					"condition": "minecraft:entity_properties",
					"entity": "this",
					"predicate": {
						"location": {
							"structure": "minecraft:village_taiga"
						}
					}
				}
				]
			}
		}
	},
	"requirements": [["0","1","2","3","4"]]
}