{
	"display":{
		"icon": {
			"item": "minecraft:wither_skeleton_skull"
		},
		"title": "Burnt",
		"description": "Skeletons in the nether eventually turn into wither skeletons",
		"show_toast": true,
		"announce_to_chat": false,
		"hidden": true
	},
	"parent": "siscu:story/withering_damage",
	"criteria": {
		"0": {
			"trigger":"minecraft:tick",
			"conditions": {
				"player": [
				{
					"condition": "minecraft:entity_properties",
					"entity": "this",
					"predicate": {
						"type_specific": {
							"type": "player",
							"looking_at": {
								"distance": {"absolute": {"min":1,"max":10}},
								"type": "minecraft:wither_skeleton",
								"nbt": "{Tags:[\"withered\"]}"
							}
						}
					}
				}
			]
			}
		}
	}
}