{
	"display":{
		"icon": {
			"item": "minecraft:leather",
			"nbt": "{CustomModelData:548114}"
		},
		"title": "Zombie Villagers",
		"description": "An infected villager",
		"show_toast": true,
		"announce_to_chat": false,
		"hidden": true
	},
	"parent": "siscu:story/villagers",
	"criteria": {
		"0": {
			"trigger":"minecraft:tick",
			"conditions": {
				"player": [
				{
					"condition": "minecraft:entity_properties",
					"entity": "this",
					"predicate": {
						"type_specific": {
							"type": "player",
							"looking_at": {
								"distance": {"absolute": {"min":1,"max":10}},
								"type": "minecraft:zombie_villager"
							}
						}
					}
				}
			]
			}
		}
	}
}