{
	"display":{
		"icon": {
			"item": "minecraft:rotten_flesh",
			"nbt": "{CustomModelData:548101}"
		},
		"title": "Drowned",
		"description": "An underwater infected human",
		"show_toast": true,
		"announce_to_chat": false,
		"hidden": true
	},
	"parent": "siscu:story/zombie_husk",
	"criteria": {
		"0": {
			"trigger":"minecraft:tick",
			"conditions": {
				"player": [
				{
					"condition": "minecraft:entity_properties",
					"entity": "this",
					"predicate": {
						"type_specific": {
							"type": "player",
							"looking_at": {
								"distance": {"absolute": {"min":1,"max":10}},
								"type": "minecraft:drowned"
							}
						}
					}
				}
			]
			}
		}
	}
}