{
    "parent": "wep:root",
    
    "criteria": {
        "e":{
            "trigger": "tick",
            "conditions": {
              "player": {
                "equipment": {
                    "mainhand": {
                        "nbt": "{CustomModelData:99992}"
                    }
                }
              }
                    
                }
                
             
                
             },
             "e1":{
                "trigger": "tick",
                "conditions": {
                  "player": {
                    "equipment": {
                        "mainhand": {
                            "nbt": "{CustomModelData:999901}"
                        }
                    }
                  }
                        
                    }
                    
                 
                    
                 }
            }
           
            
            
            
        
    ,
    "requirements": [
        ["e","e1"]
    ]
    ,

    "rewards": {
        "function": "wep:technical/two_handed/double_debuff"
    }

}