{
    "parent": "wep:root",
    
    "criteria": {
        "hit":{
            "trigger": "tick",
            "conditions": {
              "player": {
                "equipment": {
                    "mainhand": {
                        "nbt": "{CustomModelData:99995}"
                    }
                }
              }
                    
                }
                
             
                
             },
             "hit1":{
                "trigger": "tick",
                "conditions": {
                  "player": {
                    "equipment": {
                        "mainhand": {
                            "nbt": "{CustomModelData:99998}"
                        }
                    }
                  }
                        
                    }
                    
                 
                    
                 }
            }
           
            
            
            
        
    ,
    "requirements": [
        ["hit","hit1"]
    ]
    ,

    "rewards": {
        "function": "wep:technical/two_handed/debuff"
    }

}