{
  "condition": "minecraft:any_of",
  "terms": [
    {
      "condition": "minecraft:entity_properties",
      "entity": "this",
      "predicate": {
        "flags": {
          "is_sprinting": false
        },
        "equipment": {
          "mainhand": {
            "nbt": "{CustomModelData:999902}"
          }
        }
      }
    },
    {
      "condition": "minecraft:entity_properties",
      "entity": "this",
      "predicate": {
        "flags": {
          "is_sprinting": false
        },
        "equipment": {
          "mainhand": {
            "nbt": "{CustomModelData:999901}"
          }
        }
      }
    }
  ]
}
