{
  "pools": [
    {
      "rolls": {
        "min": {
          "type": "minecraft:score",
          "target": "this",
          "score": "mt.progression",
          "scale": 0.00002
        },
        "max": {
          "type": "minecraft:score",
          "target": "this",
          "score": "mt.progression",
          "scale": 0.000025
        }
      },
      "bonus_rolls": {
        "min": 1,
        "max": 6
      },
      "entries": [
        {
          "type": "minecraft:loot_table",
          "value": "mt:charms/epic",
          "conditions": [
            {
              "condition": "minecraft:value_check",
              "value": {
                "type": "minecraft:score",
                "target": {
                  "type": "minecraft:fixed",
                  "name": "#disable_epic_charm"
                },
                "score": "mt.constant"
              },
              "range": 0
            },
            {
              "condition": "minecraft:random_chance",
              "chance": 0.035
            }
          ]
        },
        {
          "type": "minecraft:item",
          "name": "minecraft:bone_block",
          "weight": 3,
          "functions": [
            {
              "function": "minecraft:set_count",
              "count": {
                "min": 3,
                "max": 6
              }
            }
          ],
          "conditions": [
            {
              "condition": "minecraft:entity_scores",
              "entity": "this",
              "scores": {
                "mt.progression": {
                  "max": 399999
                }
              }
            }
          ]
        },
        {
          "type": "minecraft:item",
          "name": "minecraft:fermented_spider_eye",
          "weight": 3,
          "functions": [
            {
              "function": "minecraft:set_count",
              "count": {
                "min": 6,
                "max": 6
              }
            }
          ],
          "conditions": [
            {
              "condition": "minecraft:entity_scores",
              "entity": "this",
              "scores": {
                "mt.progression": {
                  "max": 399999
                }
              }
            }
          ]
        },
        {
          "type": "item",
          "weight": 1,
          "name": "minecraft:splash_potion",
          "functions": [
            {
              "function": "set_count",
              "count": 1
            },
            {
              "function": "set_components",
              "components": {
                "minecraft:max_stack_size": 5,
                "minecraft:hide_additional_tooltip": {},
                "minecraft:potion_contents": {
                  "custom_color": 16722450,
                  "custom_effects": [
                    {
                      "id": "minecraft:unluck",
                      "amplifier": 194,
                      "duration": 4800,
                      "show_particles": false,
                      "show_icon": false,
                      "ambient": false
                    }
                  ]
                }
              }
            },
            {
              "function": "set_name",
              "name": [
                {
                  "color": "white",
                  "text": "Enlarge Potion",
                  "italic": false
                }
              ]
            },
            {
              "function": "set_lore",
              "lore": [
                {
                  "color": "blue",
                  "text": "Enlarge (04:00)",
                  "italic": false
                },
                {
                  "color": "gray",
                  "text": "Works on players only ",
                  "italic": false
                }
              ],
              "mode": "append"
            }
          ],
          "conditions": [
            {
              "condition": "minecraft:random_chance",
              "chance": 0.1
            }
          ]
        },
        {
          "type": "minecraft:item",
          "name": "minecraft:stick",
          "weight": 2,
          "functions": [
            {
              "function": "minecraft:set_components",
              "components": {
                "minecraft:custom_data": {
                  "spawn": "mt.slow_falling_cow"
                },
                "minecraft:enchantment_glint_override": true,
                "minecraft:food": {
                  "nutrition": 0,
                  "saturation": 0,
                  "can_always_eat": true,
                  "eat_seconds": 999999
                },
                "minecraft:fire_resistant": {},
                "minecraft:rarity": "rare",
                "minecraft:tool": {
                  "rules": [
                    {
                      "blocks": "#minecraft:base_stone_overworld",
                      "speed": 1,
                      "correct_for_drops": false
                    }
                  ]
                },
                "minecraft:max_stack_size": 16
              }
            },
            {
              "function": "minecraft:toggle_tooltips",
              "toggles": {
                "minecraft:attribute_modifiers": false
              }
            },
            {
              "function": "minecraft:set_name",
              "name": [
                {
                  "text": "Slow Falling Cow Spawn",
                  "color": "light_purple",
                  "italic": false
                }
              ]
            },
            {
              "function": "minecraft:set_lore",
              "lore": [
                {
                  "text": "  "
                },
                {
                  "text": "Spawns the Slow Falling cow",
                  "color": "gray",
                  "italic": false
                },
                {
                  "text": "which one can milk with bowls ",
                  "color": "gray",
                  "italic": false
                },
                {
                  "text": "for stew of Slow Falling.",
                  "color": "gray",
                  "italic": false
                }
              ],
               "mode": "replace_all"
            }
          ],
          "conditions": [
            {
              "condition": "minecraft:entity_scores",
              "entity": "this",
              "scores": {
                "mt.progression": {
                  "min": 350000
                }
              }
            }
          ]
        },
        {
          "type": "minecraft:item",
          "weight": 3,
          "name": "minecraft:mooshroom_spawn_egg",
          "functions": [
            {
              "function": "minecraft:set_count",
              "count": {
                "min": 1,
                "max": 1
              }
            },
            {
              "function": "minecraft:set_components",
              "components": {
                "minecraft:custom_name": "{\"text\":\"Mooshroom Spawn Egg\",\"color\":\"gold\",\"italic\":false}",
                "minecraft:lore": [
                  "{\"text\":\"Hint: use this on a spawner.\",\"color\":\"gray\",\"italic\":false}"
                ]
              }
            }
          ],
          "conditions": [
            {
              "condition": "minecraft:entity_scores",
              "entity": "this",
              "scores": {
                "mt.progression": {
                  "min": 500000
                }
              }
            },
            {
              "condition": "minecraft:random_chance",
              "chance": 0.1
            }
          ]
        },
        {
          "type": "minecraft:item",
          "name": "minecraft:crimson_fungus",
          "weight": 3,
          "functions": [
            {
              "function": "minecraft:set_count",
              "count": {
                "min": 2,
                "max": 4
              }
            }
          ],
          "conditions": [
            {
              "condition": "minecraft:entity_scores",
              "entity": "this",
              "scores": {
                "mt.progression": {
                  "max": 349999
                }
              }
            }
          ]
        },
        {
          "type": "minecraft:item",
          "name": "minecraft:warped_fungus",
          "weight": 3,
          "functions": [
            {
              "function": "minecraft:set_count",
              "count": {
                "min": 2,
                "max": 4
              }
            }
          ],
          "conditions": [
            {
              "condition": "minecraft:entity_scores",
              "entity": "this",
              "scores": {
                "mt.progression": {
                  "max": 349999
                }
              }
            }
          ]
        },
        {
          "type": "minecraft:item",
          "name": "minecraft:suspicious_stew",
          "weight": 2,
          "functions": [
            {
              "function": "minecraft:set_stew_effect",
              "effects": [
                {
                  "type": "minecraft:strength",
                  "duration": {
                    "min": 300,
                    "max": 600
                  }
                }
              ]
            },
            {
              "function": "set_name",
              "name": [
                {
                  "text": "Strength Stew",
                  "color": "aqua",
                  "italic": false
                }
              ]
            }
          ]
        },
        {
          "type": "minecraft:item",
          "name": "minecraft:stick",
          "weight": 2,
          "functions": [
            {
              "function": "minecraft:set_components",
              "components": {
                "minecraft:custom_data": {
                  "spawn": "mt.levitation_cow"
                },
                "minecraft:enchantment_glint_override": true,
                "minecraft:food": {
                  "nutrition": 0,
                  "saturation": 0,
                  "can_always_eat": true,
                  "eat_seconds": 999999
                },
                "minecraft:fire_resistant": {},
                "minecraft:rarity": "rare",
                "minecraft:tool": {
                  "rules": [
                    {
                      "blocks": "#minecraft:base_stone_overworld",
                      "speed": 1,
                      "correct_for_drops": false
                    }
                  ]
                },
                "minecraft:max_stack_size": 16
              }
            },
            {
              "function": "minecraft:toggle_tooltips",
              "toggles": {
                "minecraft:attribute_modifiers": false
              }
            },
            {
              "function": "minecraft:set_name",
              "name": [
                {
                  "text": "Levitation Cow Spawn",
                  "color": "light_purple",
                  "italic": false
                }
              ]
            },
            {
              "function": "minecraft:set_lore",
              "lore": [
                {
                  "text": "  "
                },
                {
                  "text": "Calls the Levitation cow",
                  "color": "gray",
                  "italic": false
                },
                {
                  "text": "which one can milk with bowls ",
                  "color": "gray",
                  "italic": false
                },
                {
                  "text": "for stew of Levitation.",
                  "color": "gray",
                  "italic": false
                }
              ],
               "mode": "replace_all"
            }
          ],
          "conditions": [
            {
              "condition": "minecraft:entity_scores",
              "entity": "this",
              "scores": {
                "mt.progression": {
                  "min": 350000
                }
              }
            }
          ]
        },
        {
          "type": "minecraft:item",
          "name": "minecraft:stick",
          "weight": 2,
          "functions": [
            {
              "function": "minecraft:set_components",
              "components": {
                "minecraft:custom_data": {
                  "spawn": "mt.health_boost_cow"
                },
                "minecraft:enchantment_glint_override": true,
                "minecraft:food": {
                  "nutrition": 0,
                  "saturation": 0,
                  "can_always_eat": true,
                  "eat_seconds": 999999
                },
                "minecraft:fire_resistant": {},
                "minecraft:rarity": "rare",
                "minecraft:tool": {
                  "rules": [
                    {
                      "blocks": "#minecraft:base_stone_overworld",
                      "speed": 1,
                      "correct_for_drops": false
                    }
                  ]
                },
                "minecraft:max_stack_size": 16
              }
            },
            {
              "function": "minecraft:toggle_tooltips",
              "toggles": {
                "minecraft:attribute_modifiers": false
              }
            },
            {
              "function": "minecraft:set_name",
              "name": [
                {
                  "text": "Health Boost Cow Spawn",
                  "color": "light_purple",
                  "italic": false
                }
              ]
            },
            {
              "function": "minecraft:set_lore",
              "lore": [
                {
                  "text": "  "
                },
                {
                  "text": "Calls the Health Boost cow",
                  "color": "gray",
                  "italic": false
                },
                {
                  "text": "which one can milk with bowls ",
                  "color": "gray",
                  "italic": false
                },
                {
                  "text": "for stew of Health Boost.",
                  "color": "gray",
                  "italic": false
                }
              ],
               "mode": "replace_all"
            }
          ],
          "conditions": [
            {
              "condition": "minecraft:entity_scores",
              "entity": "this",
              "scores": {
                "mt.progression": {
                  "min": 400000
                }
              }
            }
          ]
        }
      ]
    }
  ]
}
