{
  "pools": [
    {
      "rolls": {
        "min": {
          "type": "minecraft:score",
          "target": "this",
          "score": "mt.progression",
          "scale": 0.00002
        },
        "max": {
          "type": "minecraft:score",
          "target": "this",
          "score": "mt.progression",
          "scale": 0.000025
        }
      },
      "bonus_rolls": {
        "min": 1,
        "max": 6
      },
      "entries": [
        {
          "type": "minecraft:loot_table",
          "value": "mt:charms/epic",
          "conditions": [
            {
              "condition": "minecraft:value_check",
              "value": {
                "type": "minecraft:score",
                "target": {
                  "type": "minecraft:fixed",
                  "name": "#disable_epic_charm"
                },
                "score": "mt.constant"
              },
              "range": 0
            },
            {
              "condition": "minecraft:random_chance",
              "chance": 0.04
            }
          ]
        },
        {
          "type": "minecraft:item",
          "name": "minecraft:reinforced_deepslate",
          "weight": 1,
          "functions": [
            {
              "function": "minecraft:set_count",
              "count": {
                "min": 1,
                "max": 2
              }
            }
          ],
          "conditions": [
            {
              "condition": "minecraft:entity_scores",
              "entity": "this",
              "scores": {
                "mt.progression": {
                  "min": 400000
                }
              }
            }
          ]
        },
        {
          "type": "minecraft:item",
          "name": "minecraft:flint_and_steel",
          "weight": 2,
          "functions": [
            {
              "function": "minecraft:set_components",
              "components": {
                "minecraft:custom_data": {
                  "weapon": "soul_steel"
                }
              }
            },
            {
              "function": "set_name",
              "name": [
                {
                  "text": "Soul Flint and Steel",
                  "color": "aqua",
                  "italic": false
                }
              ]
            },
            {
              "function": "set_lore",
              "lore": [
                {
                  "text": "Ability:",
                  "color": "green",
                  "italic": false
                },
                {
                  "text": "Right Click on sculk-related blocks to",
                  "color": "gray",
                  "italic": false
                },
                {
                  "text": "clear a large area of them in an instant.",
                  "color": "gray",
                  "italic": false
                }
              ],
              "mode": "replace_all"
            },
            {
              "function": "minecraft:set_enchantments",
              "enchantments": {
                "minecraft:unbreaking": {
                  "min": 0,
                  "max": 7
                },
                "minecraft:mending": {
                  "min": 0,
                  "max": 1
                }
              }
            },
            {
              "function": "minecraft:set_damage",
              "damage": {
                "min": 10,
                "max": 60
              },
              "add": true
            }
          ]
        },
        {
          "type": "minecraft:item",
          "name": "minecraft:dried_kelp",
          "functions": [
            {
              "function": "minecraft:set_count",
              "count": {
                "min": 6,
                "max": 12
              }
            },
            {
              "function": "minecraft:set_components",
              "components": {
                  "minecraft:enchantment_glint_override": true,
                  "minecraft:max_stack_size": 99,
                  "minecraft:food": {
                    "nutrition": 2,
                    "saturation": 2,
                    "can_always_eat": true,
                    "eat_seconds": 1.5,
                    "effects": [
                      {
                        "effect": {
                          "id": "minecraft:strength",
                          "amplifier": 1,
                          "duration": 80,
                          "ambient": true,
                          "show_particles": true,
                          "show_icon": true
                        }
                      },
                      {
                        "effect": {
                          "id": "minecraft:speed",
                          "amplifier": 1,
                          "duration": 80,
                          "ambient": true,
                          "show_particles": true,
                          "show_icon": true
                        }
                      }
                    ]
                  },
                  "minecraft:lore": [
                    "{\"text\":\"Gives Strength II\",\"color\":\"gray\",\"italic\":false}",
                    "{\"text\":\"and Speed II or 4s \",\"color\":\"gray\",\"italic\":false}"
                  ],
                  "minecraft:custom_data": {
                    "food": "dark_meat"
                  }
              }
            },
            {
              "function": "minecraft:set_name",
              "name": [
                {
                  "text": "Dark Meat",
                  "color": "aqua",
                  "italic": false
                }
              ]
            }
          ],
          "conditions": [
            {
              "condition": "minecraft:entity_scores",
              "entity": "this",
              "scores": {
                "mt.progression": {
                  "min": 400000
                }
              }
            }
          ]
        },
        {
          "type": "minecraft:item",
          "name": "minecraft:deepslate_diamond_ore",
          "weight": 3,
          "functions": [
            {
              "function": "minecraft:set_count",
              "count": {
                "min": 5,
                "max": 10
              }
            }
          ]
        },
        {
          "type": "minecraft:item",
          "name": "minecraft:sculk_sensor",
          "weight": 3,
          "functions": [
            {
              "function": "minecraft:set_count",
              "count": {
                "min": 5,
                "max": 10
              }
            }
          ]
        },
        {
          "type": "minecraft:item",
          "name": "minecraft:wither_skeleton_skull",
          "weight": 2,
          "functions": [
            {
              "function": "minecraft:set_count",
              "count": {
                "min": 1,
                "max": 2
              }
            }
          ],
          "conditions": [
            {
              "condition": "minecraft:entity_scores",
              "entity": "this",
              "scores": {
                "mt.progression": {
                  "min": 399999
                }
              }
            }
          ]
        },
        {
          "type": "minecraft:item",
          "name": "minecraft:sculk_catalyst",
          "weight": 3,
          "functions": [
            {
              "function": "minecraft:set_count",
              "count": {
                "min": 5,
                "max": 10
              }
            }
          ]
        },
        {
          "type": "minecraft:item",
          "name": "minecraft:budding_amethyst",
          "weight": 2,
          "functions": [
            {
              "function": "minecraft:set_count",
              "count": {
                "min": 3,
                "max": 6
              }
            }
          ]
        },
        {
          "type": "minecraft:item",
          "name": "minecraft:soul_lantern",
          "weight": 2,
          "functions": [
            {
              "function": "minecraft:set_count",
              "count": {
                "min": 1,
                "max": 2
              }
            }
          ]
        },
        {
          "type": "minecraft:item",
          "name": "minecraft:netherite_pickaxe",
          "weight": 2,
          "functions": [
            {
              "function": "minecraft:set_enchantments",
              "enchantments": {
                "minecraft:silk_touch": {
                  "min": 0,
                  "max": 1
                },
                "minecraft:efficiency": {
                  "min": 2,
                  "max": 8
                },
                "minecraft:unbreaking": {
                  "min": 2,
                  "max": 8
                },
                "minecraft:mending": {
                  "min": 0,
                  "max": 1
                },
                "minecraft:sharpness": {
                  "min": 0,
                  "max": 3
                }
              }
            },
            {
              "function": "minecraft:set_attributes",
              "modifiers": [
                {
                  "id": "mine_treasure",
                  "attribute": "minecraft:generic.attack_speed",
                  "name": "minecraft:generic.attack_speed",
                  "amount": {
                    "min": 1.4,
                    "max": 1.4
                  },
                  "operation": "add_value",
                  "slot": "mainhand"
                },
                {
                  "id": "mine_treasure",
                  "attribute": "minecraft:generic.attack_speed",
                  "name": "minecraft:generic.attack_speed",
                  "amount": -4,
                  "operation": "add_value",
                  "slot": "mainhand"
                },
                {
                  "id": "mine_treasure",
                  "attribute": "minecraft:generic.attack_damage",
                  "name": "minecraft:generic.attack_damage",
                  "amount": {
                    "min": 6,
                    "max": 6
                  },
                  "operation": "add_value",
                  "slot": "mainhand"
                }
              ]
            },
            {
              "function": "minecraft:toggle_tooltips",
              "toggles": {
                "minecraft:attribute_modifiers": false
              }
            },
            {
              "function": "set_name",
              "name": [
                {
                  "text": "Deep Netherite Pickaxe",
                  "color": "light_purple",
                  "italic": false
                }
              ]
            },
            {
              "function": "minecraft:set_components",
              "components": {
                "minecraft:custom_data": {
                  "tool": "dpick"
                }
              }
            },
            {
              "function": "minecraft:set_lore",
              "lore": [
                {
                  "text": "  "
                },
                {
                  "text": "When in Main Hand:",
                  "color": "gray",
                  "italic": false
                },
                {
                  "text": " 7 Attack Damage",
                  "color": "dark_green",
                  "italic": false
                },
                {
                  "text": " 1.4 Attack Speed",
                  "color": "dark_green",
                  "italic": false
                }
              ],
               "mode": "replace_all"
            }
          ],
          "conditions": [
            {
              "condition": "minecraft:entity_scores",
              "entity": "this",
              "scores": {
                "mt.progression": {
                  "min": 400000
                }
              }
            }
          ]
        },
        {
          "type": "minecraft:item",
          "name": "minecraft:recovery_compass",
          "weight": 2,
          "functions": [
            {
              "function": "minecraft:set_count",
              "count": {
                "min": 1,
                "max": 1
              }
            }
          ]
        },
        {
          "type": "minecraft:item",
          "name": "minecraft:golden_apple",
          "weight": 2,
          "functions": [
            {
              "function": "minecraft:set_count",
              "count": {
                "min": 2,
                "max": 4
              }
            }
          ],
          "conditions": [
            {
              "condition": "minecraft:entity_scores",
              "entity": "this",
              "scores": {
                "mt.progression": {
                  "max": 3299999
                }
              }
            }
          ]
        },
        {
          "type": "minecraft:item",
          "name": "minecraft:enchanted_golden_apple",
          "weight": 1,
          "functions": [
            {
              "function": "minecraft:set_count",
              "count": {
                "min": 1,
                "max": 1
              }
            }
          ]
        }
      ]
    }
  ]
}
