{
  "parent": "wasd.crossbow:recipes/patron/14",
  "display": {
    "icon": {
      "item": "minecraft:clay_ball",
      "nbt": "{CustomModelData:6378214}"
    },
    "title": "Random Crossbow        ",
    "description": "\nStrong Healing Potion\nStrong Instant Damage Potion\nStrong Poison Potion\nStrong Regeneration Potion\nCrossbow\n",
    "frame": "goal",
    "show_toast": false,
    "announce_to_chat": false,
    "hidden": false
  },
  "criteria": {
    "requirement": {
      "trigger": "minecraft:tick"
    }
  }
}
