{
  "parent": "wasd.crossbow:recipes/patron/patreon",
  "display": {
    "icon": {
      "item": "minecraft:crossbow",
      "nbt": "{CustomModelData:6370104}"
    },
    "title": "Slime Crossbow",
    "description": "Launches foes into the air.",
    "frame": "goal",
    "show_toast": true,
    "announce_to_chat": false,
    "hidden": false
  },
  "criteria": {
    "requirement": {
      "trigger": "minecraft:inventory_changed",
      "conditions": {
        "items": [
          {
            "nbt": "{CustomModelData:6370104}",
            "items": [
              "minecraft:crossbow"
            ]
          }
        ]
      }
    }
  }
}
