{
  "condition": "minecraft:any_of",
  "terms": [
    {
      "condition": "minecraft:entity_properties",
      "entity": "this",
      "predicate": {
        "equipment": {
          "offhand": {
            "items": [
              "minecraft:shield"
            ],
            "nbt": "{CustomModelData:999905}"
          }
        }
      }
    },
    {
      "condition": "minecraft:entity_properties",
      "entity": "this",
      "predicate": {
        "equipment": {
          "offhand": {
            "items": [
              "minecraft:shield"
            ],
            "nbt": "{CustomModelData:999904}"
          }
        }
      }
    }
  ]
}
