{
  "display": {
    "icon": {
      "id": "minecraft:netherite_pickaxe"
    },
    "title": "Effiency 9+ Please...",
    "description": "Find the Deep Dark Netherite Pickaxe",
    "frame": "challenge",
    "show_toast": true,
    "announce_to_chat": true,
    "hidden": true
  },
  "parent": "mt:treasure_advancements/first_legendary_deepdark_treasure",
  "criteria": {
    "obtainchest": {
      "trigger": "minecraft:inventory_changed",
      "conditions": {
        "items": [
          {
            "items": [
              "minecraft:netherite_pickaxe"
            ],
            "predicates": {
  "minecraft:custom_data": "{tool:\"ddarkpick\"}"
      }          }
        ]
      }
    }
  }
}
