{  "parent": "wep:warfare_expanded/polearms/lance",
    "display": {
        "icon": {
            "item": "minecraft:diamond_sword",
            "nbt": "{CustomModelData:99995}"
            
        },
        "title": "Charge!",
        "description": "Land a Hit using a Lance at max Acceleration Boost",
        "announce_to_chat": true,
        "hidden": false,
        "show_toast": true,
        "frame": "challenge"
     
    },
    "criteria": {
        "wep":{
            "trigger": "player_hurt_entity",
            "conditions": {
               "player": {
                "nbt": "{Tags:['99lanceboost']}"
               }
            } 
        }
        
    },
    "rewards": {
        "experience": 150
    }
   

}