{  "parent": "wep:warfare_expanded/polearms/s_i_d",
    "display": {
        "icon": {
            "item": "minecraft:iron_axe",
            "nbt": "{CustomModelData:999901}"
            
        },
        "title": "Triple Threat",
        "description": "Mold a Halberd from any Material",
        "announce_to_chat": true,
        "hidden": false,
        "show_toast": true,
        "frame": "task"
     
    },
    "criteria": {
        "wep":{
            "trigger": "inventory_changed",
            "conditions": {
                "items": [
                    {"nbt": "{CustomModelData:999901}"}
                ]
            } 
        }
        
    }
   

}