{  "parent": "wep:warfare_expanded/w_i_a_b",
    "display": {
        "icon": {
            "item": "minecraft:stone_sword",
            "nbt": "{CustomModelData:99995}"
            
        },
        "title": "Strike it Down",
        "description": "Mold a W.E Polearm or Poleaxe",
        "announce_to_chat": false,
        "hidden": false,
        "show_toast": true,
        "frame": "goal"
     
    },
    "criteria": {
        "wep":{
            "trigger": "inventory_changed",
            "conditions": {
                "items": [{
                    "nbt": "{CustomModelData:99995}"
                }]
            }
            
           
        },
        "wep1":{
            "trigger": "inventory_changed",
            "conditions": {
                "items": [{
                    "nbt": "{CustomModelData:999901}"
                }]
            }
            
           
        }
    },
    "requirements": [
        ["wep","wep1"]
    ]
   

}