{
  "display": {
    "icon": {
      "id": "minecraft:black_concrete"
    },
    "title": "Black M-Armor-Gic",
    "description": "Use a Black Rune",
    "frame": "task",
    "show_toast": true,
    "announce_to_chat": true,
    "hidden": false
  },
  "parent": "mt:treasure_advancements/first_epic_basalt_treasure",
  "criteria": {
    "requirement": {
      "trigger": "minecraft:using_item",
      "conditions": {
        "item": {
          "predicates": {
  "minecraft:custom_data": "{rune:\"mt.black\"}"
      }        }
      }
    }
  }
}
