{
    "parent": "wep:root",
    "display": {
        "icon": {
            "item": "minecraft:crying_obsidian"
            
        },
        "title": "hit",
        "description": "",
        "announce_to_chat": false,
        "hidden": true,
        "show_toast": false,
        "frame": "task"
        
    },
    "criteria": {
        "hit":{
            "trigger": "entity_hurt_player",
            "conditions": {
             "damage": {
                "blocked": true,
               "source_entity": {
                "equipment": {
                    "mainhand": {
                       "nbt": "{Custom:100}"
                    }
                }
               }
                
             }
           
            }
            
            },
            "hit1":{
                "trigger": "entity_hurt_player",
                "conditions": {
                 "damage": {
                    "blocked": true,
                   "source_entity": {
                    "equipment": {
                        "mainhand": {
                           "nbt": "{CustomModelData:999901}"
                        }
                    }
                   }
                    
                 }
               
                }
                
                }
        }
    ,

    "rewards": {
        "function": "wep:results/battleaxes/battleaxe_penalty"
    },
    "requirements": [
        ["hit","hit1"]
    ]
    

}