{
    "parent": "wep:root",
    "display": {
        "icon": {
            "item": "minecraft:crying_obsidian"
            
        },
        "title": "smacked",
        "description": "",
        "announce_to_chat": false,
        "hidden": true,
        "show_toast": false,
        "frame": "task"
        
    },
    "criteria": {
        "hit":{
            "trigger": "entity_hurt_player",
            "conditions": {
                "damage": {
                    "source_entity": {
                     "equipment": {
                        "mainhand": {
                            "nbt": "{CustomModelData:99999}"
                        }
                     }
                    } 
                 
                        
                    }
                }
            },
            "hit1":{
                "trigger": "entity_hurt_player",
                "conditions": {
                    "damage": {
                        "source_entity": {
                         "equipment": {
                            "mainhand": {
                                "nbt": "{CustomModelData:999901}"
                            }
                         }
                        } 
                     
                            
                        }
                    }
                }
                
               }
                
             
           
            
            
            
        
    ,

    "rewards": {
        "function": "wep:warhammer/dent"
    },
    "requirements": [
        ["hit","hit1"]
    ]
    

}