{
    "parent": "wep:root",
    "display": {
        "icon": {
            "item": "minecraft:crying_obsidian"
            
        },
        "title": "charging",
        "description": "",
        "announce_to_chat": false,
        "hidden": true,
        "show_toast": false,
        "frame": "task"
        
    },
    "criteria": {
        "hit":{
            "trigger": "tick",
            "conditions": {
           "player": {
            "equipment": {"mainhand": {"nbt":"{CustomModelData:99995}"}},
            "flags": {"is_sprinting": true}
           }
                }
               }
                
             }
           
            
            
            
        
    ,

    "rewards": {
        "function": "wep:lance/lance_boost_detection"
    }
    

}