{  "parent": "wep:root",
    "display": {
        "icon": {
            "item": "minecraft:feather"
            
        },
        "title": "",
        "description": "",
        "announce_to_chat": false,
        "hidden": false,
        "show_toast": false,
        "frame": "task"
     
    },
    "criteria": {
        "wep":{
            "trigger": "location" ,
            "conditions": {
                "player": {
                    "nbt": "{ShoulderEntityLeft:{Tags:[captains]}}"
                
            }
        }}
        
    },
    "rewards": {
        "function": "wep:luck_buff"
    }


}