{
    "parent": "wep:root",
    
    "criteria": {
        "hit":{
            "trigger": "entity_hurt_player",
            "conditions": {
             "damage": {
                "blocked": true,
                "dealt":{
                    "min":9,
                    "max":100000
                },
               "source_entity": {
                "equipment": {
                    "mainhand": {
                       "nbt": "{CustomModelData:999903}"
                    }
                    
                    
                }
                
             
                
             }}
           
            }
            
            }
        }
    ,

    "rewards": {
        "function": "wep:technical/obsolescence/effect"
    }

}