{
    "parent": "wep:root",
    "display": {
        "icon": {
            "item": "minecraft:crying_obsidian"
            
        },
        "title": "hit",
        "description": "",
        "announce_to_chat": false,
        "hidden": true,
        "show_toast": false,
        "frame": "task"
        
    },

    "criteria": {
        "hit":{
            "trigger": "entity_hurt_player",
            "conditions": {
             "damage": {
                "blocked": true
                
             },
             "player": {
                "equipment": {
                    "offhand": {
                        "nbt": "{Obsolete:1b}"
                    }
                }
             }
           
            }
            
            },
            "hit1":{
                "trigger": "entity_hurt_player",
                "conditions": {
                 "damage": {
                    "blocked": true
                    
                 },
                 "player": {
                    "equipment": {
                        "mainhand": {
                            "nbt": "{Obsolete:1b}"
                        }
                    }
                 }
               
                }
                
                }
        }
            
            
            
        
    ,

    "rewards": {
        "function": "wep:technical/obsolescence/trigger"
    },
    "requirements": [
        ["hit","hit1"]
    ]
    

}