{
    "parent": "wep:root",
    "display": {
        "icon": {
            "item": "minecraft:crying_obsidian"
            
        },
        "title": "full",
        "description": "",
        "announce_to_chat": false,
        "hidden": true,
        "show_toast": false,
        "frame": "task"
        
    },
    "criteria": {
        "hit":{
            "trigger": "location",
           "conditions": {
            "player": {"equipment":{"mainhand":{"nbt":"{CustomModelData:99992}"}}}
           }
               }
                
             }
           
            ,
            
        
        
    

    "rewards": {
        "function": "wep:undead_health_full"
    }
    

}