{
  "display": {
    "icon": {
      "id": "minecraft:netherite_hoe"
    },
    "title": "Finally, a Healing Factor",
    "description": "Hit something with the Scythe of Souls",
    "frame": "challenge",
    "show_toast": true,
    "announce_to_chat": true,
    "hidden": false
  },
  "parent": "mt:treasure_advancements/first_legendary_soulvalley_treasure",
  "criteria": {
    "requirement": {
      "trigger": "minecraft:player_hurt_entity",
      "conditions": {
        "player": [
          {
            "condition": "minecraft:entity_properties",
            "entity": "this",
            "predicate": {
              "flags": {},
              "equipment": {
                "mainhand": {
                  "predicates": {
  "minecraft:custom_data": "{weapon:\"soul_scythe\"}"
      }                }
              }
            }
          }
        ],
        "damage": {
          "type": {
            "is_explosion": false,
            "is_fire": false,
            "is_magic": false,
            "is_projectile": false,
            "is_lightning": false,
            "bypasses_armor": false,
            "bypasses_invulnerability": false,
            "bypasses_magic": false
          }
        }
      }
    }
  }
}
