{
	"providers":[
		{
			"type": "bitmap",
			"file": "siscu_se:font/icons/redstone_dust_line_off.png",
			"ascent": 16,
			"height": 16,
			"chars": [
				"\u006F"
			]
		},
		{
			"type": "bitmap",
			"file": "siscu_se:font/icons/redstone_dust_line_on.png",
			"ascent": 16,
			"height": 16,
			"chars": [
				"\u004F"
			]
		},
		{
			"type": "bitmap",
			"file": "minecraft:block/daylight_detector_top.png",
			"ascent": 16,
			"height": 16,
			"chars": [
				"\u0053"
			]
		},
		{
			"type": "bitmap",
			"file": "minecraft:block/redstone_lamp.png",
			"ascent": 16,
			"height": 16,
			"chars": [
				"\u006c"
			]
		},
		{
			"type": "bitmap",
			"file": "minecraft:block/redstone_lamp_on.png",
			"ascent": 16,
			"height": 16,
			"chars": [
				"\u004c"
			]
		},
		{
			"type": "bitmap",
			"file": "siscu_se:item/spawn_eggs/lush_zombie.png",
			"ascent": 11,
			"height": 16,
			"chars": [
				"\u0101"
			]
		},
		{
			"type": "bitmap",
			"file": "siscu_se:item/spawn_eggs/amethyst_zombie.png",
			"ascent": 11,
			"height": 16,
			"chars": [
				"\u0102"
			]
		},
		{
			"type": "bitmap",
			"file": "siscu_se:item/spawn_eggs/dripstone_zombie.png",
			"ascent": 11,
			"height": 16,
			"chars": [
				"\u0103"
			]
		},
		{
			"type": "bitmap",
			"file": "siscu_se:item/spawn_eggs/infected_zombie.png",
			"ascent": 11,
			"height": 16,
			"chars": [
				"\u0104"
			]
		},
		{
			"type": "bitmap",
			"file": "siscu_se:item/spawn_eggs/stray_zombie.png",
			"ascent": 11,
			"height": 16,
			"chars": [
				"\u0105"
			]
		},
		{
			"type": "bitmap",
			"file": "siscu_se:item/spawn_eggs/villager_skeleton.png",
			"ascent": 11,
			"height": 16,
			"chars": [
				"\u0201"
			]
		},
		{
			"type": "bitmap",
			"file": "siscu_se:item/spawn_eggs/piglin_skeleton.png",
			"ascent": 11,
			"height": 16,
			"chars": [
				"\u0202"
			]
		},
		{
			"type": "bitmap",
			"file": "siscu_se:item/spawn_eggs/husk_skeleton.png",
			"ascent": 11,
			"height": 16,
			"chars": [
				"\u0203"
			]
		},
		{
			"type": "bitmap",
			"file": "siscu_se:item/spawn_eggs/villager_wither_skeleton.png",
			"ascent": 11,
			"height": 16,
			"chars": [
				"\u0301"
			]
		},
		{
			"type": "bitmap",
			"file": "siscu_se:item/spawn_eggs/piglin_wither_skeleton.png",
			"ascent": 11,
			"height": 16,
			"chars": [
				"\u0302"
			]
		}
	]
}