{
  "type": "minecraft:archaeology",
  "pools": [
    {
      "bonus_rolls": 0.0,
      "entries": [
        {
          "type": "minecraft:loot_table",
          "name": "siscu:archaeology/village_ruins_house_shards_reference",
          "weight": 12
        },
        {
          "type": "minecraft:loot_table",
          "name": "siscu:archaeology/village_ruins_house_trims_reference",
          "weight": 7
        },
        {
          "type": "minecraft:loot_table",
          "name": "siscu:archaeology/village_ruins_house_discs_reference",
          "weight": 4
        },
        {
          "type": "minecraft:item",
          "name": "minecraft:skeleton_skull",
          "weight": 10
        },
        {
          "type":"minecraft:loot_table",
          "name":"siscu:groups/tools/axes",
          "functions":[
            {
              "function": "minecraft:set_damage",
              "damage": {"min":0.1,"max":0.9}
            }
          ],
          "weight": 6
        },
        {
          "type":"minecraft:loot_table",
          "name":"siscu:groups/tools/shovels",
          "functions":[
            {
              "function": "minecraft:set_damage",
              "damage": {"min":0.1,"max":0.9}
            }
          ],
          "weight": 8
        },
        {
          "type":"minecraft:loot_table",
          "name":"siscu:groups/tools/pickaxes",
          "functions":[
            {
              "function": "minecraft:set_damage",
              "damage": {"min":0.1,"max":0.9}
            }
          ],
          "weight": 6
        },
        {
          "type":"minecraft:item",
          "name":"minecraft:bone",
          "weight": 10
        },
        {
          "type":"minecraft:item",
          "name":"minecraft:iron_nugget",
          "weight": 8
        },
        {
          "type":"minecraft:item",
          "name":"minecraft:gold_nugget",
          "weight": 9
        },
        {
          "type":"minecraft:item",
          "name":"minecraft:emerald",
          "weight": 10
        },
        {
          "type":"minecraft:item",
          "name":"minecraft:lapis_lazuli",
          "weight": 10
        }
      ],
      "rolls": 1.0
    }
  ]
}