{
    "sources": [
        {
            "type": "directory",
            "source": "block",
            "prefix": "block/"
        },
        {
            "type": "directory",
            "source": "item",
            "prefix": "item/"
        },
        {
            "type": "directory",
            "source": "entity",
            "prefix": "entity/"
        },
        {
            "type": "directory",
            "source": "models",
            "prefix": "models/"
        },
        {
            "type": "single",
            "resource": "entity/bell/bell_body"
        },
        {
            "type": "single",
            "resource": "entity/enchanting_table_book"
        }
    ]
}