{"stats":{"minecraft:used":{"minecraft:oak_fence":133,"minecraft:oak_trapdoor":4,"minecraft:stone_sword":159,"minecraft:flint_and_steel":4,"minecraft:oak_sign":3,"minecraft:chest":1,"minecraft:spruce_planks":1,"minecraft:shield":30,"minecraft:rotten_flesh":14,"minecraft:stone_hoe":90,"minecraft:torch":28,"minecraft:dirt":48,"minecraft:mutton":3,"minecraft:lava_bucket":17,"minecraft:iron_axe":177,"minecraft:bow":3,"minecraft:furnace":2,"minecraft:cooked_beef":4,"minecraft:golden_axe":8,"minecraft:wheat_seeds":80,"minecraft:cooked_mutton":2,"minecraft:water_bucket":26,"minecraft:stone_pickaxe":249,"minecraft:oak_planks":62,"minecraft:wooden_pickaxe":4,"minecraft:blue_bed":1,"minecraft:sugar_cane":11,"minecraft:cookie":5,"minecraft:crafting_table":4,"minecraft:blast_furnace":1,"minecraft:campfire":2,"minecraft:smoker":1,"minecraft:oak_log":6,"minecraft:bread":4,"minecraft:iron_pickaxe":67,"minecraft:stone_axe":69,"minecraft:wooden_sword":34,"minecraft:cobblestone":66,"minecraft:porkchop":2,"minecraft:cooked_porkchop":5,"minecraft:bucket":44,"minecraft:bone_meal":42},"minecraft:broken":{"minecraft:stone_pickaxe":1},"minecraft:killed":{"minecraft:spider":6,"minecraft:skeleton":9,"minecraft:drowned":1,"minecraft:pig":4,"minecraft:creeper":1,"minecraft:sheep":2,"minecraft:zombie":15,"minecraft:cow":1,"minecraft:enderman":1},"minecraft:crafted":{"minecraft:wooden_sword":1,"minecraft:cookie":8,"minecraft:oak_planks":350,"minecraft:smooth_stone":5,"minecraft:oak_sign":9,"minecraft:furnace":1,"minecraft:blast_furnace":1,"minecraft:stone":5,"minecraft:bone_meal":42,"minecraft:cooked_mutton":1,"minecraft:flint_and_steel":1,"minecraft:oak_trapdoor":2,"minecraft:iron_axe":1,"minecraft:ladder":48,"minecraft:stone_pickaxe":2,"minecraft:chest":1,"minecraft:stone_hoe":1,"minecraft:oak_fence":123,"minecraft:smoker":1,"minecraft:oak_slab":6,"minecraft:cooked_porkchop":5,"minecraft:crafting_table":3,"minecraft:spruce_planks":72,"minecraft:wooden_pickaxe":1,"minecraft:blue_bed":1,"minecraft:bucket":1,"minecraft:birch_planks":24,"minecraft:campfire":2,"minecraft:stone_axe":1,"minecraft:bread":4,"minecraft:air":0,"minecraft:jungle_planks":24,"minecraft:blue_dye":4,"minecraft:shield":1,"minecraft:stick":312,"minecraft:iron_ingot":12,"minecraft:wooden_axe":1,"minecraft:stone_sword":1,"minecraft:blue_wool":3,"minecraft:torch":42},"minecraft:picked_up":{"minecraft:wooden_axe":1,"minecraft:cocoa_beans":10,"minecraft:charcoal":8,"minecraft:crafting_table":8,"minecraft:wheat":39,"minecraft:azure_bluet":1,"minecraft:wooden_pickaxe":1,"minecraft:shield":5,"minecraft:cornflower":4,"minecraft:string":21,"minecraft:oak_trapdoor":2,"minecraft:iron_axe":4,"minecraft:wooden_sword":4,"minecraft:flint_and_steel":1,"minecraft:smooth_stone":3,"minecraft:bucket":1,"minecraft:spruce_planks":25,"minecraft:poppy":6,"minecraft:iron_pickaxe":4,"minecraft:sugar_cane":22,"minecraft:furnace":3,"minecraft:egg":6,"minecraft:blue_wool":1,"minecraft:stick":135,"minecraft:oak_fence":33,"minecraft:torch":166,"minecraft:porkchop":7,"minecraft:diorite":3,"minecraft:carrot":3,"minecraft:golden_chestplate":2,"minecraft:stone_sword":5,"minecraft:arrow":30,"minecraft:rotten_flesh":31,"minecraft:peony":7,"minecraft:mutton":3,"minecraft:cobblestone":364,"minecraft:white_wool":6,"minecraft:stripped_oak_log":1,"minecraft:birch_log":6,"minecraft:cooked_beef":2,"minecraft:lilac":6,"minecraft:jungle_log":6,"minecraft:water_bucket":5,"minecraft:andesite":39,"minecraft:leather":4,"minecraft:golden_leggings":2,"minecraft:flint":1,"minecraft:oak_log":161,"minecraft:gunpowder":3,"minecraft:dirt":323,"minecraft:cooked_mutton":1,"minecraft:bone":13,"minecraft:bow":4,"minecraft:wheat_seeds":245,"minecraft:oak_fence_gate":4,"minecraft:iron_ore":25,"minecraft:stone_pickaxe":6,"minecraft:iron_ingot":2,"minecraft:oak_planks":200,"minecraft:stone_hoe":5,"minecraft:oak_slab":12,"minecraft:dandelion":11,"minecraft:gravel":9,"minecraft:sand":1,"minecraft:spruce_log":18,"minecraft:spider_eye":3,"minecraft:leather_helmet":1,"minecraft:stone_axe":4,"minecraft:granite":20,"minecraft:bread":4,"minecraft:oak_sapling":15,"minecraft:coal":116},"minecraft:custom":{"minecraft:mob_kills":40,"minecraft:animals_bred":12,"minecraft:interact_with_crafting_table":49,"minecraft:leave_game":2,"minecraft:time_since_death":25857,"minecraft:sprint_one_cm":239050,"minecraft:walk_one_cm":666557,"minecraft:damage_blocked_by_shield":1375,"minecraft:drop":8,"minecraft:deaths":7,"minecraft:sneak_time":400,"minecraft:walk_under_water_one_cm":6496,"minecraft:jump":3788,"minecraft:interact_with_blast_furnace":5,"minecraft:walk_on_water_one_cm":27602,"minecraft:interact_with_furnace":40,"minecraft:play_one_minute":141759,"minecraft:sleep_in_bed":2,"minecraft:time_since_rest":7288,"minecraft:damage_taken":3094,"minecraft:damage_dealt":6979,"minecraft:swim_one_cm":39607,"minecraft:fly_one_cm":687376,"minecraft:open_chest":37,"minecraft:crouch_one_cm":2245,"minecraft:interact_with_smoker":6,"minecraft:fall_one_cm":92810},"minecraft:mined":{"minecraft:oak_sapling":1,"minecraft:granite":12,"minecraft:grass_block":37,"minecraft:jungle_log":6,"minecraft:spruce_leaves":7,"minecraft:large_fern":1,"minecraft:smooth_stone":1,"minecraft:furnace":3,"minecraft:iron_ore":25,"minecraft:fire":3,"minecraft:andesite":18,"minecraft:peony":8,"minecraft:vine":1,"minecraft:stripped_oak_log":1,"minecraft:stone":147,"minecraft:dandelion":5,"minecraft:oak_fence":33,"minecraft:cornflower":5,"minecraft:crafting_table":3,"minecraft:torch":2,"minecraft:poppy":6,"minecraft:campfire":1,"minecraft:cobblestone":3,"minecraft:tall_grass":28,"minecraft:sugar_cane":5,"minecraft:oak_planks":29,"minecraft:diorite":3,"minecraft:wall_torch":11,"minecraft:wheat":39,"minecraft:lilac":8,"minecraft:spruce_log":20,"minecraft:grass":141,"minecraft:coal_ore":56,"minecraft:oak_log":110,"minecraft:cocoa":1,"minecraft:oak_fence_gate":2,"minecraft:gravel":10,"minecraft:sand":1,"minecraft:dirt":18,"minecraft:oak_leaves":15},"minecraft:killed_by":{"minecraft:creeper":1,"minecraft:skeleton":3,"minecraft:zombie":2},"minecraft:dropped":{"minecraft:water_bucket":2,"minecraft:oak_log":12,"minecraft:cobblestone":32,"minecraft:granite":2,"minecraft:spruce_planks":20,"minecraft:bow":1,"minecraft:stone_pickaxe":1}},"DataVersion":2586}