{"stats":{"minecraft:used":{"minecraft:oak_trapdoor":9,"minecraft:oak_fence":72,"minecraft:stone_sword":149,"minecraft:iron_shovel":251,"minecraft:flint_and_steel":1,"minecraft:shield":45,"minecraft:chest":3,"minecraft:iron_sword":58,"minecraft:rotten_flesh":37,"minecraft:cooked_chicken":2,"minecraft:torch":18,"minecraft:dirt":13,"minecraft:white_carpet":3,"minecraft:salmon_bucket":5,"minecraft:oak_fence_gate":9,"minecraft:glass":50,"minecraft:iron_axe":13,"minecraft:oak_stairs":4,"minecraft:bow":11,"minecraft:oak_sapling":2,"minecraft:furnace":4,"minecraft:egg":14,"minecraft:wheat_seeds":28,"minecraft:cooked_mutton":2,"minecraft:stone_pickaxe":241,"minecraft:oak_planks":1,"minecraft:wooden_pickaxe":59,"minecraft:sugar_cane":10,"minecraft:blue_bed":2,"minecraft:crafting_table":4,"minecraft:black_bed":1,"minecraft:bread":1,"minecraft:iron_pickaxe":60,"minecraft:gravel":361,"minecraft:stone_axe":86,"minecraft:cobblestone":7,"minecraft:cooked_porkchop":2,"minecraft:bucket":4},"minecraft:broken":{"minecraft:iron_shovel":1,"minecraft:stone_sword":1,"minecraft:wooden_pickaxe":1,"minecraft:stone_pickaxe":2},"minecraft:killed":{"minecraft:spider":5,"minecraft:horse":2,"minecraft:skeleton":9,"minecraft:chicken":2,"minecraft:pig":5,"minecraft:zombie_villager":1,"minecraft:creeper":5,"minecraft:sheep":5,"minecraft:zombie":23,"minecraft:cow":2},"minecraft:crafted":{"minecraft:oak_planks":278,"minecraft:fishing_rod":1,"minecraft:cooked_chicken":2,"minecraft:furnace":3,"minecraft:white_carpet":3,"minecraft:cooked_mutton":6,"minecraft:oak_trapdoor":7,"minecraft:flint_and_steel":1,"minecraft:glass":50,"minecraft:bow":1,"minecraft:iron_axe":1,"minecraft:stone_pickaxe":2,"minecraft:chest":3,"minecraft:oak_fence":58,"minecraft:cooked_beef":2,"minecraft:cooked_porkchop":11,"minecraft:crafting_table":3,"minecraft:wooden_pickaxe":1,"minecraft:iron_sword":1,"minecraft:leather_helmet":1,"minecraft:stone_axe":1,"minecraft:bread":1,"minecraft:air":0,"minecraft:oak_fence_gate":8,"minecraft:shield":1,"minecraft:stick":160,"minecraft:iron_ingot":16,"minecraft:iron_pickaxe":3,"minecraft:oak_stairs":2,"minecraft:stone_sword":1,"minecraft:iron_shovel":1,"minecraft:black_bed":1,"minecraft:torch":186,"minecraft:shears":1},"minecraft:picked_up":{"minecraft:fishing_rod":1,"minecraft:crafting_table":1,"minecraft:wheat":4,"minecraft:chicken":2,"minecraft:shield":2,"minecraft:cornflower":1,"minecraft:oak_trapdoor":7,"minecraft:string":6,"minecraft:iron_axe":2,"minecraft:flint_and_steel":2,"minecraft:iron_shovel":1,"minecraft:spruce_planks":42,"minecraft:beef":8,"minecraft:iron_pickaxe":4,"minecraft:sugar_cane":12,"minecraft:furnace":2,"minecraft:egg":11,"minecraft:stick":10,"minecraft:oak_fence":10,"minecraft:torch":9,"minecraft:porkchop":17,"minecraft:stone_sword":3,"minecraft:arrow":27,"minecraft:rotten_flesh":50,"minecraft:mutton":7,"minecraft:white_wool":5,"minecraft:cobblestone":209,"minecraft:water_bucket":2,"minecraft:andesite":15,"minecraft:leather":9,"minecraft:birch_planks":1,"minecraft:flint":27,"minecraft:oak_log":70,"minecraft:gunpowder":4,"minecraft:dirt":230,"minecraft:blue_bed":2,"minecraft:cooked_mutton":3,"minecraft:glass":1,"minecraft:bone":13,"minecraft:apple":1,"minecraft:bow":1,"minecraft:wheat_seeds":57,"minecraft:iron_ingot":2,"minecraft:stone_pickaxe":2,"minecraft:oak_fence_gate":3,"minecraft:iron_ore":16,"minecraft:oak_planks":69,"minecraft:iron_sword":2,"minecraft:cooked_porkchop":4,"minecraft:dandelion":3,"minecraft:gravel":370,"minecraft:sand":53,"minecraft:spider_eye":1,"minecraft:leather_helmet":1,"minecraft:stone_axe":2,"minecraft:granite":2,"minecraft:gray_wool":2,"minecraft:oak_sapling":3,"minecraft:black_wool":3,"minecraft:coal":126},"minecraft:custom":{"minecraft:mob_kills":59,"minecraft:animals_bred":3,"minecraft:interact_with_crafting_table":41,"minecraft:leave_game":2,"minecraft:time_since_death":13741,"minecraft:sprint_one_cm":254508,"minecraft:walk_one_cm":689309,"minecraft:damage_blocked_by_shield":2185,"minecraft:drop":17,"minecraft:deaths":4,"minecraft:sneak_time":1,"minecraft:walk_under_water_one_cm":11780,"minecraft:jump":2473,"minecraft:interact_with_blast_furnace":5,"minecraft:walk_on_water_one_cm":22731,"minecraft:interact_with_furnace":35,"minecraft:play_one_minute":152667,"minecraft:sleep_in_bed":1,"minecraft:time_since_rest":13795,"minecraft:damage_taken":2249,"minecraft:damage_dealt":8910,"minecraft:fly_one_cm":270177,"minecraft:swim_one_cm":1828,"minecraft:open_chest":29,"minecraft:interact_with_smoker":10,"minecraft:fall_one_cm":42797},"minecraft:mined":{"minecraft:granite":2,"minecraft:grass_block":59,"minecraft:oak_trapdoor":1,"minecraft:furnace":1,"minecraft:iron_ore":16,"minecraft:fire":1,"minecraft:andesite":14,"minecraft:stone":143,"minecraft:oak_fence":10,"minecraft:crafting_table":1,"minecraft:torch":1,"minecraft:glass":3,"minecraft:tall_grass":14,"minecraft:cobblestone":5,"minecraft:sugar_cane":11,"minecraft:blue_bed":2,"minecraft:wall_torch":7,"minecraft:wheat":6,"minecraft:birch_leaves":1,"minecraft:grass":35,"minecraft:coal_ore":115,"minecraft:oak_log":69,"minecraft:oak_fence_gate":1,"minecraft:gravel":217,"minecraft:sand":50,"minecraft:dirt":57,"minecraft:oak_leaves":10},"minecraft:killed_by":{"minecraft:creeper":2,"minecraft:skeleton":1,"minecraft:zombie":1},"minecraft:dropped":{"minecraft:wheat_seeds":2,"minecraft:granite":2,"minecraft:dirt":13,"minecraft:torch":8,"minecraft:iron_pickaxe":1,"minecraft:cooked_mutton":1,"minecraft:spider_eye":1,"minecraft:glass":1}},"DataVersion":2586}