{"stats":{"minecraft:used":{"minecraft:oak_trapdoor":3,"minecraft:oak_fence":8,"minecraft:wheat_seeds":42,"minecraft:cooked_mutton":4,"minecraft:birch_planks":57,"minecraft:stone_pickaxe":133,"minecraft:stone_shovel":136,"minecraft:shield":11,"minecraft:sugar_cane":7,"minecraft:cooked_salmon":4,"minecraft:blue_bed":1,"minecraft:stone_hoe":65,"minecraft:rotten_flesh":4,"minecraft:white_wool":1,"minecraft:torch":29,"minecraft:dirt":116,"minecraft:oak_slab":1,"minecraft:crafting_table":1,"minecraft:carrot":44,"minecraft:granite":1,"minecraft:oak_log":1,"minecraft:iron_pickaxe":52,"minecraft:gravel":1,"minecraft:barrel":1,"minecraft:stone_axe":205,"minecraft:wooden_sword":4,"minecraft:cobblestone":35,"minecraft:oak_sapling":9,"minecraft:andesite":8,"minecraft:egg":2,"minecraft:bone_meal":15,"minecraft:smooth_stone":2},"minecraft:broken":{"minecraft:stone_pickaxe":1,"minecraft:stone_axe":1,"minecraft:stone_shovel":1},"minecraft:killed":{"minecraft:pig":1,"minecraft:salmon":16,"minecraft:spider":1,"minecraft:creeper":1,"minecraft:sheep":4,"minecraft:skeleton":3,"minecraft:zombie":10,"minecraft:chicken":1},"minecraft:crafted":{"minecraft:wooden_sword":1,"minecraft:oak_slab":6,"minecraft:oak_planks":188,"minecraft:stone_shovel":1,"minecraft:barrel":1,"minecraft:crafting_table":1,"minecraft:blue_bed":1,"minecraft:cooked_salmon":13,"minecraft:bone_meal":15,"minecraft:birch_planks":68,"minecraft:stone_axe":2,"minecraft:cooked_mutton":6,"minecraft:air":0,"minecraft:oak_trapdoor":2,"minecraft:shield":1,"minecraft:stick":48,"minecraft:iron_ingot":9,"minecraft:iron_pickaxe":1,"minecraft:stone_pickaxe":1,"minecraft:white_bed":1,"minecraft:torch":84,"minecraft:stone_hoe":1},"minecraft:picked_up":{"minecraft:birch_log":23,"minecraft:wheat":28,"minecraft:chicken":1,"minecraft:andesite":17,"minecraft:salmon":13,"minecraft:birch_planks":10,"minecraft:oak_log":53,"minecraft:gunpowder":4,"minecraft:dirt":143,"minecraft:string":3,"minecraft:oak_trapdoor":1,"minecraft:bone":6,"minecraft:wheat_seeds":133,"minecraft:smooth_stone":1,"minecraft:stone_pickaxe":1,"minecraft:sugar_cane":7,"minecraft:egg":3,"minecraft:oak_fence":10,"minecraft:torch":6,"minecraft:dandelion":3,"minecraft:gravel":3,"minecraft:porkchop":2,"minecraft:ink_sac":2,"minecraft:carrot":44,"minecraft:spider_eye":2,"minecraft:arrow":10,"minecraft:rotten_flesh":8,"minecraft:granite":10,"minecraft:oak_sapling":2,"minecraft:mutton":6,"minecraft:coal":42,"minecraft:white_wool":5,"minecraft:cobblestone":113,"minecraft:ender_pearl":2},"minecraft:custom":{"minecraft:interact_with_furnace":9,"minecraft:mob_kills":37,"minecraft:interact_with_crafting_table":9,"minecraft:open_barrel":3,"minecraft:play_one_minute":65538,"minecraft:leave_game":3,"minecraft:time_since_death":56260,"minecraft:time_since_rest":56283,"minecraft:sprint_one_cm":89820,"minecraft:damage_taken":1670,"minecraft:walk_one_cm":299357,"minecraft:damage_blocked_by_shield":390,"minecraft:drop":2,"minecraft:damage_dealt":4218,"minecraft:swim_one_cm":5219,"minecraft:fly_one_cm":71365,"minecraft:open_chest":8,"minecraft:crouch_one_cm":836,"minecraft:deaths":4,"minecraft:sneak_time":390,"minecraft:walk_under_water_one_cm":12202,"minecraft:jump":641,"minecraft:interact_with_blast_furnace":2,"minecraft:walk_on_water_one_cm":10402,"minecraft:interact_with_smoker":5,"minecraft:fall_one_cm":12129},"minecraft:mined":{"minecraft:farmland":19,"minecraft:dandelion":2,"minecraft:oak_fence":10,"minecraft:torch":1,"minecraft:granite":11,"minecraft:grass_block":69,"minecraft:tall_grass":24,"minecraft:cobblestone":35,"minecraft:sugar_cane":7,"minecraft:seagrass":1,"minecraft:smooth_stone":1,"minecraft:birch_planks":11,"minecraft:oak_trapdoor":1,"minecraft:carrots":11,"minecraft:birch_log":23,"minecraft:wheat":68,"minecraft:andesite":17,"minecraft:birch_leaves":3,"minecraft:grass":98,"minecraft:oak_log":41,"minecraft:coal_ore":42,"minecraft:gravel":2,"minecraft:dirt":59,"minecraft:stone":66,"minecraft:white_wool":1,"minecraft:oak_leaves":21},"minecraft:killed_by":{"minecraft:skeleton":2},"minecraft:dropped":{"minecraft:wheat_seeds":1,"minecraft:stone_pickaxe":1}},"DataVersion":2586}