{
  "pools": [
    {
      "rolls": 1,
      "entries": [
        {
          "type": "minecraft:item",
          "weight": 1,
          "name": "minecraft:netherite_hoe",
          "functions": [
            {
              "function": "minecraft:set_components",
              "components": {
                "minecraft:repair_cost": 99999,
                "minecraft:unbreakable": {},
                "minecraft:custom_name": "{\"text\":\"Scythe of Souls\",\"color\":\"gold\",\"italic\":false}",
                "minecraft:lore": [
                  "{\"text\":\" \"}",
                  "{\"text\":\"Ability:\",\"color\":\"green\",\"italic\":false}",
                  "{\"text\":\"Regains half a heart \",\"color\":\"gray\",\"italic\":false}",
                  "{\"text\":\"upon hitting an enemy.\",\"color\":\"gray\",\"italic\":false}"
                ],
                "minecraft:custom_data": {
                  "weapon": "soul_scythe",
                  "mt": "weapon"
                }
              }
            },
            {
              "function": "minecraft:set_attributes",
              "modifiers": [
                {
                  "id": "soul_scythe",
                  "attribute": "minecraft:generic.attack_speed",
                  "name": "minecraft:generic.attack_speed",
                  "amount": -2.1,
                  "operation": "add_value",
                  "slot": "mainhand"
                },
                {
                  "id": "soul_scythe",
                  "attribute": "minecraft:generic.attack_damage",
                  "name": "minecraft:generic.attack_damage",
                  "amount": 11,
                  "operation": "add_value",
                  "slot": "mainhand"
                },
                {
                  "id": "soul_scythe",
                  "attribute": "minecraft:player.entity_interaction_range",
                  "name": "minecraft:player.entity_interaction_range",
                  "amount": 0.5,
                  "operation": "add_value",
                  "slot": "mainhand"
                }
              ]
            },
            {
              "function": "minecraft:toggle_tooltips",
              "toggles": {
                "minecraft:attribute_modifiers": false
              }
            },
            {
              "function": "minecraft:set_enchantments",
              "enchantments": {
                "minecraft:sharpness": {
                  "min": 2,
                  "max": 5
                },
                "minecraft:smite": {
                  "min": 1,
                  "max": 5
                },
                "minecraft:looting": {
                  "min": 10,
                  "max": 10
                }
              },
              "add": true
            },
            {
              "function": "minecraft:set_lore",
              "lore": [
                {
                  "text": "  "
                },
                {
                  "text": "When in Main Hand:",
                  "color": "gray",
                  "italic": false
                },
                {
                  "text": " 12 Attack Damage",
                  "color": "dark_green",
                  "italic": false
                },
                {
                  "text": " 1.75 Attack Speed",
                  "color": "dark_green",
                  "italic": false
                },
                {
                  "text": " 3.5 Reach",
                  "color": "dark_green",
                  "italic": false
                }
              ],
               "mode": "append"
            }
          ]
        },
        {
          "type": "minecraft:item",
          "weight": 1,
          "name": "minecraft:netherite_hoe",
          "functions": [
            {
              "function": "minecraft:set_components",
              "components": {
                "minecraft:repair_cost": 99999,
                "minecraft:unbreakable": {},
                "minecraft:custom_name": "{\"text\":\"Scythe of Souls\",\"color\":\"gold\",\"italic\":false}",
                "minecraft:lore": [
                  "{\"text\":\" \"}",
                  "{\"text\":\"Ability:\",\"color\":\"green\",\"italic\":false}",
                  "{\"text\":\"Regains half a heart \",\"color\":\"gray\",\"italic\":false}",
                  "{\"text\":\"upon hitting an enemy.\",\"color\":\"gray\",\"italic\":false}"
                ],
                "minecraft:custom_data": {
                  "weapon": "soul_scythe",
                  "mt": "weapon"
                }
              }
            },
            {
              "function": "minecraft:set_attributes",
              "modifiers": [
                {
                  "id": "soul_scythe",
                  "attribute": "minecraft:generic.attack_speed",
                  "name": "minecraft:generic.attack_speed",
                  "amount": -1.75,
                  "operation": "add_value",
                  "slot": "mainhand"
                },
                {
                  "id": "soul_scythe",
                  "attribute": "minecraft:generic.attack_damage",
                  "name": "minecraft:generic.attack_damage",
                  "amount": 11,
                  "operation": "add_value",
                  "slot": "mainhand"
                },
                {
                  "id": "soul_scythe",
                  "attribute": "minecraft:player.entity_interaction_range",
                  "name": "minecraft:player.entity_interaction_range",
                  "amount": 0.5,
                  "operation": "add_value",
                  "slot": "mainhand"
                }
              ]
            },
            {
              "function": "minecraft:toggle_tooltips",
              "toggles": {
                "minecraft:attribute_modifiers": false
              }
            },
            {
              "function": "minecraft:set_enchantments",
              "enchantments": {
                "minecraft:sharpness": {
                  "min": 2,
                  "max": 5
                },
                "minecraft:smite": {
                  "min": 1,
                  "max": 5
                },
                "minecraft:looting": {
                  "min": 10,
                  "max": 10
                }
              },
              "add": true
            },
            {
              "function": "minecraft:set_lore",
              "lore": [
                {
                  "text": "  "
                },
                {
                  "text": "When in Main Hand:",
                  "color": "gray",
                  "italic": false
                },
                {
                  "text": " 12 Attack Damage",
                  "color": "dark_green",
                  "italic": false
                },
                {
                  "text": " 2.10 Attack Speed",
                  "color": "dark_green",
                  "italic": false
                },
                {
                  "text": " 3.5 Reach",
                  "color": "dark_green",
                  "italic": false
                }
              ],
               "mode": "append"
            }
          ]
        },
        {
          "type": "minecraft:item",
          "weight": 1,
          "name": "minecraft:netherite_hoe",
          "functions": [
            {
              "function": "minecraft:set_components",
              "components": {
                "minecraft:repair_cost": 99999,
                "minecraft:unbreakable": {},
                "minecraft:custom_name": "{\"text\":\"Scythe of Souls\",\"color\":\"gold\",\"italic\":false}",
                "minecraft:lore": [
                  "{\"text\":\" \"}",
                  "{\"text\":\"Ability:\",\"color\":\"green\",\"italic\":false}",
                  "{\"text\":\"Regains half a heart \",\"color\":\"gray\",\"italic\":false}",
                  "{\"text\":\"upon hitting an enemy.\",\"color\":\"gray\",\"italic\":false}"
                ],
                "minecraft:custom_data": {
                  "weapon": "soul_scythe",
                  "mt": "weapon"
                }
              }
            },
            {
              "function": "minecraft:set_attributes",
              "modifiers": [
                {
                  "id": "soul_scythe",
                  "attribute": "minecraft:generic.attack_speed",
                  "name": "minecraft:generic.attack_speed",
                  "amount": -1.1,
                  "operation": "add_value",
                  "slot": "mainhand"
                },
                {
                  "id": "soul_scythe",
                  "attribute": "minecraft:generic.attack_damage",
                  "name": "minecraft:generic.attack_damage",
                  "amount": 11,
                  "operation": "add_value",
                  "slot": "mainhand"
                },
                {
                  "id": "soul_scythe",
                  "attribute": "minecraft:player.entity_interaction_range",
                  "name": "minecraft:player.entity_interaction_range",
                  "amount": 0.5,
                  "operation": "add_value",
                  "slot": "mainhand"
                }
              ]
            },
            {
              "function": "minecraft:toggle_tooltips",
              "toggles": {
                "minecraft:attribute_modifiers": false
              }
            },
            {
              "function": "minecraft:set_enchantments",
              "enchantments": {
                "minecraft:sharpness": {
                  "min": 2,
                  "max": 5
                },
                "minecraft:smite": {
                  "min": 1,
                  "max": 5
                },
                "minecraft:looting": {
                  "min": 10,
                  "max": 10
                }
              },
              "add": true
            },
            {
              "function": "minecraft:set_lore",
              "lore": [
                {
                  "text": "  "
                },
                {
                  "text": "When in Main Hand:",
                  "color": "gray",
                  "italic": false
                },
                {
                  "text": " 12 Attack Damage",
                  "color": "dark_green",
                  "italic": false
                },
                {
                  "text": " 2.75 Attack Speed",
                  "color": "dark_green",
                  "italic": false
                },
                {
                  "text": " 3.5 Reach",
                  "color": "dark_green",
                  "italic": false
                }
              ],
               "mode": "append"
            }
          ]
        },
        {
          "type": "minecraft:item",
          "weight": 1,
          "name": "minecraft:netherite_hoe",
          "functions": [
            {
              "function": "minecraft:set_components",
              "components": {
                "minecraft:repair_cost": 99999,
                "minecraft:unbreakable": {},
                "minecraft:custom_name": "{\"text\":\"Scythe of Souls\",\"color\":\"gold\",\"italic\":false}",
                "minecraft:lore": [
                  "{\"text\":\" \"}",
                  "{\"text\":\"Ability:\",\"color\":\"green\",\"italic\":false}",
                  "{\"text\":\"Regains half a heart \",\"color\":\"gray\",\"italic\":false}",
                  "{\"text\":\"upon hitting an enemy.\",\"color\":\"gray\",\"italic\":false}"
                ],
                "minecraft:custom_data": {
                  "weapon": "soul_scythe",
                  "mt": "weapon"
                }
              }
            },
            {
              "function": "minecraft:set_attributes",
              "modifiers": [
                {
                  "id": "soul_scythe",
                  "attribute": "minecraft:generic.attack_speed",
                  "name": "minecraft:generic.attack_speed",
                  "amount": -0.75,
                  "operation": "add_value",
                  "slot": "mainhand"
                },
                {
                  "id": "soul_scythe",
                  "attribute": "minecraft:generic.attack_damage",
                  "name": "minecraft:generic.attack_damage",
                  "amount": 11,
                  "operation": "add_value",
                  "slot": "mainhand"
                },
                {
                  "id": "soul_scythe",
                  "attribute": "minecraft:player.entity_interaction_range",
                  "name": "minecraft:player.entity_interaction_range",
                  "amount": 0.5,
                  "operation": "add_value",
                  "slot": "mainhand"
                }
              ]
            },
            {
              "function": "minecraft:toggle_tooltips",
              "toggles": {
                "minecraft:attribute_modifiers": false
              }
            },
            {
              "function": "minecraft:set_enchantments",
              "enchantments": {
                "minecraft:sharpness": {
                  "min": 2,
                  "max": 5
                },
                "minecraft:smite": {
                  "min": 1,
                  "max": 5
                },
                "minecraft:looting": {
                  "min": 10,
                  "max": 10
                }
              },
              "add": true
            },
            {
              "function": "minecraft:set_lore",
              "lore": [
                {
                  "text": "  "
                },
                {
                  "text": "When in Main Hand:",
                  "color": "gray",
                  "italic": false
                },
                {
                  "text": " 12 Attack Damage",
                  "color": "dark_green",
                  "italic": false
                },
                {
                  "text": " 3.10 Attack Speed",
                  "color": "dark_green",
                  "italic": false
                },
                {
                  "text": " 3.5 Reach",
                  "color": "dark_green",
                  "italic": false
                }
              ],
               "mode": "append"
            }
          ]
        },
        {
          "type": "minecraft:item",
          "weight": 1,
          "name": "minecraft:netherite_hoe",
          "functions": [
            {
              "function": "minecraft:set_components",
              "components": {
                "minecraft:repair_cost": 99999,
                "minecraft:unbreakable": {},
                "minecraft:custom_name": "{\"text\":\"Scythe of Souls\",\"color\":\"gold\",\"italic\":false}",
                "minecraft:lore": [
                  "{\"text\":\" \"}",
                  "{\"text\":\"Ability:\",\"color\":\"green\",\"italic\":false}",
                  "{\"text\":\"Regains half a heart \",\"color\":\"gray\",\"italic\":false}",
                  "{\"text\":\"upon hitting an enemy.\",\"color\":\"gray\",\"italic\":false}"
                ],
                "minecraft:custom_data": {
                  "weapon": "soul_scythe",
                  "mt": "weapon"
                }
              }
            },
            {
              "function": "minecraft:set_attributes",
              "modifiers": [
                {
                  "id": "soul_scythe",
                  "attribute": "minecraft:generic.attack_speed",
                  "name": "minecraft:generic.attack_speed",
                  "amount": -2.1,
                  "operation": "add_value",
                  "slot": "mainhand"
                },
                {
                  "id": "soul_scythe",
                  "attribute": "minecraft:generic.attack_damage",
                  "name": "minecraft:generic.attack_damage",
                  "amount": 7,
                  "operation": "add_value",
                  "slot": "mainhand"
                },
                {
                  "id": "soul_scythe",
                  "attribute": "minecraft:player.entity_interaction_range",
                  "name": "minecraft:player.entity_interaction_range",
                  "amount": 0.5,
                  "operation": "add_value",
                  "slot": "mainhand"
                }
              ]
            },
            {
              "function": "minecraft:toggle_tooltips",
              "toggles": {
                "minecraft:attribute_modifiers": false
              }
            },
            {
              "function": "minecraft:set_enchantments",
              "enchantments": {
                "minecraft:sharpness": {
                  "min": 2,
                  "max": 5
                },
                "minecraft:smite": {
                  "min": 1,
                  "max": 5
                },
                "minecraft:looting": {
                  "min": 10,
                  "max": 10
                }
              },
              "add": true
            },
            {
              "function": "minecraft:set_lore",
              "lore": [
                {
                  "text": "  "
                },
                {
                  "text": "When in Main Hand:",
                  "color": "gray",
                  "italic": false
                },
                {
                  "text": " 8 Attack Damage",
                  "color": "dark_green",
                  "italic": false
                },
                {
                  "text": " 1.75 Attack Speed",
                  "color": "dark_green",
                  "italic": false
                },
                {
                  "text": " 3.5 Reach",
                  "color": "dark_green",
                  "italic": false
                }
              ],
               "mode": "append"
            }
          ]
        },
        {
          "type": "minecraft:item",
          "weight": 1,
          "name": "minecraft:netherite_hoe",
          "functions": [
            {
              "function": "minecraft:set_components",
              "components": {
                "minecraft:repair_cost": 99999,
                "minecraft:unbreakable": {},
                "minecraft:custom_name": "{\"text\":\"Scythe of Souls\",\"color\":\"gold\",\"italic\":false}",
                "minecraft:lore": [
                  "{\"text\":\" \"}",
                  "{\"text\":\"Ability:\",\"color\":\"green\",\"italic\":false}",
                  "{\"text\":\"Regains half a heart \",\"color\":\"gray\",\"italic\":false}",
                  "{\"text\":\"upon hitting an enemy.\",\"color\":\"gray\",\"italic\":false}"
                ],
                "minecraft:custom_data": {
                  "weapon": "soul_scythe",
                  "mt": "weapon"
                }
              }
            },
            {
              "function": "minecraft:set_attributes",
              "modifiers": [
                {
                  "id": "soul_scythe",
                  "attribute": "minecraft:generic.attack_speed",
                  "name": "minecraft:generic.attack_speed",
                  "amount": -1.75,
                  "operation": "add_value",
                  "slot": "mainhand"
                },
                {
                  "id": "soul_scythe",
                  "attribute": "minecraft:generic.attack_damage",
                  "name": "minecraft:generic.attack_damage",
                  "amount": 7,
                  "operation": "add_value",
                  "slot": "mainhand"
                },
                {
                  "id": "soul_scythe",
                  "attribute": "minecraft:player.entity_interaction_range",
                  "name": "minecraft:player.entity_interaction_range",
                  "amount": 0.5,
                  "operation": "add_value",
                  "slot": "mainhand"
                }
              ]
            },
            {
              "function": "minecraft:toggle_tooltips",
              "toggles": {
                "minecraft:attribute_modifiers": false
              }
            },
            {
              "function": "minecraft:set_enchantments",
              "enchantments": {
                "minecraft:sharpness": {
                  "min": 2,
                  "max": 5
                },
                "minecraft:smite": {
                  "min": 1,
                  "max": 5
                },
                "minecraft:looting": {
                  "min": 10,
                  "max": 10
                }
              },
              "add": true
            },
            {
              "function": "minecraft:set_lore",
              "lore": [
                {
                  "text": "  "
                },
                {
                  "text": "When in Main Hand:",
                  "color": "gray",
                  "italic": false
                },
                {
                  "text": " 8 Attack Damage",
                  "color": "dark_green",
                  "italic": false
                },
                {
                  "text": " 2.10 Attack Speed",
                  "color": "dark_green",
                  "italic": false
                },
                {
                  "text": " 3.5 Reach",
                  "color": "dark_green",
                  "italic": false
                }
              ],
               "mode": "append"
            }
          ]
        },
        {
          "type": "minecraft:item",
          "weight": 1,
          "name": "minecraft:netherite_hoe",
          "functions": [
            {
              "function": "minecraft:set_components",
              "components": {
                "minecraft:repair_cost": 99999,
                "minecraft:unbreakable": {},
                "minecraft:custom_name": "{\"text\":\"Scythe of Souls\",\"color\":\"gold\",\"italic\":false}",
                "minecraft:lore": [
                  "{\"text\":\" \"}",
                  "{\"text\":\"Ability:\",\"color\":\"green\",\"italic\":false}",
                  "{\"text\":\"Regains half a heart \",\"color\":\"gray\",\"italic\":false}",
                  "{\"text\":\"upon hitting an enemy.\",\"color\":\"gray\",\"italic\":false}"
                ],
                "minecraft:custom_data": {
                  "weapon": "soul_scythe",
                  "mt": "weapon"
                }
              }
            },
            {
              "function": "minecraft:set_attributes",
              "modifiers": [
                {
                  "id": "soul_scythe",
                  "attribute": "minecraft:generic.attack_speed",
                  "name": "minecraft:generic.attack_speed",
                  "amount": -1.1,
                  "operation": "add_value",
                  "slot": "mainhand"
                },
                {
                  "id": "soul_scythe",
                  "attribute": "minecraft:generic.attack_damage",
                  "name": "minecraft:generic.attack_damage",
                  "amount": 7,
                  "operation": "add_value",
                  "slot": "mainhand"
                },
                {
                  "id": "soul_scythe",
                  "attribute": "minecraft:player.entity_interaction_range",
                  "name": "minecraft:player.entity_interaction_range",
                  "amount": 0.5,
                  "operation": "add_value",
                  "slot": "mainhand"
                }
              ]
            },
            {
              "function": "minecraft:toggle_tooltips",
              "toggles": {
                "minecraft:attribute_modifiers": false
              }
            },
            {
              "function": "minecraft:set_enchantments",
              "enchantments": {
                "minecraft:sharpness": {
                  "min": 2,
                  "max": 5
                },
                "minecraft:smite": {
                  "min": 1,
                  "max": 5
                },
                "minecraft:looting": {
                  "min": 10,
                  "max": 10
                }
              },
              "add": true
            },
            {
              "function": "minecraft:set_lore",
              "lore": [
                {
                  "text": "  "
                },
                {
                  "text": "When in Main Hand:",
                  "color": "gray",
                  "italic": false
                },
                {
                  "text": " 8 Attack Damage",
                  "color": "dark_green",
                  "italic": false
                },
                {
                  "text": " 2.75 Attack Speed",
                  "color": "dark_green",
                  "italic": false
                },
                {
                  "text": " 3.5 Reach",
                  "color": "dark_green",
                  "italic": false
                }
              ],
               "mode": "append"
            }
          ]
        },
        {
          "type": "minecraft:item",
          "weight": 1,
          "name": "minecraft:netherite_hoe",
          "functions": [
            {
              "function": "minecraft:set_components",
              "components": {
                "minecraft:repair_cost": 99999,
                "minecraft:unbreakable": {},
                "minecraft:custom_name": "{\"text\":\"Scythe of Souls\",\"color\":\"gold\",\"italic\":false}",
                "minecraft:lore": [
                  "{\"text\":\" \"}",
                  "{\"text\":\"Ability:\",\"color\":\"green\",\"italic\":false}",
                  "{\"text\":\"Regains half a heart \",\"color\":\"gray\",\"italic\":false}",
                  "{\"text\":\"upon hitting an enemy.\",\"color\":\"gray\",\"italic\":false}"
                ],
                "minecraft:custom_data": {
                  "weapon": "soul_scythe",
                  "mt": "weapon"
                }
              }
            },
            {
              "function": "minecraft:set_attributes",
              "modifiers": [
                {
                  "id": "soul_scythe",
                  "attribute": "minecraft:generic.attack_speed",
                  "name": "minecraft:generic.attack_speed",
                  "amount": -0.75,
                  "operation": "add_value",
                  "slot": "mainhand"
                },
                {
                  "id": "soul_scythe",
                  "attribute": "minecraft:generic.attack_damage",
                  "name": "minecraft:generic.attack_damage",
                  "amount": 7,
                  "operation": "add_value",
                  "slot": "mainhand"
                },
                {
                  "id": "soul_scythe",
                  "attribute": "minecraft:player.entity_interaction_range",
                  "name": "minecraft:player.entity_interaction_range",
                  "amount": 0.5,
                  "operation": "add_value",
                  "slot": "mainhand"
                }
              ]
            },
            {
              "function": "minecraft:toggle_tooltips",
              "toggles": {
                "minecraft:attribute_modifiers": false
              }
            },
            {
              "function": "minecraft:set_enchantments",
              "enchantments": {
                "minecraft:sharpness": {
                  "min": 2,
                  "max": 5
                },
                "minecraft:smite": {
                  "min": 1,
                  "max": 5
                },
                "minecraft:looting": {
                  "min": 10,
                  "max": 10
                }
              },
              "add": true
            },
            {
              "function": "minecraft:set_lore",
              "lore": [
                {
                  "text": "  "
                },
                {
                  "text": "When in Main Hand:",
                  "color": "gray",
                  "italic": false
                },
                {
                  "text": " 8 Attack Damage",
                  "color": "dark_green",
                  "italic": false
                },
                {
                  "text": " 3.10 Attack Speed",
                  "color": "dark_green",
                  "italic": false
                },
                {
                  "text": " 3.5 Reach",
                  "color": "dark_green",
                  "italic": false
                }
              ],
               "mode": "append"
            }
          ]
        },
        {
          "type": "minecraft:item",
          "weight": 1,
          "name": "minecraft:netherite_hoe",
          "functions": [
            {
              "function": "minecraft:set_components",
              "components": {
                "minecraft:repair_cost": 99999,
                "minecraft:unbreakable": {},
                "minecraft:custom_name": "{\"text\":\"Scythe of Souls\",\"color\":\"gold\",\"italic\":false}",
                "minecraft:lore": [
                  "{\"text\":\" \"}",
                  "{\"text\":\"Ability:\",\"color\":\"green\",\"italic\":false}",
                  "{\"text\":\"Regains half a heart \",\"color\":\"gray\",\"italic\":false}",
                  "{\"text\":\"upon hitting an enemy.\",\"color\":\"gray\",\"italic\":false}"
                ],
                "minecraft:custom_data": {
                  "weapon": "soul_scythe",
                  "mt": "weapon"
                }
              }
            },
            {
              "function": "minecraft:set_attributes",
              "modifiers": [
                {
                  "id": "soul_scythe",
                  "attribute": "minecraft:generic.attack_speed",
                  "name": "minecraft:generic.attack_speed",
                  "amount": -2.1,
                  "operation": "add_value",
                  "slot": "mainhand"
                },
                {
                  "id": "soul_scythe",
                  "attribute": "minecraft:generic.attack_damage",
                  "name": "minecraft:generic.attack_damage",
                  "amount": 8,
                  "operation": "add_value",
                  "slot": "mainhand"
                },
                {
                  "id": "soul_scythe",
                  "attribute": "minecraft:player.entity_interaction_range",
                  "name": "minecraft:player.entity_interaction_range",
                  "amount": 0.5,
                  "operation": "add_value",
                  "slot": "mainhand"
                }
              ]
            },
            {
              "function": "minecraft:toggle_tooltips",
              "toggles": {
                "minecraft:attribute_modifiers": false
              }
            },
            {
              "function": "minecraft:set_enchantments",
              "enchantments": {
                "minecraft:sharpness": {
                  "min": 2,
                  "max": 5
                },
                "minecraft:smite": {
                  "min": 1,
                  "max": 5
                },
                "minecraft:looting": {
                  "min": 10,
                  "max": 10
                }
              },
              "add": true
            },
            {
              "function": "minecraft:set_lore",
              "lore": [
                {
                  "text": "  "
                },
                {
                  "text": "When in Main Hand:",
                  "color": "gray",
                  "italic": false
                },
                {
                  "text": " 9 Attack Damage",
                  "color": "dark_green",
                  "italic": false
                },
                {
                  "text": " 1.75 Attack Speed",
                  "color": "dark_green",
                  "italic": false
                },
                {
                  "text": " 3.5 Reach",
                  "color": "dark_green",
                  "italic": false
                }
              ],
               "mode": "append"
            }
          ]
        },
        {
          "type": "minecraft:item",
          "weight": 1,
          "name": "minecraft:netherite_hoe",
          "functions": [
            {
              "function": "minecraft:set_components",
              "components": {
                "minecraft:repair_cost": 99999,
                "minecraft:unbreakable": {},
                "minecraft:custom_name": "{\"text\":\"Scythe of Souls\",\"color\":\"gold\",\"italic\":false}",
                "minecraft:lore": [
                  "{\"text\":\" \"}",
                  "{\"text\":\"Ability:\",\"color\":\"green\",\"italic\":false}",
                  "{\"text\":\"Regains half a heart \",\"color\":\"gray\",\"italic\":false}",
                  "{\"text\":\"upon hitting an enemy.\",\"color\":\"gray\",\"italic\":false}"
                ],
                "minecraft:custom_data": {
                  "weapon": "soul_scythe",
                  "mt": "weapon"
                }
              }
            },
            {
              "function": "minecraft:set_attributes",
              "modifiers": [
                {
                  "id": "soul_scythe",
                  "attribute": "minecraft:generic.attack_speed",
                  "name": "minecraft:generic.attack_speed",
                  "amount": -1.75,
                  "operation": "add_value",
                  "slot": "mainhand"
                },
                {
                  "id": "soul_scythe",
                  "attribute": "minecraft:generic.attack_damage",
                  "name": "minecraft:generic.attack_damage",
                  "amount": 8,
                  "operation": "add_value",
                  "slot": "mainhand"
                },
                {
                  "id": "soul_scythe",
                  "attribute": "minecraft:player.entity_interaction_range",
                  "name": "minecraft:player.entity_interaction_range",
                  "amount": 0.5,
                  "operation": "add_value",
                  "slot": "mainhand"
                }
              ]
            },
            {
              "function": "minecraft:toggle_tooltips",
              "toggles": {
                "minecraft:attribute_modifiers": false
              }
            },
            {
              "function": "minecraft:set_enchantments",
              "enchantments": {
                "minecraft:sharpness": {
                  "min": 2,
                  "max": 5
                },
                "minecraft:smite": {
                  "min": 1,
                  "max": 5
                },
                "minecraft:looting": {
                  "min": 10,
                  "max": 10
                }
              },
              "add": true
            },
            {
              "function": "minecraft:set_lore",
              "lore": [
                {
                  "text": "  "
                },
                {
                  "text": "When in Main Hand:",
                  "color": "gray",
                  "italic": false
                },
                {
                  "text": " 9 Attack Damage",
                  "color": "dark_green",
                  "italic": false
                },
                {
                  "text": " 2.10 Attack Speed",
                  "color": "dark_green",
                  "italic": false
                },
                {
                  "text": " 3.5 Reach",
                  "color": "dark_green",
                  "italic": false
                }
              ],
               "mode": "append"
            }
          ]
        },
        {
          "type": "minecraft:item",
          "weight": 1,
          "name": "minecraft:netherite_hoe",
          "functions": [
            {
              "function": "minecraft:set_components",
              "components": {
                "minecraft:repair_cost": 99999,
                "minecraft:unbreakable": {},
                "minecraft:custom_name": "{\"text\":\"Scythe of Souls\",\"color\":\"gold\",\"italic\":false}",
                "minecraft:lore": [
                  "{\"text\":\" \"}",
                  "{\"text\":\"Ability:\",\"color\":\"green\",\"italic\":false}",
                  "{\"text\":\"Regains half a heart \",\"color\":\"gray\",\"italic\":false}",
                  "{\"text\":\"upon hitting an enemy.\",\"color\":\"gray\",\"italic\":false}"
                ],
                "minecraft:custom_data": {
                  "weapon": "soul_scythe",
                  "mt": "weapon"
                }
              }
            },
            {
              "function": "minecraft:set_attributes",
              "modifiers": [
                {
                  "id": "soul_scythe",
                  "attribute": "minecraft:generic.attack_speed",
                  "name": "minecraft:generic.attack_speed",
                  "amount": -1.1,
                  "operation": "add_value",
                  "slot": "mainhand"
                },
                {
                  "id": "soul_scythe",
                  "attribute": "minecraft:generic.attack_damage",
                  "name": "minecraft:generic.attack_damage",
                  "amount": 8,
                  "operation": "add_value",
                  "slot": "mainhand"
                },
                {
                  "id": "soul_scythe",
                  "attribute": "minecraft:player.entity_interaction_range",
                  "name": "minecraft:player.entity_interaction_range",
                  "amount": 0.5,
                  "operation": "add_value",
                  "slot": "mainhand"
                }
              ]
            },
            {
              "function": "minecraft:toggle_tooltips",
              "toggles": {
                "minecraft:attribute_modifiers": false
              }
            },
            {
              "function": "minecraft:set_enchantments",
              "enchantments": {
                "minecraft:sharpness": {
                  "min": 2,
                  "max": 5
                },
                "minecraft:smite": {
                  "min": 1,
                  "max": 5
                },
                "minecraft:looting": {
                  "min": 10,
                  "max": 10
                }
              },
              "add": true
            },
            {
              "function": "minecraft:set_lore",
              "lore": [
                {
                  "text": "  "
                },
                {
                  "text": "When in Main Hand:",
                  "color": "gray",
                  "italic": false
                },
                {
                  "text": " 9 Attack Damage",
                  "color": "dark_green",
                  "italic": false
                },
                {
                  "text": " 2.75 Attack Speed",
                  "color": "dark_green",
                  "italic": false
                },
                {
                  "text": " 3.5 Reach",
                  "color": "dark_green",
                  "italic": false
                }
              ],
               "mode": "append"
            }
          ]
        },
        {
          "type": "minecraft:item",
          "weight": 1,
          "name": "minecraft:netherite_hoe",
          "functions": [
            {
              "function": "minecraft:set_components",
              "components": {
                "minecraft:repair_cost": 99999,
                "minecraft:unbreakable": {},
                "minecraft:custom_name": "{\"text\":\"Scythe of Souls\",\"color\":\"gold\",\"italic\":false}",
                "minecraft:lore": [
                  "{\"text\":\" \"}",
                  "{\"text\":\"Ability:\",\"color\":\"green\",\"italic\":false}",
                  "{\"text\":\"Regains half a heart \",\"color\":\"gray\",\"italic\":false}",
                  "{\"text\":\"upon hitting an enemy.\",\"color\":\"gray\",\"italic\":false}"
                ],
                "minecraft:custom_data": {
                  "weapon": "soul_scythe",
                  "mt": "weapon"
                }
              }
            },
            {
              "function": "minecraft:set_attributes",
              "modifiers": [
                {
                  "id": "soul_scythe",
                  "attribute": "minecraft:generic.attack_speed",
                  "name": "minecraft:generic.attack_speed",
                  "amount": -0.75,
                  "operation": "add_value",
                  "slot": "mainhand"
                },
                {
                  "id": "soul_scythe",
                  "attribute": "minecraft:generic.attack_damage",
                  "name": "minecraft:generic.attack_damage",
                  "amount": 8,
                  "operation": "add_value",
                  "slot": "mainhand"
                },
                {
                  "id": "soul_scythe",
                  "attribute": "minecraft:player.entity_interaction_range",
                  "name": "minecraft:player.entity_interaction_range",
                  "amount": 0.5,
                  "operation": "add_value",
                  "slot": "mainhand"
                }
              ]
            },
            {
              "function": "minecraft:toggle_tooltips",
              "toggles": {
                "minecraft:attribute_modifiers": false
              }
            },
            {
              "function": "minecraft:set_enchantments",
              "enchantments": {
                "minecraft:sharpness": {
                  "min": 2,
                  "max": 5
                },
                "minecraft:smite": {
                  "min": 1,
                  "max": 5
                },
                "minecraft:looting": {
                  "min": 10,
                  "max": 10
                }
              },
              "add": true
            },
            {
              "function": "minecraft:set_lore",
              "lore": [
                {
                  "text": "  "
                },
                {
                  "text": "When in Main Hand:",
                  "color": "gray",
                  "italic": false
                },
                {
                  "text": " 9 Attack Damage",
                  "color": "dark_green",
                  "italic": false
                },
                {
                  "text": " 3.10 Attack Speed",
                  "color": "dark_green",
                  "italic": false
                },
                {
                  "text": " 3.5 Reach",
                  "color": "dark_green",
                  "italic": false
                }
              ],
               "mode": "append"
            }
          ]
        },
        {
          "type": "minecraft:item",
          "weight": 1,
          "name": "minecraft:netherite_hoe",
          "functions": [
            {
              "function": "minecraft:set_components",
              "components": {
                "minecraft:repair_cost": 99999,
                "minecraft:unbreakable": {},
                "minecraft:custom_name": "{\"text\":\"Scythe of Souls\",\"color\":\"gold\",\"italic\":false}",
                "minecraft:lore": [
                  "{\"text\":\" \"}",
                  "{\"text\":\"Ability:\",\"color\":\"green\",\"italic\":false}",
                  "{\"text\":\"Regains half a heart \",\"color\":\"gray\",\"italic\":false}",
                  "{\"text\":\"upon hitting an enemy.\",\"color\":\"gray\",\"italic\":false}"
                ],
                "minecraft:custom_data": {
                  "weapon": "soul_scythe",
                  "mt": "weapon"
                }
              }
            },
            {
              "function": "minecraft:set_attributes",
              "modifiers": [
                {
                  "id": "soul_scythe",
                  "attribute": "minecraft:generic.attack_speed",
                  "name": "minecraft:generic.attack_speed",
                  "amount": -2.1,
                  "operation": "add_value",
                  "slot": "mainhand"
                },
                {
                  "id": "soul_scythe",
                  "attribute": "minecraft:generic.attack_damage",
                  "name": "minecraft:generic.attack_damage",
                  "amount": 9,
                  "operation": "add_value",
                  "slot": "mainhand"
                },
                {
                  "id": "soul_scythe",
                  "attribute": "minecraft:player.entity_interaction_range",
                  "name": "minecraft:player.entity_interaction_range",
                  "amount": 0.5,
                  "operation": "add_value",
                  "slot": "mainhand"
                }
              ]
            },
            {
              "function": "minecraft:toggle_tooltips",
              "toggles": {
                "minecraft:attribute_modifiers": false
              }
            },
            {
              "function": "minecraft:set_enchantments",
              "enchantments": {
                "minecraft:sharpness": {
                  "min": 2,
                  "max": 5
                },
                "minecraft:smite": {
                  "min": 1,
                  "max": 5
                },
                "minecraft:looting": {
                  "min": 10,
                  "max": 10
                }
              },
              "add": true
            },
            {
              "function": "minecraft:set_lore",
              "lore": [
                {
                  "text": "  "
                },
                {
                  "text": "When in Main Hand:",
                  "color": "gray",
                  "italic": false
                },
                {
                  "text": " 10 Attack Damage",
                  "color": "dark_green",
                  "italic": false
                },
                {
                  "text": " 1.75 Attack Speed",
                  "color": "dark_green",
                  "italic": false
                },
                {
                  "text": " 3.5 Reach",
                  "color": "dark_green",
                  "italic": false
                }
              ],
               "mode": "append"
            }
          ]
        },
        {
          "type": "minecraft:item",
          "weight": 1,
          "name": "minecraft:netherite_hoe",
          "functions": [
            {
              "function": "minecraft:set_components",
              "components": {
                "minecraft:repair_cost": 99999,
                "minecraft:unbreakable": {},
                "minecraft:custom_name": "{\"text\":\"Scythe of Souls\",\"color\":\"gold\",\"italic\":false}",
                "minecraft:lore": [
                  "{\"text\":\" \"}",
                  "{\"text\":\"Ability:\",\"color\":\"green\",\"italic\":false}",
                  "{\"text\":\"Regains half a heart \",\"color\":\"gray\",\"italic\":false}",
                  "{\"text\":\"upon hitting an enemy.\",\"color\":\"gray\",\"italic\":false}"
                ],
                "minecraft:custom_data": {
                  "weapon": "soul_scythe",
                  "mt": "weapon"
                }
              }
            },
            {
              "function": "minecraft:set_attributes",
              "modifiers": [
                {
                  "id": "soul_scythe",
                  "attribute": "minecraft:generic.attack_speed",
                  "name": "minecraft:generic.attack_speed",
                  "amount": -1.75,
                  "operation": "add_value",
                  "slot": "mainhand"
                },
                {
                  "id": "soul_scythe",
                  "attribute": "minecraft:generic.attack_damage",
                  "name": "minecraft:generic.attack_damage",
                  "amount": 9,
                  "operation": "add_value",
                  "slot": "mainhand"
                },
                {
                  "id": "soul_scythe",
                  "attribute": "minecraft:player.entity_interaction_range",
                  "name": "minecraft:player.entity_interaction_range",
                  "amount": 0.5,
                  "operation": "add_value",
                  "slot": "mainhand"
                }
              ]
            },
            {
              "function": "minecraft:toggle_tooltips",
              "toggles": {
                "minecraft:attribute_modifiers": false
              }
            },
            {
              "function": "minecraft:set_enchantments",
              "enchantments": {
                "minecraft:sharpness": {
                  "min": 2,
                  "max": 5
                },
                "minecraft:smite": {
                  "min": 1,
                  "max": 5
                },
                "minecraft:looting": {
                  "min": 10,
                  "max": 10
                }
              },
              "add": true
            },
            {
              "function": "minecraft:set_lore",
              "lore": [
                {
                  "text": "  "
                },
                {
                  "text": "When in Main Hand:",
                  "color": "gray",
                  "italic": false
                },
                {
                  "text": " 10 Attack Damage",
                  "color": "dark_green",
                  "italic": false
                },
                {
                  "text": " 2.10 Attack Speed",
                  "color": "dark_green",
                  "italic": false
                },
                {
                  "text": " 3.5 Reach",
                  "color": "dark_green",
                  "italic": false
                }
              ],
               "mode": "append"
            }
          ]
        },
        {
          "type": "minecraft:item",
          "weight": 1,
          "name": "minecraft:netherite_hoe",
          "functions": [
            {
              "function": "minecraft:set_components",
              "components": {
                "minecraft:repair_cost": 99999,
                "minecraft:unbreakable": {},
                "minecraft:custom_name": "{\"text\":\"Scythe of Souls\",\"color\":\"gold\",\"italic\":false}",
                "minecraft:lore": [
                  "{\"text\":\" \"}",
                  "{\"text\":\"Ability:\",\"color\":\"green\",\"italic\":false}",
                  "{\"text\":\"Regains half a heart \",\"color\":\"gray\",\"italic\":false}",
                  "{\"text\":\"upon hitting an enemy.\",\"color\":\"gray\",\"italic\":false}"
                ],
                "minecraft:custom_data": {
                  "weapon": "soul_scythe",
                  "mt": "weapon"
                }
              }
            },
            {
              "function": "minecraft:set_attributes",
              "modifiers": [
                {
                  "id": "soul_scythe",
                  "attribute": "minecraft:generic.attack_speed",
                  "name": "minecraft:generic.attack_speed",
                  "amount": -1.1,
                  "operation": "add_value",
                  "slot": "mainhand"
                },
                {
                  "id": "soul_scythe",
                  "attribute": "minecraft:generic.attack_damage",
                  "name": "minecraft:generic.attack_damage",
                  "amount": 9,
                  "operation": "add_value",
                  "slot": "mainhand"
                },
                {
                  "id": "soul_scythe",
                  "attribute": "minecraft:player.entity_interaction_range",
                  "name": "minecraft:player.entity_interaction_range",
                  "amount": 0.5,
                  "operation": "add_value",
                  "slot": "mainhand"
                }
              ]
            },
            {
              "function": "minecraft:toggle_tooltips",
              "toggles": {
                "minecraft:attribute_modifiers": false
              }
            },
            {
              "function": "minecraft:set_enchantments",
              "enchantments": {
                "minecraft:sharpness": {
                  "min": 2,
                  "max": 5
                },
                "minecraft:smite": {
                  "min": 1,
                  "max": 5
                },
                "minecraft:looting": {
                  "min": 10,
                  "max": 10
                }
              },
              "add": true
            },
            {
              "function": "minecraft:set_lore",
              "lore": [
                {
                  "text": "  "
                },
                {
                  "text": "When in Main Hand:",
                  "color": "gray",
                  "italic": false
                },
                {
                  "text": " 10 Attack Damage",
                  "color": "dark_green",
                  "italic": false
                },
                {
                  "text": " 2.75 Attack Speed",
                  "color": "dark_green",
                  "italic": false
                },
                {
                  "text": " 3.5 Reach",
                  "color": "dark_green",
                  "italic": false
                }
              ],
               "mode": "append"
            }
          ]
        },
        {
          "type": "minecraft:item",
          "weight": 1,
          "name": "minecraft:netherite_hoe",
          "functions": [
            {
              "function": "minecraft:set_components",
              "components": {
                "minecraft:repair_cost": 99999,
                "minecraft:unbreakable": {},
                "minecraft:custom_name": "{\"text\":\"Scythe of Souls\",\"color\":\"gold\",\"italic\":false}",
                "minecraft:lore": [
                  "{\"text\":\" \"}",
                  "{\"text\":\"Ability:\",\"color\":\"green\",\"italic\":false}",
                  "{\"text\":\"Regains half a heart \",\"color\":\"gray\",\"italic\":false}",
                  "{\"text\":\"upon hitting an enemy.\",\"color\":\"gray\",\"italic\":false}"
                ],
                "minecraft:custom_data": {
                  "weapon": "soul_scythe",
                  "mt": "weapon"
                }
              }
            },
            {
              "function": "minecraft:set_attributes",
              "modifiers": [
                {
                  "id": "soul_scythe",
                  "attribute": "minecraft:generic.attack_speed",
                  "name": "minecraft:generic.attack_speed",
                  "amount": -0.75,
                  "operation": "add_value",
                  "slot": "mainhand"
                },
                {
                  "id": "soul_scythe",
                  "attribute": "minecraft:generic.attack_damage",
                  "name": "minecraft:generic.attack_damage",
                  "amount": 9,
                  "operation": "add_value",
                  "slot": "mainhand"
                },
                {
                  "id": "soul_scythe",
                  "attribute": "minecraft:player.entity_interaction_range",
                  "name": "minecraft:player.entity_interaction_range",
                  "amount": 0.5,
                  "operation": "add_value",
                  "slot": "mainhand"
                }
              ]
            },
            {
              "function": "minecraft:toggle_tooltips",
              "toggles": {
                "minecraft:attribute_modifiers": false
              }
            },
            {
              "function": "minecraft:set_enchantments",
              "enchantments": {
                "minecraft:sharpness": {
                  "min": 2,
                  "max": 5
                },
                "minecraft:smite": {
                  "min": 1,
                  "max": 5
                },
                "minecraft:looting": {
                  "min": 10,
                  "max": 10
                }
              },
              "add": true
            },
            {
              "function": "minecraft:set_lore",
              "lore": [
                {
                  "text": "  "
                },
                {
                  "text": "When in Main Hand:",
                  "color": "gray",
                  "italic": false
                },
                {
                  "text": " 10 Attack Damage",
                  "color": "dark_green",
                  "italic": false
                },
                {
                  "text": " 3.10 Attack Speed",
                  "color": "dark_green",
                  "italic": false
                },
                {
                  "text": " 3.5 Reach",
                  "color": "dark_green",
                  "italic": false
                }
              ],
               "mode": "append"
            }
          ]
        },
        {
          "type": "minecraft:item",
          "weight": 1,
          "name": "minecraft:netherite_hoe",
          "functions": [
            {
              "function": "minecraft:set_components",
              "components": {
                "minecraft:repair_cost": 99999,
                "minecraft:unbreakable": {},
                "minecraft:custom_name": "{\"text\":\"Scythe of Souls\",\"color\":\"gold\",\"italic\":false}",
                "minecraft:lore": [
                  "{\"text\":\" \"}",
                  "{\"text\":\"Ability:\",\"color\":\"green\",\"italic\":false}",
                  "{\"text\":\"Regains half a heart \",\"color\":\"gray\",\"italic\":false}",
                  "{\"text\":\"upon hitting an enemy.\",\"color\":\"gray\",\"italic\":false}"
                ],
                "minecraft:custom_data": {
                  "weapon": "soul_scythe",
                  "mt": "weapon"
                }
              }
            },
            {
              "function": "minecraft:set_attributes",
              "modifiers": [
                {
                  "id": "soul_scythe",
                  "attribute": "minecraft:generic.attack_speed",
                  "name": "minecraft:generic.attack_speed",
                  "amount": -2.1,
                  "operation": "add_value",
                  "slot": "mainhand"
                },
                {
                  "id": "soul_scythe",
                  "attribute": "minecraft:generic.attack_damage",
                  "name": "minecraft:generic.attack_damage",
                  "amount": 10,
                  "operation": "add_value",
                  "slot": "mainhand"
                },
                {
                  "id": "soul_scythe",
                  "attribute": "minecraft:player.entity_interaction_range",
                  "name": "minecraft:player.entity_interaction_range",
                  "amount": 0.5,
                  "operation": "add_value",
                  "slot": "mainhand"
                }
              ]
            },
            {
              "function": "minecraft:toggle_tooltips",
              "toggles": {
                "minecraft:attribute_modifiers": false
              }
            },
            {
              "function": "minecraft:set_enchantments",
              "enchantments": {
                "minecraft:sharpness": {
                  "min": 2,
                  "max": 5
                },
                "minecraft:smite": {
                  "min": 1,
                  "max": 5
                },
                "minecraft:looting": {
                  "min": 10,
                  "max": 10
                }
              },
              "add": true
            },
            {
              "function": "minecraft:set_lore",
              "lore": [
                {
                  "text": "  "
                },
                {
                  "text": "When in Main Hand:",
                  "color": "gray",
                  "italic": false
                },
                {
                  "text": " 11 Attack Damage",
                  "color": "dark_green",
                  "italic": false
                },
                {
                  "text": " 1.75 Attack Speed",
                  "color": "dark_green",
                  "italic": false
                },
                {
                  "text": " 3.5 Reach",
                  "color": "dark_green",
                  "italic": false
                }
              ],
               "mode": "append"
            }
          ]
        },
        {
          "type": "minecraft:item",
          "weight": 1,
          "name": "minecraft:netherite_hoe",
          "functions": [
            {
              "function": "minecraft:set_components",
              "components": {
                "minecraft:repair_cost": 99999,
                "minecraft:unbreakable": {},
                "minecraft:custom_name": "{\"text\":\"Scythe of Souls\",\"color\":\"gold\",\"italic\":false}",
                "minecraft:lore": [
                  "{\"text\":\" \"}",
                  "{\"text\":\"Ability:\",\"color\":\"green\",\"italic\":false}",
                  "{\"text\":\"Regains half a heart \",\"color\":\"gray\",\"italic\":false}",
                  "{\"text\":\"upon hitting an enemy.\",\"color\":\"gray\",\"italic\":false}"
                ],
                "minecraft:custom_data": {
                  "weapon": "soul_scythe",
                  "mt": "weapon"
                }
              }
            },
            {
              "function": "minecraft:set_attributes",
              "modifiers": [
                {
                  "id": "soul_scythe",
                  "attribute": "minecraft:generic.attack_speed",
                  "name": "minecraft:generic.attack_speed",
                  "amount": -1.75,
                  "operation": "add_value",
                  "slot": "mainhand"
                },
                {
                  "id": "soul_scythe",
                  "attribute": "minecraft:generic.attack_damage",
                  "name": "minecraft:generic.attack_damage",
                  "amount": 10,
                  "operation": "add_value",
                  "slot": "mainhand"
                },
                {
                  "id": "soul_scythe",
                  "attribute": "minecraft:player.entity_interaction_range",
                  "name": "minecraft:player.entity_interaction_range",
                  "amount": 0.5,
                  "operation": "add_value",
                  "slot": "mainhand"
                }
              ]
            },
            {
              "function": "minecraft:toggle_tooltips",
              "toggles": {
                "minecraft:attribute_modifiers": false
              }
            },
            {
              "function": "minecraft:set_enchantments",
              "enchantments": {
                "minecraft:sharpness": {
                  "min": 2,
                  "max": 5
                },
                "minecraft:smite": {
                  "min": 1,
                  "max": 5
                },
                "minecraft:looting": {
                  "min": 10,
                  "max": 10
                }
              },
              "add": true
            },
            {
              "function": "minecraft:set_lore",
              "lore": [
                {
                  "text": "  "
                },
                {
                  "text": "When in Main Hand:",
                  "color": "gray",
                  "italic": false
                },
                {
                  "text": " 11 Attack Damage",
                  "color": "dark_green",
                  "italic": false
                },
                {
                  "text": " 2.10 Attack Speed",
                  "color": "dark_green",
                  "italic": false
                },
                {
                  "text": " 3.5 Reach",
                  "color": "dark_green",
                  "italic": false
                }
              ],
               "mode": "append"
            }
          ]
        },
        {
          "type": "minecraft:item",
          "weight": 1,
          "name": "minecraft:netherite_hoe",
          "functions": [
            {
              "function": "minecraft:set_components",
              "components": {
                "minecraft:repair_cost": 99999,
                "minecraft:unbreakable": {},
                "minecraft:custom_name": "{\"text\":\"Scythe of Souls\",\"color\":\"gold\",\"italic\":false}",
                "minecraft:lore": [
                  "{\"text\":\" \"}",
                  "{\"text\":\"Ability:\",\"color\":\"green\",\"italic\":false}",
                  "{\"text\":\"Regains half a heart \",\"color\":\"gray\",\"italic\":false}",
                  "{\"text\":\"upon hitting an enemy.\",\"color\":\"gray\",\"italic\":false}"
                ],
                "minecraft:custom_data": {
                  "weapon": "soul_scythe",
                  "mt": "weapon"
                }
              }
            },
            {
              "function": "minecraft:set_attributes",
              "modifiers": [
                {
                  "id": "soul_scythe",
                  "attribute": "minecraft:generic.attack_speed",
                  "name": "minecraft:generic.attack_speed",
                  "amount": -1.1,
                  "operation": "add_value",
                  "slot": "mainhand"
                },
                {
                  "id": "soul_scythe",
                  "attribute": "minecraft:generic.attack_damage",
                  "name": "minecraft:generic.attack_damage",
                  "amount": 10,
                  "operation": "add_value",
                  "slot": "mainhand"
                },
                {
                  "id": "soul_scythe",
                  "attribute": "minecraft:player.entity_interaction_range",
                  "name": "minecraft:player.entity_interaction_range",
                  "amount": 0.5,
                  "operation": "add_value",
                  "slot": "mainhand"
                }
              ]
            },
            {
              "function": "minecraft:toggle_tooltips",
              "toggles": {
                "minecraft:attribute_modifiers": false
              }
            },
            {
              "function": "minecraft:set_enchantments",
              "enchantments": {
                "minecraft:sharpness": {
                  "min": 2,
                  "max": 5
                },
                "minecraft:smite": {
                  "min": 1,
                  "max": 5
                },
                "minecraft:looting": {
                  "min": 10,
                  "max": 10
                }
              },
              "add": true
            },
            {
              "function": "minecraft:set_lore",
              "lore": [
                {
                  "text": "  "
                },
                {
                  "text": "When in Main Hand:",
                  "color": "gray",
                  "italic": false
                },
                {
                  "text": " 11 Attack Damage",
                  "color": "dark_green",
                  "italic": false
                },
                {
                  "text": " 2.75 Attack Speed",
                  "color": "dark_green",
                  "italic": false
                },
                {
                  "text": " 3.5 Reach",
                  "color": "dark_green",
                  "italic": false
                }
              ],
               "mode": "append"
            }
          ]
        },
        {
          "type": "minecraft:item",
          "weight": 1,
          "name": "minecraft:netherite_hoe",
          "functions": [
            {
              "function": "minecraft:set_components",
              "components": {
                "minecraft:repair_cost": 99999,
                "minecraft:unbreakable": {},
                "minecraft:custom_name": "{\"text\":\"Scythe of Souls\",\"color\":\"gold\",\"italic\":false}",
                "minecraft:lore": [
                  "{\"text\":\" \"}",
                  "{\"text\":\"Ability:\",\"color\":\"green\",\"italic\":false}",
                  "{\"text\":\"Regains half a heart \",\"color\":\"gray\",\"italic\":false}",
                  "{\"text\":\"upon hitting an enemy.\",\"color\":\"gray\",\"italic\":false}"
                ],
                "minecraft:custom_data": {
                  "weapon": "soul_scythe",
                  "mt": "weapon"
                }
              }
            },
            {
              "function": "minecraft:set_attributes",
              "modifiers": [
                {
                  "id": "soul_scythe",
                  "attribute": "minecraft:generic.attack_speed",
                  "name": "minecraft:generic.attack_speed",
                  "amount": -0.75,
                  "operation": "add_value",
                  "slot": "mainhand"
                },
                {
                  "id": "soul_scythe",
                  "attribute": "minecraft:generic.attack_damage",
                  "name": "minecraft:generic.attack_damage",
                  "amount": 10,
                  "operation": "add_value",
                  "slot": "mainhand"
                },
                {
                  "id": "soul_scythe",
                  "attribute": "minecraft:player.entity_interaction_range",
                  "name": "minecraft:player.entity_interaction_range",
                  "amount": 0.5,
                  "operation": "add_value",
                  "slot": "mainhand"
                }
              ]
            },
            {
              "function": "minecraft:toggle_tooltips",
              "toggles": {
                "minecraft:attribute_modifiers": false
              }
            },
            {
              "function": "minecraft:set_enchantments",
              "enchantments": {
                "minecraft:sharpness": {
                  "min": 2,
                  "max": 5
                },
                "minecraft:smite": {
                  "min": 1,
                  "max": 5
                },
                "minecraft:looting": {
                  "min": 10,
                  "max": 10
                }
              },
              "add": true
            },
            {
              "function": "minecraft:set_lore",
              "lore": [
                {
                  "text": "  "
                },
                {
                  "text": "When in Main Hand:",
                  "color": "gray",
                  "italic": false
                },
                {
                  "text": " 11 Attack Damage",
                  "color": "dark_green",
                  "italic": false
                },
                {
                  "text": " 3.10 Attack Speed",
                  "color": "dark_green",
                  "italic": false
                },
                {
                  "text": " 3.5 Reach",
                  "color": "dark_green",
                  "italic": false
                }
              ],
               "mode": "append"
            }
          ]
        },
        {
          "type": "minecraft:item",
          "weight": 1,
          "name": "minecraft:netherite_hoe",
          "functions": [
            {
              "function": "minecraft:set_components",
              "components": {
                "minecraft:repair_cost": 99999,
                "minecraft:unbreakable": {},
                "minecraft:custom_name": "{\"text\":\"Scythe of Souls\",\"color\":\"gold\",\"italic\":false}",
                "minecraft:lore": [
                  "{\"text\":\" \"}",
                  "{\"text\":\"Ability:\",\"color\":\"green\",\"italic\":false}",
                  "{\"text\":\"Regains half a heart \",\"color\":\"gray\",\"italic\":false}",
                  "{\"text\":\"upon hitting an enemy.\",\"color\":\"gray\",\"italic\":false}"
                ],
                "minecraft:custom_data": {
                  "weapon": "soul_scythe",
                  "mt": "weapon"
                }
              }
            },
            {
              "function": "minecraft:set_attributes",
              "modifiers": [
                {
                  "id": "soul_scythe",
                  "attribute": "minecraft:generic.attack_speed",
                  "name": "minecraft:generic.attack_speed",
                  "amount": -2.1,
                  "operation": "add_value",
                  "slot": "mainhand"
                },
                {
                  "id": "soul_scythe",
                  "attribute": "minecraft:generic.attack_damage",
                  "name": "minecraft:generic.attack_damage",
                  "amount": 11,
                  "operation": "add_value",
                  "slot": "mainhand"
                },
                {
                  "id": "soul_scythe",
                  "attribute": "minecraft:player.entity_interaction_range",
                  "name": "minecraft:player.entity_interaction_range",
                  "amount": 0.5,
                  "operation": "add_value",
                  "slot": "mainhand"
                }
              ]
            },
            {
              "function": "minecraft:toggle_tooltips",
              "toggles": {
                "minecraft:attribute_modifiers": false
              }
            },
            {
              "function": "minecraft:set_enchantments",
              "enchantments": {
                "minecraft:sharpness": {
                  "min": 2,
                  "max": 5
                },
                "minecraft:smite": {
                  "min": 1,
                  "max": 5
                },
                "minecraft:looting": {
                  "min": 10,
                  "max": 10
                }
              },
              "add": true
            },
            {
              "function": "minecraft:set_lore",
              "lore": [
                {
                  "text": "  "
                },
                {
                  "text": "When in Main Hand:",
                  "color": "gray",
                  "italic": false
                },
                {
                  "text": " 12 Attack Damage",
                  "color": "dark_green",
                  "italic": false
                },
                {
                  "text": " 1.75 Attack Speed",
                  "color": "dark_green",
                  "italic": false
                },
                {
                  "text": " 3.5 Reach",
                  "color": "dark_green",
                  "italic": false
                }
              ],
               "mode": "append"
            }
          ]
        },
        {
          "type": "minecraft:item",
          "weight": 1,
          "name": "minecraft:netherite_hoe",
          "functions": [
            {
              "function": "minecraft:set_components",
              "components": {
                "minecraft:repair_cost": 99999,
                "minecraft:unbreakable": {},
                "minecraft:custom_name": "{\"text\":\"Scythe of Souls\",\"color\":\"gold\",\"italic\":false}",
                "minecraft:lore": [
                  "{\"text\":\" \"}",
                  "{\"text\":\"Ability:\",\"color\":\"green\",\"italic\":false}",
                  "{\"text\":\"Regains half a heart \",\"color\":\"gray\",\"italic\":false}",
                  "{\"text\":\"upon hitting an enemy.\",\"color\":\"gray\",\"italic\":false}"
                ],
                "minecraft:custom_data": {
                  "weapon": "soul_scythe",
                  "mt": "weapon"
                }
              }
            },
            {
              "function": "minecraft:set_attributes",
              "modifiers": [
                {
                  "id": "soul_scythe",
                  "attribute": "minecraft:generic.attack_speed",
                  "name": "minecraft:generic.attack_speed",
                  "amount": -1.75,
                  "operation": "add_value",
                  "slot": "mainhand"
                },
                {
                  "id": "soul_scythe",
                  "attribute": "minecraft:generic.attack_damage",
                  "name": "minecraft:generic.attack_damage",
                  "amount": 11,
                  "operation": "add_value",
                  "slot": "mainhand"
                },
                {
                  "id": "soul_scythe",
                  "attribute": "minecraft:player.entity_interaction_range",
                  "name": "minecraft:player.entity_interaction_range",
                  "amount": 0.5,
                  "operation": "add_value",
                  "slot": "mainhand"
                }
              ]
            },
            {
              "function": "minecraft:toggle_tooltips",
              "toggles": {
                "minecraft:attribute_modifiers": false
              }
            },
            {
              "function": "minecraft:set_enchantments",
              "enchantments": {
                "minecraft:sharpness": {
                  "min": 2,
                  "max": 5
                },
                "minecraft:smite": {
                  "min": 1,
                  "max": 5
                },
                "minecraft:looting": {
                  "min": 10,
                  "max": 10
                }
              },
              "add": true
            },
            {
              "function": "minecraft:set_lore",
              "lore": [
                {
                  "text": "  "
                },
                {
                  "text": "When in Main Hand:",
                  "color": "gray",
                  "italic": false
                },
                {
                  "text": " 12 Attack Damage",
                  "color": "dark_green",
                  "italic": false
                },
                {
                  "text": " 2.10 Attack Speed",
                  "color": "dark_green",
                  "italic": false
                },
                {
                  "text": " 3.5 Reach",
                  "color": "dark_green",
                  "italic": false
                }
              ],
               "mode": "append"
            }
          ]
        },
        {
          "type": "minecraft:item",
          "weight": 1,
          "name": "minecraft:netherite_hoe",
          "functions": [
            {
              "function": "minecraft:set_components",
              "components": {
                "minecraft:repair_cost": 99999,
                "minecraft:unbreakable": {},
                "minecraft:custom_name": "{\"text\":\"Scythe of Souls\",\"color\":\"gold\",\"italic\":false}",
                "minecraft:lore": [
                  "{\"text\":\" \"}",
                  "{\"text\":\"Ability:\",\"color\":\"green\",\"italic\":false}",
                  "{\"text\":\"Regains half a heart \",\"color\":\"gray\",\"italic\":false}",
                  "{\"text\":\"upon hitting an enemy.\",\"color\":\"gray\",\"italic\":false}"
                ],
                "minecraft:custom_data": {
                  "weapon": "soul_scythe",
                  "mt": "weapon"
                }
              }
            },
            {
              "function": "minecraft:set_attributes",
              "modifiers": [
                {
                  "id": "soul_scythe",
                  "attribute": "minecraft:generic.attack_speed",
                  "name": "minecraft:generic.attack_speed",
                  "amount": -1.1,
                  "operation": "add_value",
                  "slot": "mainhand"
                },
                {
                  "id": "soul_scythe",
                  "attribute": "minecraft:generic.attack_damage",
                  "name": "minecraft:generic.attack_damage",
                  "amount": 11,
                  "operation": "add_value",
                  "slot": "mainhand"
                },
                {
                  "id": "soul_scythe",
                  "attribute": "minecraft:player.entity_interaction_range",
                  "name": "minecraft:player.entity_interaction_range",
                  "amount": 0.5,
                  "operation": "add_value",
                  "slot": "mainhand"
                }
              ]
            },
            {
              "function": "minecraft:toggle_tooltips",
              "toggles": {
                "minecraft:attribute_modifiers": false
              }
            },
            {
              "function": "minecraft:set_enchantments",
              "enchantments": {
                "minecraft:sharpness": {
                  "min": 2,
                  "max": 5
                },
                "minecraft:smite": {
                  "min": 1,
                  "max": 5
                },
                "minecraft:looting": {
                  "min": 10,
                  "max": 10
                }
              },
              "add": true
            },
            {
              "function": "minecraft:set_lore",
              "lore": [
                {
                  "text": "  "
                },
                {
                  "text": "When in Main Hand:",
                  "color": "gray",
                  "italic": false
                },
                {
                  "text": " 12 Attack Damage",
                  "color": "dark_green",
                  "italic": false
                },
                {
                  "text": " 2.75 Attack Speed",
                  "color": "dark_green",
                  "italic": false
                },
                {
                  "text": " 3.5 Reach",
                  "color": "dark_green",
                  "italic": false
                }
              ],
               "mode": "append"
            }
          ]
        },
        {
          "type": "minecraft:item",
          "weight": 1,
          "name": "minecraft:netherite_hoe",
          "functions": [
            {
              "function": "minecraft:set_components",
              "components": {
                "minecraft:repair_cost": 99999,
                "minecraft:unbreakable": {},
                "minecraft:custom_name": "{\"text\":\"Scythe of Souls\",\"color\":\"gold\",\"italic\":false}",
                "minecraft:lore": [
                  "{\"text\":\" \"}",
                  "{\"text\":\"Ability:\",\"color\":\"green\",\"italic\":false}",
                  "{\"text\":\"Regains half a heart \",\"color\":\"gray\",\"italic\":false}",
                  "{\"text\":\"upon hitting an enemy.\",\"color\":\"gray\",\"italic\":false}"
                ],
                "minecraft:custom_data": {
                  "weapon": "soul_scythe",
                  "mt": "weapon"
                }
              }
            },
            {
              "function": "minecraft:set_attributes",
              "modifiers": [
                {
                  "id": "soul_scythe",
                  "attribute": "minecraft:generic.attack_speed",
                  "name": "minecraft:generic.attack_speed",
                  "amount": -0.75,
                  "operation": "add_value",
                  "slot": "mainhand"
                },
                {
                  "id": "soul_scythe",
                  "attribute": "minecraft:generic.attack_damage",
                  "name": "minecraft:generic.attack_damage",
                  "amount": 11,
                  "operation": "add_value",
                  "slot": "mainhand"
                },
                {
                  "id": "soul_scythe",
                  "attribute": "minecraft:player.entity_interaction_range",
                  "name": "minecraft:player.entity_interaction_range",
                  "amount": 0.5,
                  "operation": "add_value",
                  "slot": "mainhand"
                }
              ]
            },
            {
              "function": "minecraft:toggle_tooltips",
              "toggles": {
                "minecraft:attribute_modifiers": false
              }
            },
            {
              "function": "minecraft:set_enchantments",
              "enchantments": {
                "minecraft:sharpness": {
                  "min": 2,
                  "max": 5
                },
                "minecraft:smite": {
                  "min": 1,
                  "max": 5
                },
                "minecraft:looting": {
                  "min": 10,
                  "max": 10
                }
              },
              "add": true
            },
            {
              "function": "minecraft:set_lore",
              "lore": [
                {
                  "text": "  "
                },
                {
                  "text": "When in Main Hand:",
                  "color": "gray",
                  "italic": false
                },
                {
                  "text": " 12 Attack Damage",
                  "color": "dark_green",
                  "italic": false
                },
                {
                  "text": " 3.10 Attack Speed",
                  "color": "dark_green",
                  "italic": false
                },
                {
                  "text": " 3.5 Reach",
                  "color": "dark_green",
                  "italic": false
                }
              ],
               "mode": "append"
            }
          ]
        }
      ]
    }
  ]
}
