{
	"display":{
		"icon": {
			"item": "minecraft:stick",
			"nbt": "{CustomModelData:540000}"
		},
		"title": {"text":"                        "},
		"description": {"text":"\uE000\uE001\u000A\u000A\u000A\u000A\u000A\u000A\u000A","font":"siscu_se:recipes","color":"white"},
		"show_toast": true,
		"announce_to_chat": false,
		"hidden": true
	},
	"parent": "minecraft:datapack_recipes/crafting",
	"criteria": {
        "0": {
            "trigger": "minecraft:inventory_changed",
			"conditions": {
				"items": [{
					"items": ["stick","bamboo"]
				}]
			}
        }
    },
	"rewards": {
		"recipes": ["siscu:battle_staff","siscu:battle_staff_bambo"]
	}
}