{
	"display":{
		"icon": {
			"item": "minecraft:raw_copper",
			"nbt": "{CustomModelData:540000}"
		},
		"title": {"text":""},
		"description": {"text":"\uE00A\u000A\u000A\u000A\u000A\u000A\u000A\u000A","font":"siscu_se:recipes","color":"white"},
		"show_toast": true,
		"announce_to_chat": false,
		"hidden": true
	},
	"parent": "siscu:recipes/copper_sword",
	"criteria": {
        "0": {
            "trigger": "minecraft:inventory_changed",
			"conditions": {
				"items": [{
					"items": ["amethyst_shard"]
				}]
			}
        },
        "1": {
            "trigger": "minecraft:inventory_changed",
			"conditions": {
				"items": [{
					"items": ["copper_ingot"]
				}]
			}
        },
        "2": {
            "trigger": "minecraft:inventory_changed",
			"conditions": {
				"items": [{
					"items": ["redstone"]
				}]
			}
        }
    },
	"rewards": {
		"recipes": ["siscu:bee_counter"]
	}
}