{
	"display":{
		"icon": {
			"item": "minecraft:potion",
			"nbt": "{Potion:\"minecraft:water_breathing\"}"
		},
		"title": {"text":""},
		"description": {"text":"\uE701\u000A\u000A\u000A\u000A\u000A","font":"siscu_se:recipes","color":"white"},
		"show_toast": true,
		"announce_to_chat": false,
		"hidden": true
	},
	"parent": "siscu:recipes/brewing_jump_boost",
	"criteria": {
        "0": {
            "trigger": "minecraft:inventory_changed",
			"conditions": {
				"items": [{
					"items": ["pufferfish"],
					"nbt": "{CustomModelData:548100}"
				}]
			}
        }
    }
}