{
	"display":{
		"icon": {
			"item": "minecraft:iron_sword",
			"nbt": "{CustomModelData:540000}"
		},
		"title": {"text":"                                      "},
		"description": {"text":"\uE006\uE002\uE003\u000A\u000A\u000A\u000A\u000A\u000A\u000A\u000A\uE004\uE005\u000A\u000A\u000A\u000A\u000A\u000A\u000A","font":"siscu_se:recipes","color":"white"},
		"show_toast": true,
		"announce_to_chat": false,
		"hidden": true
	},
	"parent": "siscu:recipes/copper_horse_armor",
	"criteria": {
        "0": {
            "trigger": "minecraft:inventory_changed",
			"conditions": {
				"items": [{
					"tag": "minecraft:stick"
				}]
			}
        },
        "1": {
            "trigger": "minecraft:inventory_changed",
			"conditions": {
				"items": [{
					"items": ["copper_ingot"]
				}]
			}
        }
    },
	"rewards": {
		"recipes": ["siscu:copper_axe","siscu:copper_hoe","siscu:copper_pickaxe","siscu:copper_shovel","siscu:copper_sword"]
	}
}