{
	"display":{
		"icon": {
			"item": "minecraft:leather_horse_armor",
			"nbt": "{CustomModelData:548103}"
		},
		"title": {"text":""},
		"description": {"text":"\uE00F\u000A\u000A\u000A\u000A\u000A\u000A\u000A","font":"siscu_se:recipes","color":"white"},
		"show_toast": true,
		"announce_to_chat": false,
		"hidden": true
	},
	"parent": "siscu:recipes/copper_chestplate",
	"criteria": {
        "0": {
            "trigger": "minecraft:inventory_changed",
			"conditions": {
				"items": [{
					"items": ["copper_ingot"]
				}]
			}
        }
    },
	"rewards": {
		"recipes": ["siscu:copper_horse_armor"]
	}
}