{
	"display":{
		"icon": {
			"item": "minecraft:leather_chestplate",
			"nbt": "{CustomModelData:540000}"
		},
		"title": {"text":"                        "},
		"description": {"text":"\uE00B\uE00C\u000A\u000A\u000A\u000A\u000A\u000A\u000A\u000A\uE00D\uE00E\u000A\u000A\u000A\u000A\u000A\u000A\u000A","font":"siscu_se:recipes","color":"white"},
		"show_toast": true,
		"announce_to_chat": false,
		"hidden": true
	},
	"parent": "minecraft:datapack_recipes/crafting",
	"criteria": {
        "1": {
            "trigger": "minecraft:inventory_changed",
			"conditions": {
				"items": [{
					"items": ["copper_ingot"]
				}]
			}
        }
    },
	"rewards": {
		"recipes": ["siscu:copper_helmet","siscu:copper_chestplate","siscu:copper_leggings","siscu:copper_boots"]
	}
}