{
	"display":{
		"icon": {
			"item": "minecraft:leather_horse_armor",
			"nbt": "{CustomModelData:548101}"
		},
		"title": {"text":""},
		"description": {"text":"\uE401\u000A\u000A\u000A","font":"siscu_se:recipes","color":"white"},
		"show_toast": true,
		"announce_to_chat": false,
		"hidden": true
	},
	"parent": "siscu:recipes/wax_horse_armor",
	"criteria": {
        "0": {
            "trigger": "minecraft:inventory_changed",
			"conditions": {
				"items": [{
					"items": ["diamond_horse_armor"]
				}]
			}
        },
        "1": {
            "trigger": "minecraft:inventory_changed",
			"conditions": {
				"items": [{
					"items": ["netherite_ingot"]
				}]
			}
        }
    },
	"rewards": {
		"recipes": ["siscu:netherite_horse_armor"]
	}
}