{
	"display":{
		"icon": {
			"item": "minecraft:stick",
			"nbt": "{CustomModelData:548103}"
		},
		"title": {"text":"        "},
		"description": {"text":"\uE009\u000A\u000A\u000A\u000A\u000A\u000A\u000A","font":"siscu_se:recipes","color":"white"},
		"show_toast": true,
		"announce_to_chat": false,
		"hidden": true
	},
	"parent": "siscu:recipes/battle_staff",
	"criteria": {
        "0": {
            "trigger": "minecraft:inventory_changed",
			"conditions": {
				"items": [{
					"items": ["stick"]
				}]
			}
        },
        "1": {
            "trigger": "minecraft:inventory_changed",
			"conditions": {
				"items": [{
					"items": ["string"]
				}]
			}
        }
    },
	"rewards": {
		"recipes": ["siscu:shutters"]
	}
}