{
	"display":{
		"icon": {
			"item": "minecraft:cooked_cod"
		},
		"title": {"text":"        "},
		"description": {"text":"\uE500\u000A\u000A\u000A\u000A\u000A\u000A\u000A","font":"siscu_se:recipes","color":"white"},
		"show_toast": true,
		"announce_to_chat": false,
		"hidden": true
	},
	"parent": "minecraft:datapack_recipes/smoking",
	"criteria": {
        "0": {
            "trigger": "minecraft:inventory_changed",
			"conditions": {
				"items": [{
					"items": ["cod"]
				}]
			}
        }
    }
}