{
	"display":{
		"icon": {
			"item": "minecraft:brewing_stand"
		},
		"title": {"text":" "},
		"description": {"text":"\uE607\u000A\u000A\u000A","font":"siscu_se:recipes","color":"white"},
		"show_toast": true,
		"announce_to_chat": false,
		"hidden": true
	},
	"parent": "siscu:recipes/stonecutting_trapped_chest",
	"criteria": {
        "0": {
            "trigger": "minecraft:inventory_changed",
			"conditions": {
				"items": [{
					"items": ["brewing_stand"]
				}]
			}
        }
    }
}