{
	"display":{
		"icon": {
			"item": "minecraft:scaffolding"
		},
		"title": {"text":" "},
		"description": {"text":"\uE600\u000A\u000A\u000A","font":"siscu_se:recipes","color":"white"},
		"show_toast": true,
		"announce_to_chat": false,
		"hidden": true
	},
	"parent": "minecraft:datapack_recipes/stonecutting",
	"criteria": {
        "0": {
            "trigger": "minecraft:inventory_changed",
			"conditions": {
				"items": [{
					"items": ["scaffolding"]
				}]
			}
        }
    }
}