{
	"display":{
		"icon": {
			"item": "minecraft:trapped_chest"
		},
		"title": {"text":" "},
		"description": {"text":"\uE606\u000A\u000A\u000A","font":"siscu_se:recipes","color":"white"},
		"show_toast": true,
		"announce_to_chat": false,
		"hidden": true
	},
	"parent": "siscu:recipes/stonecutting_jukebox",
	"criteria": {
        "0": {
            "trigger": "minecraft:inventory_changed",
			"conditions": {
				"items": [{
					"items": ["trapped_chest"]
				}]
			}
        }
    }
}