{
	"display":{
		"icon": {
			"item": "minecraft:trident"
		},
		"title": {"text":""},
		"description": {"text":"\uE400\u000A\u000A\u000A","font":"siscu_se:recipes","color":"white"},
		"show_toast": true,
		"announce_to_chat": false,
		"hidden": true
	},
	"parent": "minecraft:datapack_recipes/smithing",
	"criteria": {
        "0": {
            "trigger": "minecraft:inventory_changed",
			"conditions": {
				"items": [{
					"items": ["lightning_rod"]
				}]
			}
        },
        "1": {
            "trigger": "minecraft:inventory_changed",
			"conditions": {
				"items": [{
					"items": ["heart_of_the_sea"]
				}]
			}
        }
    }
}