{
	"display":{
		"icon": {
			"item": "minecraft:rabbit_stew",
			"nbt": "{CustomModelData:548101}"
		},
		"title": {"text":""},
		"description": [{"text":"\uE103\u000A\u000A\u000A\u000A\u000A","font":"siscu_se:recipes","color":"white"}],
		"show_toast": true,
		"announce_to_chat": false,
		"hidden": true
	},
	"parent": "siscu:recipes/warped_wart",
	"criteria": {
        "0": {
            "trigger": "minecraft:inventory_changed",
			"conditions": {
				"items": [{
					"items": ["warped_wart_block"]
				}]
			}
        },
        "1": {
            "trigger": "minecraft:inventory_changed",
			"conditions": {
				"items": [{
					"items": ["bowl"]
				}]
			}
        }
    },
	"rewards": {
		"recipes": ["siscu:warped_wart_stew"]
	}
}