{
  "display": {
    "icon": {
      "id": "minecraft:plenty_pottery_sherd"
    },
    "title": "We Are One, But Also Many",
    "description": "Use an Ally Rune",
    "frame": "task",
    "show_toast": true,
    "announce_to_chat": true,
    "hidden": false
  },
  "parent": "mt:treasure_advancements/first_epic_savanna_treasure",
  "criteria": {
    "requirement": {
      "trigger": "minecraft:using_item",
      "conditions": {
        "item": {
          "predicates": {
  "minecraft:custom_data": "{rune:\"mt.ally\"}"
      }        }
      }
    }
  }
}
