{
	"credit": "Made by CiscuLog with Blockbench",
	"texture_size": [64, 16],
	"textures": {
		"1": "siscu_se:item/piglin_decoration/brute_helmet_1",
		"particle": "siscu_se:item/piglin_skull"
	},
	"elements": [
		{
			"from": [2, 3.75, 2.5],
			"to": [14, 5.75, 12.5],
			"rotation": {"angle": 0, "axis": "x", "origin": [8, 4.75, 7.5]},
			"faces": {
				"north": {"uv": [2.5, 10, 5.5, 12], "texture": "#1"},
				"east": {"uv": [0, 10, 2.5, 12], "texture": "#1"},
				"south": {"uv": [8, 10, 11, 12], "texture": "#1"},
				"west": {"uv": [5.5, 10, 8, 12], "texture": "#1"},
				"up": {"uv": [5.5, 10, 2.5, 0], "texture": "#1"},
				"down": {"uv": [8.5, 0, 5.5, 10], "texture": "#1"}
			}
		},
		{
			"from": [4.9, 3.8, 2.25],
			"to": [11.1, 7.8, 3.25],
			"faces": {
				"north": {"uv": [8.75, 5, 10.25, 9], "texture": "#1"},
				"east": {"uv": [8.5, 5, 8.75, 9], "texture": "#1"},
				"west": {"uv": [10.25, 5, 10.5, 9], "texture": "#1"},
				"up": {"uv": [10.25, 5, 8.75, 4], "texture": "#1"},
				"down": {"uv": [10.25, 9, 8.75, 10], "texture": "#1"}
			}
		},
		{
			"from": [7, 10, 3],
			"to": [9, 13, 13],
			"faces": {
				"north": {"uv": [13, 13, 13.5, 16], "texture": "#1"},
				"east": {"uv": [13, 11, 12.25, 3], "rotation": 90, "texture": "#1"},
				"south": {"uv": [13.5, 3, 14, 6], "texture": "#1"},
				"west": {"uv": [13, 11, 12.25, 3], "rotation": 90, "texture": "#1"},
				"up": {"uv": [13.5, 13, 13, 3], "texture": "#1"},
				"down": {"uv": [13.5, 15, 13, 16], "texture": "#1"}
			}
		},
		{
			"from": [6, 8, 3.9],
			"to": [10, 12.1, 12.1],
			"faces": {
				"north": {"uv": [14, 11, 15, 15], "texture": "#1"},
				"south": {"uv": [15, 3, 16, 7], "texture": "#1"},
				"up": {"uv": [14, 3, 15, 11], "texture": "#1"}
			}
		}
	],
	"display": {
		"head": {
			"scale": [1.61, 1.61, 1.61]
		}
	},
	"groups": [
		{
			"name": "helmet",
			"origin": [8, 8, 8],
			"color": 0,
			"nbt": "{}",
			"armAnimationEnabled": false,
			"children": [0, 1, 2, 3]
		}
	]
}