{
	"credit": "Made by CiscuLog with Blockbench",
	"texture_size": [64, 32],
	"textures": {
		"0": "siscu_se:item/piglin_decoration/brute_helmet_2",
		"particle": "siscu_se:item/piglin_decoration/brute_helmet_2"
	},
	"elements": [
		{
			"from": [3.99, 2.99, 3.99],
			"to": [13.01, 12.01, 13.01],
			"faces": {
				"north": {"uv": [2, 4, 4, 8], "texture": "#0"},
				"east": {"uv": [0, 4, 2, 8], "texture": "#0"},
				"south": {"uv": [6, 4, 8, 8], "texture": "#0"},
				"west": {"uv": [4, 4, 6, 8], "texture": "#0"},
				"up": {"uv": [4, 4, 2, 0], "texture": "#0"},
				"down": {"uv": [6, 0, 4, 4], "texture": "#0"}
			}
		},
		{
			"from": [13, 3, 4],
			"to": [4, 12, 13],
			"rotation": {"angle": 0, "axis": "y", "origin": [8, 8, 8]},
			"faces": {
				"north": {"uv": [4, 4, 2, 8], "texture": "#0"},
				"east": {"uv": [0, 4, 2, 8], "texture": "#0"},
				"south": {"uv": [8, 4, 6, 8], "texture": "#0"},
				"west": {"uv": [6, 4, 4, 8], "texture": "#0"},
				"up": {"uv": [2, 4, 4, 0], "texture": "#0"},
				"down": {"uv": [4, 0, 6, 4], "texture": "#0"}
			}
		},
		{
			"from": [2, 4, -1],
			"to": [4, 6, 7],
			"rotation": {"angle": 22.5, "axis": "x", "origin": [4, 5, 7]},
			"faces": {
				"north": {"uv": [1.25, 9.5, 1.75, 10.5], "rotation": 180, "texture": "#0"},
				"east": {"uv": [0.25, 10.5, 0.75, 14.5], "rotation": 90, "texture": "#0"},
				"south": {"uv": [1.75, 9.5, 2.25, 10.5], "texture": "#0"},
				"west": {"uv": [1.25, 10.5, 1.75, 14.5], "rotation": 270, "texture": "#0"},
				"up": {"uv": [1.75, 10.5, 2.25, 14.5], "texture": "#0"},
				"down": {"uv": [0.75, 10.5, 1.25, 14.5], "rotation": 180, "texture": "#0"}
			}
		},
		{
			"from": [13, 4, -1],
			"to": [15, 6, 7],
			"rotation": {"angle": 22.5, "axis": "x", "origin": [4, 5, 7]},
			"faces": {
				"north": {"uv": [1.25, 9.5, 1.75, 10.5], "rotation": 180, "texture": "#0"},
				"east": {"uv": [0.25, 10.5, 0.75, 14.5], "rotation": 90, "texture": "#0"},
				"south": {"uv": [1.75, 9.5, 2.25, 10.5], "texture": "#0"},
				"west": {"uv": [1.25, 10.5, 1.75, 14.5], "rotation": 270, "texture": "#0"},
				"up": {"uv": [1.75, 10.5, 2.25, 14.5], "texture": "#0"},
				"down": {"uv": [0.75, 10.5, 1.25, 14.5], "rotation": 180, "texture": "#0"}
			}
		},
		{
			"from": [9, 5, 4],
			"to": [9.01, 16, 17],
			"faces": {
				"north": {"uv": [0, 0, 0.25, 0.5], "texture": "#0"},
				"east": {"uv": [12.75, 2, 9.5, 7.5], "texture": "#0"},
				"south": {"uv": [0, 0, 0.25, 0.5], "texture": "#0"},
				"west": {"uv": [9.5, 2, 12.75, 7.5], "texture": "#0"},
				"up": {"uv": [0, 0, 0.25, 0.5], "texture": "#0"},
				"down": {"uv": [0, 0, 0.25, 0.5], "texture": "#0"}
			}
		}
	],
	"display": {
		"thirdperson_righthand": {
			"rotation": [75, 45, 0],
			"translation": [0, 2.5, 0],
			"scale": [0.375, 0.375, 0.375]
		},
		"thirdperson_lefthand": {
			"rotation": [75, 45, 0],
			"translation": [0, 2.5, 0],
			"scale": [0.375, 0.375, 0.375]
		},
		"firstperson_righthand": {
			"rotation": [0, 45, 0],
			"scale": [0.4, 0.4, 0.4]
		},
		"firstperson_lefthand": {
			"rotation": [0, 225, 0],
			"scale": [0.4, 0.4, 0.4]
		},
		"ground": {
			"translation": [0, 3, 0],
			"scale": [0.25, 0.25, 0.25]
		},
		"gui": {
			"rotation": [30, 225, 0],
			"scale": [0.625, 0.625, 0.625]
		},
		"head": {
			"translation": [-0.9, 1, -1],
			"scale": [1.801, 1.801, 1.801]
		},
		"fixed": {
			"scale": [0.5, 0.5, 0.5]
		}
	}
}