{
  "pools": [
    {
      "rolls": {
        "min": {
          "type": "minecraft:score",
          "target": "this",
          "score": "mt.progression",
          "scale": 0.00002
        },
        "max": {
          "type": "minecraft:score",
          "target": "this",
          "score": "mt.progression",
          "scale": 0.000025
        }
      },
      "bonus_rolls": {
        "min": 1,
        "max": 6
      },
      "entries": [
        {
          "type": "minecraft:loot_table",
          "value": "mt:charms/legendary",
          "conditions": [
            {
              "condition": "minecraft:value_check",
              "value": {
                "type": "minecraft:score",
                "target": {
                  "type": "minecraft:fixed",
                  "name": "#disable_legendary_charm"
                },
                "score": "mt.constant"
              },
              "range": 0
            },
            {
              "condition": "minecraft:random_chance",
              "chance": 0.05
            }
          ]
        },
        {
          "type": "minecraft:item",
          "name": "minecraft:golden_carrot",
          "weight": 3,
          "functions": [
            {
              "function": "minecraft:set_count",
              "count": {
                "min": 8,
                "max": 16
              }
            }
          ],
          "conditions": [
            {
              "condition": "minecraft:entity_scores",
              "entity": "this",
              "scores": {
                "mt.progression": {
                  "max": 399999
                }
              }
            }
          ]
        },
        {
          "type": "minecraft:item",
          "weight": 2,
          "name": "minecraft:globe_banner_pattern",
          "functions": [
            {
              "function": "minecraft:set_count",
              "count": 1
            },
            {
              "function": "minecraft:set_name",
              "name": [
                {
                  "text": "Ally Boost",
                  "color": "gold",
                  "italic": false
                }
              ]
            },
            {
              "function": "minecraft:set_lore",
              "lore": [
                {
                  "text": "RUNE",
                  "color": "gold",
                  "bold": true,
                  "italic": false
                },
                {
                  "text": " ",
                  "color": "gray",
                  "italic": false
                },
                {
                  "text": "Ability:",
                  "color": "green",
                  "italic": false
                },
                {
                  "text": "When activated grants all ridable ",
                  "color": "gray",
                  "italic": false
                },
                {
                  "text": "entities Strength III, Regeneration IV ",
                  "color": "gray",
                  "italic": false
                },
                {
                  "text": "and Resistance II for 20 seconds in ",
                  "color": "gray",
                  "italic": false
                },
                {
                  "text": "a 10 block radius! ",
                  "color": "gray",
                  "italic": false
                }
              ],
               "mode": "replace_all"
            },
            {
              "function": "minecraft:set_components",
              "components": {
                "max_stack_size": 16,
                "minecraft:food": {
                  "nutrition": 0,
                  "saturation": 0,
                  "can_always_eat": true,
                  "eat_seconds": 9999999
                },
                "minecraft:enchantment_glint_override": true,
                "minecraft:custom_data": {
                  "rune": "mt.ally",
                    "mt": "rune"
                  }
                }
            }
          ],
          "conditions": [
            {
              "condition": "minecraft:value_check",
              "value": {
                "type": "minecraft:score",
                "target": {
                  "type": "minecraft:fixed",
                  "name": "#disable_rune"
                },
                "score": "mt.constant"
              },
              "range": 0
            },
            {
              "condition": "minecraft:entity_scores",
              "entity": "this",
              "scores": {
                "mt.progression": {
                  "min": 500000
                }
              }
            }
          ]
        },
        {
          "type": "minecraft:item",
          "name": "minecraft:golden_apple",
          "weight": 2,
          "functions": [
            {
              "function": "minecraft:set_count",
              "count": {
                "min": 3,
                "max": 6
              }
            }
          ],
          "conditions": [
            {
              "condition": "minecraft:entity_scores",
              "entity": "this",
              "scores": {
                "mt.progression": {
                  "max": 499999
                }
              }
            }
          ]
        },
        {
          "type": "minecraft:loot_table",
          "weight": 1,
          "value": "mt:chests/savanna_treasure/savanna_helmet",
          "conditions": [
            {
              "condition": "minecraft:random_chance",
              "chance": 0.5
            },
            {
              "condition": "minecraft:entity_scores",
              "entity": "this",
              "scores": {
                "mt.progression": {
                  "min": 500000
                }
              }
            }
          ]
        },
        {
          "type": "minecraft:item",
          "name": "minecraft:stick",
          "weight": 2,
          "functions": [
            {
              "function": "minecraft:set_components",
              "components": {
                "minecraft:custom_data": {
                  "spawn": "mt.pegasus"
                },
                "minecraft:enchantment_glint_override": true,
                "minecraft:food": {
                  "nutrition": 0,
                  "saturation": 0,
                  "can_always_eat": true,
                  "eat_seconds": 999999
                },
                "minecraft:fire_resistant": {},
                "minecraft:rarity": "rare",
                "minecraft:tool": {
                  "rules": [
                    {
                      "blocks": "#minecraft:base_stone_overworld",
                      "speed": 1,
                      "correct_for_drops": false
                    }
                  ]
                },
                "minecraft:max_stack_size": 16
              }
            },
            {
              "function": "minecraft:toggle_tooltips",
              "toggles": {
                "minecraft:attribute_modifiers": false
              }
            },
            {
              "function": "minecraft:set_name",
              "name": [
                {
                  "text": "Pegasus Spawn",
                  "color": "gold",
                  "italic": false
                }
              ]
            },
            {
              "function": "minecraft:set_lore",
              "lore": [
                {
                  "text": "  "
                },
                {
                  "text": "Spawns the mighty Pegasus. ",
                  "color": "gray",
                  "italic": false
                }
              ],
               "mode": "replace_all"
            }
          ],
          "conditions": [
            {
              "condition": "minecraft:random_chance",
              "chance": 0.5
            }
          ]
        },
        {
          "type": "minecraft:item",
          "name": "minecraft:enchanted_golden_apple",
          "weight": 2,
          "functions": [
            {
              "function": "minecraft:set_count",
              "count": {
                "min": 1,
                "max": 1
              }
            }
          ]
        },
        {
          "type": "item",
          "weight": 1,
          "name": "minecraft:carrot_on_a_stick",
          "functions": [
            {
              "function": "set_count",
              "count": 1
            },
            {
              "function": "minecraft:set_components",
              "components": {
              "minecraft:unbreakable": {}
              }
            }
          ]
        },
        {
          "type": "minecraft:item",
          "name": "minecraft:lead",
          "weight": 3,
          "functions": [
            {
              "function": "minecraft:set_count",
              "count": {
                "min": 6,
                "max": 12
              }
            }
          ]
        },
        {
          "type": "minecraft:item",
          "name": "minecraft:hay_block",
          "weight": 3,
          "functions": [
            {
              "function": "minecraft:set_count",
              "count": {
                "min": 64,
                "max": 128
              }
            }
          ]
        },
        {
          "type": "minecraft:item",
          "name": "minecraft:pink_shulker_box",
          "weight": 2,
          "functions": [
            {
              "function": "minecraft:set_contents",
              "component": "minecraft:container",
              "entries": [
                {
                  "type": "minecraft:loot_table",
                  "value": "mt:chests/savanna_treasure/savanna_epic_treasure"
                }
              ]
            }
          ],
          "conditions": [
            {
              "condition": "minecraft:random_chance",
              "chance": 0.5
            }
          ]
        },
        {
          "type": "minecraft:item",
          "weight": 1,
          "name": "minecraft:crossbow",
          "functions": [
            {
              "function": "minecraft:set_components",
              "components": {
                "minecraft:repair_cost": 99999,
                "minecraft:unbreakable": {},
                "minecraft:custom_name": "{\"text\":\"Drylands Piercer\",\"color\":\"gold\",\"italic\":false}",
                "minecraft:lore": [
                  "{\"text\":\" \"}",
                  "{\"text\":\"Ability:\",\"color\":\"green\",\"italic\":false}",
                  "{\"text\":\"Shots deal additional 3 true \",\"color\":\"gray\",\"italic\":false}",
                  "{\"text\":\"damage, works with rockets. \",\"color\":\"gray\",\"italic\":false}"
                ],
                "minecraft:custom_data": {
                  "weapon": "drylands_piercer",
                  "mt": "weapon"
                }
              }
            },
            {
              "function": "minecraft:set_enchantments",
              "enchantments": {
                "minecraft:piercing": {
                  "min": 1,
                  "max": 10
                },
                "minecraft:quick_charge": {
                  "min": 1,
                  "max": 3
                },
                "minecraft:multishot": {
                  "min": 0,
                  "max": 1
                }
              }
            }
          ],
          "conditions": [
            {
              "condition": "minecraft:entity_scores",
              "entity": "this",
              "scores": {
                "mt.progression": {
                  "min": 600000
                }
              }
            }
          ]
        },
        {
          "type": "minecraft:item",
          "name": "minecraft:golden_horse_armor",
          "functions": [
            {
              "function": "set_name",
              "name": [
                {
                  "text": "Legendary Horse Armor",
                  "color": "gold",
                  "italic": false
                }
              ]
            },
            {
              "function": "minecraft:set_enchantments",
              "enchantments": {
                "minecraft:feather_falling": {
                  "min": 4,
                  "max": 7
                },
                "minecraft:fire_protection": {
                  "min": 1,
                  "max": 10
                },
                "minecraft:protection": {
                  "min": 1,
                  "max": 10
                },
                "minecraft:blast_protection": {
                  "min": 1,
                  "max": 10
                }
              }
            },
            {
              "function": "minecraft:set_attributes",
              "modifiers": [
                {
                  "id": "mine_treasure",
                  "attribute": "minecraft:generic.armor_toughness",
                  "name": "minecraft:generic.armor_toughness",
                  "amount": {
                    "min": 2,
                    "max": 4
                  },
                  "operation": "add_value",
                  "slot": "body"
                },
                {
                  "id": "mine_treasure",
                  "attribute": "minecraft:generic.step_height",
                  "name": "minecraft:generic.step_height",
                  "amount": {
                    "min": 1,
                    "max": 3
                  },
                  "operation": "add_value",
                  "slot": "body"
                },
                {
                  "id": "mine_treasure",
                  "attribute": "minecraft:generic.jump_strength",
                  "name": "minecraft:generic.jump_strength",
                  "amount": {
                    "min": 0.25,
                    "max": 0.75
                  },
                  "operation": "add_multiplied_base",
                  "slot": "body"
                },
                {
                  "id": "mine_treasure",
                  "attribute": "minecraft:generic.movement_speed",
                  "name": "minecraft:generic.movement_speed",
                  "amount": {
                    "min": 0.5,
                    "max": 1
                  },
                  "operation": "add_multiplied_base",
                  "slot": "body"
                },
                {
                  "id": "mine_treasure",
                  "attribute": "minecraft:generic.armor",
                  "name": "minecraft:generic.armor",
                  "amount": {
                    "min": 2.25,
                    "max": 4.5
                  },
                  "operation": "add_value",
                  "slot": "body"
                }
              ]
            }
          ]
        },
        {
          "type": "item",
          "weight": 2,
          "name": "minecraft:splash_potion",
          "functions": [
            {
              "function": "set_count",
              "count": 1
            },
            {
              "function": "minecraft:set_components",
              "components": {
                "minecraft:max_stack_size": 5,
                "minecraft:custom_name": "{\"text\":\"Horse Drugs\",\"color\":\"light_purple\",\"italic\":false}",
                "minecraft:potion_contents": {
                  "custom_color": 16716440,
                  "custom_effects": [
                    {
                      "id": "minecraft:speed",
                      "amplifier": 3,
                      "duration": 1980,
                      "show_particles": true
                    },
                    {
                      "id": "minecraft:jump_boost",
                      "amplifier": 3,
                      "duration": 1980,
                      "show_particles": true
                    }
                  ]
                }
              }
            }
          ]
        }
      ]
    }
  ]
}
