{
    "condition": "minecraft:any_of",
    "terms": [
        {
            "condition": "minecraft:location_check",
            "predicate": {
              "block": {
                "nbt": "{Items:[{Slot:0b}]}"
              }
            }
          },{
        "condition": "minecraft:location_check",
        "predicate": {
          "block": {
            "nbt": "{Items:[{Slot:2b}]}"
          }
        }
      },
      {
        "condition": "minecraft:location_check",
        "predicate": {
          "block": {
            "nbt": "{Items:[{Slot:3b}]}"
          }
        }
      },
      {
        "condition": "minecraft:location_check",
        "predicate": {
          "block": {
            "nbt": "{Items:[{Slot:5b}]}"
          }
        }
      }
        
        
      
    ]
  }
  