{
    "condition": "minecraft:any_of",
    "terms": [
        {
            "condition": "minecraft:location_check",
            "predicate": {
              "block": {
                "nbt": "{Items:[{Slot:3b,id:'minecraft:oak_fence',Count:1b}]}"
              }
            }
          },
          {
            "condition": "minecraft:location_check",
            "predicate": {
              "block": {
                "nbt": "{Items:[{Slot:3b,id:'minecraft:spruce_fence',Count:1b}]}"
              }
            }
          },
          {
            "condition": "minecraft:location_check",
            "predicate": {
              "block": {
                "nbt": "{Items:[{Slot:3b,id:'minecraft:dark_oak_fence',Count:1b}]}"
              }
            }
          },
          {
            "condition": "minecraft:location_check",
            "predicate": {
              "block": {
                "nbt": "{Items:[{Slot:3b,id:'minecraft:cherry_fence',Count:1b}]}"
              }
            }
          },
          {
            "condition": "minecraft:location_check",
            "predicate": {
              "block": {
                "nbt": "{Items:[{Slot:3b,id:'minecraft:jungle_fence',Count:1b}]}"
              }
            }
          },
          {
            "condition": "minecraft:location_check",
            "predicate": {
              "block": {
                "nbt": "{Items:[{Slot:3b,id:'minecraft:birch_fence',Count:1b}]}"
              }
            }
          },
          {
            "condition": "minecraft:location_check",
            "predicate": {
              "block": {
                "nbt": "{Items:[{Slot:3b,id:'minecraft:acacia_fence',Count:1b}]}"
              }
            }
          },
          {
            "condition": "minecraft:location_check",
            "predicate": {
              "block": {
                "nbt": "{Items:[{Slot:3b,id:'minecraft:mangrove_fence',Count:1b}]}"
              }
            }
          },
          {
            "condition": "minecraft:location_check",
            "predicate": {
              "block": {
                "nbt": "{Items:[{Slot:3b,id:'minecraft:warped_fence',Count:1b}]}"
              }
            }
          },
          {
            "condition": "minecraft:location_check",
            "predicate": {
              "block": {
                "nbt": "{Items:[{Slot:3b,id:'minecraft:crimson_fence',Count:1b}]}"
              }
            }
          },
          {
            "condition": "minecraft:location_check",
            "predicate": {
              "block": {
                "nbt": "{Items:[{Slot:3b,id:'minecraft:bamboo_fence',Count:1b}]}"
              }
            }
          }
        
        
      
    ]
  }
  