{
	"show_toast": true,
	"criteria": {
		"0": 
		{
			"trigger":"minecraft:tick",
			"conditions": {
				"player": [{
					"condition": "minecraft:entity_properties",
					"entity":"this",
					"predicate": {
						"equipment": {
							"mainhand": {
								"items": ["stick"],
                                "nbt": "{CustomModelData:548101}"
							}
						}
					}
				}]
			}
		},
		"1": 
		{
			"trigger":"minecraft:tick",
			"conditions": {
				"player": [{
					"condition": "minecraft:entity_properties",
					"entity":"this",
					"predicate": {
						"equipment": {
							"mainhand": {
								"items": ["stick"],
                                "nbt": "{CustomModelData:548102}"
							}
						}
					}
				}]
			}
		}
	},
	"requirements":[["0","1"]],
	"rewards": {
		"function": "siscu:items/update/battle_staff_stick"
	}
}