{
	"show_toast": true,
	"criteria": {
		"0": 
		{
			"trigger":"minecraft:tick",
			"conditions": {
				"player": [{
					"condition": "minecraft:entity_properties",
					"entity":"this",
					"predicate": {
						"equipment": {
							"head": {
                                "nbt": "{SE_data:{IsCopper:1,UpdateVersion: \"ALPHA_v0.3.1\"}}"
							}
						}
					}
				}]
			}
		},
		"1": 
		{
			"trigger":"minecraft:tick",
			"conditions": {
				"player": [{
					"condition": "minecraft:entity_properties",
					"entity":"this",
					"predicate": {
						"equipment": {
							"head": {
                                "nbt": "{SE_data:{IsCopper:1,UpdateVersion: \"ALPHA_v0.7.5\"}}"
							}
						}
					}
				}]
			}
		}
	},
	"requirements":[["0","1"]],
	"rewards": {
		"function": "siscu:items/update/copper_helmet"
	}
}