{
	"show_toast": false,
	"criteria": {
		"0": 
		{
			"trigger":"minecraft:tick",
			"conditions": {
				"player": [{
					"condition": "minecraft:entity_properties",
					"entity":"this",
					"predicate": {
						"equipment": {
							"mainhand": {
                                "nbt": "{SE_data:{IsCopper:1,CustomWeapon:1,UpdateVersion: \"ALPHA_v0.3.1\"}}"
							}
						}
					}
				}]
			}
		}
	},
	"requirements":[["0"]],
	"rewards": {
		"function": "siscu:items/update/copper_tools"
	}
}