{
	"parent": "minecraft:adventure/avoid_vibration",
	"display":{
			"icon": {
					"item": "minecraft:bell"
			},
			"title": {"translate": "advancements.siscu.minecraft.ring_bell_using_echo_shard.title"},
			"description": [{
				"translate": "advancements.siscu.minecraft.ring_bell_using_echo_shard.description"
				},
				{
					"text":"\nSurvivor's Elegy",
					"color": "gold",
					"italic": true
				}
		],
		"show_toast": true,
		"announce_to_chat": false,
		"hidden": false,
		"frame": "task"
	},
    "criteria": {
        "1":{
            "trigger": "minecraft:impossible"
        }
    }
}