{
	"parent": "minecraft:adventure/root",
	"display":{
			"icon": {
					"item": "minecraft:tall_grass"
			},
			"title": {"translate": "advancements.siscu.minecraft.sneak_in_tall_grass.title"},
			"description": [{
				"translate": "advancements.siscu.minecraft.sneak_in_tall_grass.description"
				},
				{
					"text":"\nSurvivor's Elegy",
					"color": "gold",
					"italic": true
				}
		],
		"show_toast": true,
		"announce_to_chat": false,
		"hidden": false,
		"frame": "task"
	},
    "criteria": {
        "1":{
			"trigger":"minecraft:tick",
			"conditions": {
			  "player": [
				{
				  "condition": "minecraft:entity_scores",
				  "scores":{
					"siscu.grass_stealth": {"min":40} 
				  },
				  "entity": "this"
				},
				{
					"condition": "minecraft:inverted",
					"term": {
						"condition": "minecraft:reference",
						"name": "siscu:entities/is_wearing_armor"
					}
				}
			  ]
			}
		}
    }
}