{
	"parent": "minecraft:adventure/kill_a_mob",
	"display":{
			"icon": {
					"item": "minecraft:leather_chestplate",
					"nbt": "{CustomModelData:540010}"
			},
			"title": {"translate": "advancements.siscu.minecraft.stray_clothes.title"},
			"description": [{
				"translate": "advancements.siscu.minecraft.stray_clothes.description"
				},
				{
					"text":"\nSurvivor's Elegy",
					"color": "gold",
					"italic": true
				}
		],
		"show_toast": true,
		"announce_to_chat": true,
		"hidden": false,
		"frame": "task"
	},
	"criteria": {
		"1": {
			"trigger":"minecraft:inventory_changed",
			"conditions": {
				"items": [
				{
					"items": ["leather_chestplate","leather_helmet"],
					"nbt": "{CustomModelData:540010}"
				}
				]
			}
		}
	}
}