{
	"parent": "minecraft:adventure/kill_mob_near_sculk_catalyst",
	"display":{
			"icon": {
					"item": "minecraft:sculk_shrieker"
			},
			"title": {"translate": "advancements.siscu.minecraft.warden_retreat.title"},
			"description": [{
				"translate": "advancements.siscu.minecraft.warden_retreat.description"
				},
				{
					"text":"\nSurvivor's Elegy",
					"color": "gold",
					"italic": true
				}
		],
		"show_toast": true,
		"announce_to_chat": true,
		"hidden": true,
		"frame": "challenge"
	},
    "criteria": {
        "1":{
            "trigger": "minecraft:impossible"
        }
    }
}