{
	"parent": "minecraft:adventure/craft_decorated_pot_using_only_sherds",
	"display":{
			"icon": {
					"item": "minecraft:gold_ingot"
			},
			"title": {"translate": "advancements.siscu.minecraft.well_treasure.title"},
			"description": [{
				"translate": "advancements.siscu.minecraft.well_treasure.description"
				},
				{
					"text":"\nSurvivor's Elegy",
					"color": "gold",
					"italic": true
				}
		],
		"show_toast": true,
		"announce_to_chat": false,
		"hidden": false,
		"frame": "task"
	},
    "criteria": {
        "1":{
            "trigger": "minecraft:impossible"
        }
    }
}