{
    "condition": "minecraft:any_of",
    "terms": [
        {
            "condition": "minecraft:location_check",
            "predicate": {
              "block": {
                "nbt": "{Items:[{Slot:4b,id:'minecraft:oak_planks',Count:1b}]}"
              }
            }
          },
          {
            "condition": "minecraft:location_check",
            "predicate": {
              "block": {
                "nbt": "{Items:[{Slot:4b,id:'minecraft:spruce_planks',Count:1b}]}"
              }
            }
          },
          {
            "condition": "minecraft:location_check",
            "predicate": {
              "block": {
                "nbt": "{Items:[{Slot:4b,id:'minecraft:dark_oak_planks',Count:1b}]}"
              }
            }
          },
          {
            "condition": "minecraft:location_check",
            "predicate": {
              "block": {
                "nbt": "{Items:[{Slot:4b,id:'minecraft:cherry_planks',Count:1b}]}"
              }
            }
          },
          {
            "condition": "minecraft:location_check",
            "predicate": {
              "block": {
                "nbt": "{Items:[{Slot:4b,id:'minecraft:jungle_planks',Count:1b}]}"
              }
            }
          },
          {
            "condition": "minecraft:location_check",
            "predicate": {
              "block": {
                "nbt": "{Items:[{Slot:4b,id:'minecraft:birch_planks',Count:1b}]}"
              }
            }
          },
          {
            "condition": "minecraft:location_check",
            "predicate": {
              "block": {
                "nbt": "{Items:[{Slot:4b,id:'minecraft:acacia_planks',Count:1b}]}"
              }
            }
          },
          {
            "condition": "minecraft:location_check",
            "predicate": {
              "block": {
                "nbt": "{Items:[{Slot:4b,id:'minecraft:mangrove_planks',Count:1b}]}"
              }
            }
          },
          {
            "condition": "minecraft:location_check",
            "predicate": {
              "block": {
                "nbt": "{Items:[{Slot:4b,id:'minecraft:warped_planks',Count:1b}]}"
              }
            }
          },
          {
            "condition": "minecraft:location_check",
            "predicate": {
              "block": {
                "nbt": "{Items:[{Slot:4b,id:'minecraft:crimson_planks',Count:1b}]}"
              }
            }
          },
          {
            "condition": "minecraft:location_check",
            "predicate": {
              "block": {
                "nbt": "{Items:[{Slot:4b,id:'minecraft:bamboo_planks',Count:1b}]}"
              }
            }
          }
        
        
      
    ]
  }
  