{
	"show_toast": true,
	"criteria": {
		"0": {
			"trigger":"minecraft:player_interacted_with_entity",
			"conditions": {
				"entity": [
					{
						"condition": "minecraft:entity_properties",
						"entity": "this",
						"predicate": {
							"type": "minecraft:boat"
						}
					},
					{
						"condition":"minecraft:inverted",
						"term": {
							"condition": "minecraft:entity_properties",
							"entity":"this",
							"predicate":{
								"passenger":{
									"type":"minecraft:item_display"
								}
							}
						}
					}
				]
			}
		}
	},
	"rewards": {
		"function": "siscu:advancement/boat_interaction"
	}
}