{
	"show_toast": true,
	"criteria": {
		"0": {
			"trigger":"minecraft:tick",
			"conditions": {
				"player": [
				{
					"condition": "minecraft:entity_properties",
					"entity":"this",
					"predicate": {
						"equipment": {
							"feet": {
								"enchantments":[{
									"enchantment": "minecraft:protection"
							}]
							}
						},
						"vehicle": {
							"nbt":"{SaddleItem:{tag:{CustomModelData:548101}}}"
						}
					}
				}
				]
			}
		},
		"1": {
			"trigger":"minecraft:tick",
			"conditions": {
				"player": [
				{
					"condition": "minecraft:entity_properties",
					"entity":"this",
					"predicate": {
						"equipment": {
							"feet": {
								"enchantments":[{
									"enchantment": "minecraft:protection"
							}]
							}
						},
						"vehicle": {
							"nbt":"{Tags:[\"siscu.enchanted_saddle\"]}"
						}
					}
				}
				]
			}
		}
	},
	"requirements": [["0","1"]],
	"rewards": {
		"function": "siscu:items/use/horse_protection"
	}
}