{
	"show_toast": true,
	"criteria": {
		"0": {
			"trigger":"minecraft:tick",
			"conditions": {
				"player": [
				{
					"condition": "minecraft:entity_properties",
					"entity":"this",
					"predicate": {
						"equipment": {
							"feet": {
								"enchantments":[{
									"enchantment": "minecraft:frost_walker"
							}]
							}
						},
						"vehicle": {
							"nbt":"{SaddleItem:{tag:{CustomModelData:548101}}}",
							"location": {
								"block": {
									"tag": "siscu:transparent_blocks"
								}
							},
							"flags":{"is_swimming":false}
						}
					}
				}
				]
			}
		},
		"1": {
			"trigger":"minecraft:tick",
			"conditions": {
				"player": [
				{
					"condition": "minecraft:entity_properties",
					"entity":"this",
					"predicate": {
						"equipment": {
							"feet": {
								"enchantments":[{
									"enchantment": "minecraft:frost_walker"
							}]
							}
						},
						"vehicle": {
							"nbt":"{Tags:[\"siscu.enchanted_saddle\"]}",
							"location": {
								"block": {
									"tag": "siscu:transparent_blocks"
								}
							}
						}
					}
				}
				]
			}
		}
	},
	"requirements": [["0","1"]],
	"rewards": {
		"function": "siscu:items/use/horse_frost_walker"
	}
}