{
  "criteria": {
    "killed_dragon": {
      "trigger": "minecraft:player_killed_entity",
      "conditions": {
        "entity": [
          {
            "condition": "minecraft:entity_properties",
            "predicate": {
              "type": "minecraft:wither_skeleton"
            },
            "entity": "this"
          }
        ]
      }
    }
  },
  "requirements": [
    [
      "killed_dragon"
    ]
  ],
  "rewards": {
    "function": "siscu:advancement/kill_wither_skeleton"
  }
}