{
    "criteria": {
        "1":{
            "trigger": "minecraft:lightning_strike",
            "conditions": {
                "lightning": {"distance": {
                    "absolute": {
                        "max":120,"min":0
                    }
                }},
                "player":[
                    {
                        "condition": "reference",
                        "name": "siscu:entities/is_wearing_copper_armor"}
                ]
            }
        }
    },
    "rewards": {
        "function": "siscu:advancement/struck_by_lightning_while_wearing_copper_armor"
    }
}