{
	"criteria": {
		"0": {
			"trigger":"minecraft:tick",
			"conditions": {
				"player": [
				{
					"condition": "minecraft:entity_properties",
					"entity": "this",
					"predicate": {
						"type_specific": {
							"type": "player",
							"looking_at": {
								"distance": {"absolute": {"min":0,"max":10}},
								"type": "minecraft:villager",
								"nbt": "{VillagerData:{profession:\"minecraft:librarian\", level: 1},Offers:{Recipes:[{sell:{id:\"minecraft:enchanted_book\",tag:{StoredEnchantments:[{id:\"minecraft:mending\"}]}}}]}}"
							}
						}
					}
				}
			]
			}
		}
	},
	"rewards": {
		"function": "siscu:entities/villager/librarian_tier1"
	}
}