{
	"credit": "Made by CiscuLog with Blockbench",
	"texture_size": [48, 16],
	"textures": {
		"0": "siscu_se:item/head_amethyst_front",
		"1": "siscu_se:item/head_amethyst_side",
		"2": "block/amethyst_block",
		"particle": "siscu_se:item/head_amethyst_side"
	},
	"elements": [
		{
			"from": [4, 4, 4],
			"to": [12, 12, 12],
			"faces": {
				"north": {"uv": [2.66667, 8, 5.33333, 16], "texture": "#0"},
				"east": {"uv": [0, 8, 2.66667, 16], "texture": "#0"},
				"south": {"uv": [8, 8, 10.66667, 16], "texture": "#0"},
				"west": {"uv": [5.33333, 8, 8, 16], "texture": "#0"},
				"up": {"uv": [5.33333, 8, 2.66667, 0], "texture": "#0"},
				"down": {"uv": [5.33333, 0, 8, 8], "texture": "#0"}
			}
		},
		{
			"from": [4.5, 4.5, 4.5],
			"to": [11.5, 11.5, 11.5],
			"faces": {
				"north": {"uv": [6, 0, 13, 7], "texture": "#2"},
				"east": {"uv": [6, 0, 13, 7], "texture": "#2"},
				"south": {"uv": [6, 0, 13, 7], "texture": "#2"},
				"west": {"uv": [6, 0, 13, 7], "texture": "#2"},
				"up": {"uv": [6, 0, 13, 7], "texture": "#2"},
				"down": {"uv": [6, 0, 13, 7], "texture": "#2"}
			}
		},
		{
			"from": [12, 5, 9],
			"to": [17, 13, 9],
			"faces": {
				"north": {"uv": [10.66667, 5, 12.33333, 13], "texture": "#0"},
				"east": {"uv": [0, 0, 1, 1], "texture": "#missing"},
				"south": {"uv": [12.33333, 5, 10.66667, 13], "texture": "#0"},
				"west": {"uv": [0, 0, 1, 1], "texture": "#missing"},
				"up": {"uv": [0, 0, 1, 1], "texture": "#missing"},
				"down": {"uv": [0, 0, 1, 1], "texture": "#missing"}
			}
		},
		{
			"from": [1, 2, 7],
			"to": [5, 6, 7],
			"faces": {
				"north": {"uv": [14, 10, 15.33333, 14], "texture": "#0"},
				"east": {"uv": [4, 0, 2.33333, 1], "texture": "#missing"},
				"south": {"uv": [15.33333, 10, 14, 14], "texture": "#0"},
				"west": {"uv": [4, 0, 2.33333, 1], "texture": "#missing"},
				"up": {"uv": [4, 0, 2.33333, 1], "texture": "#missing"},
				"down": {"uv": [4, 0, 2.33333, 1], "texture": "#missing"}
			}
		},
		{
			"from": [9, 12, 8],
			"to": [12, 15, 8],
			"faces": {
				"north": {"uv": [12.33333, 3, 13.33333, 6], "texture": "#0"},
				"east": {"uv": [7.33333, 0, 6.33333, 1], "texture": "#missing"},
				"south": {"uv": [13.33333, 3, 12.33333, 6], "texture": "#0"},
				"west": {"uv": [7.33333, 0, 6.33333, 1], "texture": "#missing"},
				"up": {"uv": [7.33333, 0, 6.33333, 1], "texture": "#missing"},
				"down": {"uv": [7.33333, 0, 6.33333, 1], "texture": "#missing"}
			}
		},
		{
			"from": [-1, 10, 9],
			"to": [7, 17, 9],
			"rotation": {"angle": 0, "axis": "y", "origin": [5, 10.5, 9]},
			"faces": {
				"north": {"uv": [13.33333, 1, 16, 8], "texture": "#0"},
				"east": {"uv": [0, 0, 1, 1], "texture": "#missing"},
				"south": {"uv": [16, 1, 13.33333, 8], "texture": "#0"},
				"west": {"uv": [0, 0, 1, 1], "texture": "#missing"},
				"up": {"uv": [0, 0, 1, 1], "texture": "#missing"},
				"down": {"uv": [0, 0, 1, 1], "texture": "#missing"}
			}
		},
		{
			"from": [9, 10, 10],
			"to": [9, 15, 15],
			"rotation": {"angle": 0, "axis": "y", "origin": [5, 10.5, 9]},
			"faces": {
				"north": {"uv": [0, 0, 1, 1], "texture": "#missing"},
				"east": {"uv": [11, 2, 6, 7], "texture": "#1"},
				"south": {"uv": [0, 0, 1, 1], "texture": "#missing"},
				"west": {"uv": [6, 2, 11, 7], "texture": "#1"},
				"up": {"uv": [0, 0, 1, 1], "rotation": 270, "texture": "#missing"},
				"down": {"uv": [0, 0, 1, 1], "rotation": 90, "texture": "#missing"}
			}
		},
		{
			"from": [7, 12, 5],
			"to": [7, 13, 7],
			"rotation": {"angle": 0, "axis": "y", "origin": [5, 10.5, 9]},
			"faces": {
				"north": {"uv": [0, 0, 1, 1], "texture": "#missing"},
				"east": {"uv": [5, 4, 3, 5], "texture": "#1"},
				"south": {"uv": [0, 0, 1, 1], "texture": "#missing"},
				"west": {"uv": [3, 4, 5, 5], "texture": "#1"},
				"up": {"uv": [0, 0, 1, 1], "rotation": 270, "texture": "#missing"},
				"down": {"uv": [0, 0, 1, 1], "rotation": 90, "texture": "#missing"}
			}
		},
		{
			"from": [6, 4, 12],
			"to": [6, 8, 15],
			"rotation": {"angle": 0, "axis": "y", "origin": [5, 10.5, 9]},
			"faces": {
				"north": {"uv": [0, 0, 1, 1], "texture": "#missing"},
				"east": {"uv": [11, 7, 8, 11], "texture": "#1"},
				"south": {"uv": [0, 0, 1, 1], "texture": "#missing"},
				"west": {"uv": [8, 7, 11, 11], "texture": "#1"},
				"up": {"uv": [0, 0, 1, 1], "rotation": 270, "texture": "#missing"},
				"down": {"uv": [0, 0, 1, 1], "rotation": 90, "texture": "#missing"}
			}
		}
	],
	"display": {
		"thirdperson_righthand": {
			"rotation": [75, 45, 0],
			"translation": [0, 2.5, 0],
			"scale": [0.375, 0.375, 0.375]
		},
		"thirdperson_lefthand": {
			"rotation": [75, 45, 0],
			"translation": [0, 2.5, 0],
			"scale": [0.375, 0.375, 0.375]
		},
		"firstperson_righthand": {
			"rotation": [0, 45, 0],
			"scale": [0.4, 0.4, 0.4]
		},
		"firstperson_lefthand": {
			"rotation": [0, 225, 0],
			"scale": [0.4, 0.4, 0.4]
		},
		"ground": {
			"rotation": [0, 180, 0],
			"translation": [0, 3, 0],
			"scale": [0.25, 0.25, 0.25]
		},
		"gui": {
			"rotation": [30, 225, 0],
			"scale": [0.625, 0.625, 0.625]
		},
		"head": {
			"scale": [1.61, 1.61, 1.61]
		},
		"fixed": {
			"scale": [0.5, 0.5, 0.5]
		}
	}
}