{
	"credit": "Made by CiscuLog with Blockbench",
	"texture_size": [16, 32],
	"textures": {
		"0": "siscu_se:item/piglin_decoration/crimson_banner_1",
		"particle": "#0"
	},
	"elements": [
		{
			"from": [1, -15, 7.5],
			"to": [15, 15, 8.5],
			"rotation": {"angle": 0, "axis": "y", "origin": [8, 0, 8]},
			"faces": {
				"north": {"uv": [1, 0.5, 15, 15.5], "texture": "#0"},
				"east": {"uv": [1, 0.5, 2, 15.5], "texture": "#0"},
				"south": {"uv": [15, 0.5, 1, 15.5], "texture": "#0"},
				"west": {"uv": [14, 0.5, 15, 15.5], "texture": "#0"},
				"up": {"uv": [1, 0.5, 15, 1], "rotation": 180, "texture": "#0"},
				"down": {"uv": [1, 15, 15, 15.5], "rotation": 180, "texture": "#0"}
			}
		}
	],
	"gui_light": "front",
	"display": {
		"thirdperson_righthand": {
			"rotation": [75, 45, 0],
			"translation": [0, 2.5, 0],
			"scale": [0.375, 0.375, 0.375]
		},
		"thirdperson_lefthand": {
			"rotation": [75, 45, 0],
			"translation": [0, 2.5, 0],
			"scale": [0.375, 0.375, 0.375]
		},
		"firstperson_righthand": {
			"rotation": [0, -60, 0],
			"translation": [0, 5, 0],
			"scale": [0.4, 0.4, 0.4]
		},
		"firstperson_lefthand": {
			"rotation": [0, 120, 0],
			"translation": [0, 5, 0],
			"scale": [0.4, 0.4, 0.4]
		},
		"ground": {
			"translation": [0, 3, 0],
			"scale": [0.25, 0.25, 0.25]
		},
		"gui": {
			"rotation": [30, -180, 0],
			"translation": [0, 4.5, 0],
			"scale": [0.625, 0.625, 0.625]
		},
		"head": {
			"rotation": [0, 180, 0],
			"translation": [0, 13, 7]
		},
		"fixed": {
			"rotation": [1, 0.2, 0],
			"translation": [0, 0, 0.5],
			"scale": [2, 2, 2]
		}
	}
}