{
	"credit": "Made by CiscuLog with Blockbench",
	"texture_size": [32, 32],
	"textures": {
		"0": "siscu_se:item/arm_dripleaf_0",
		"particle": "siscu_se:item/arm_dripleaf_0"
	},
	"elements": [
		{
			"from": [6, 2, 6],
			"to": [10, 14, 10],
			"rotation": {"angle": 0, "axis": "y", "origin": [6, 2, 6]},
			"faces": {
				"north": {"uv": [2, 2, 4, 8], "texture": "#0"},
				"east": {"uv": [0, 2, 2, 8], "texture": "#0"},
				"south": {"uv": [6, 2, 8, 8], "texture": "#0"},
				"west": {"uv": [4, 2, 6, 8], "texture": "#0"},
				"up": {"uv": [4, 2, 2, 0], "texture": "#0"},
				"down": {"uv": [6, 0, 4, 2], "texture": "#0"}
			}
		},
		{
			"from": [6, 2, 10],
			"to": [10, 14, 6],
			"rotation": {"angle": 0, "axis": "y", "origin": [6, 2, 6]},
			"faces": {
				"north": {"uv": [8, 2, 6, 8], "texture": "#0"},
				"east": {"uv": [2, 2, 0, 8], "texture": "#0"},
				"south": {"uv": [4, 2, 2, 8], "texture": "#0"},
				"west": {"uv": [6, 2, 4, 8], "texture": "#0"},
				"up": {"uv": [4, 2, 2, 0], "texture": "#0"},
				"down": {"uv": [6, 0, 4, 2], "texture": "#0"}
			}
		},
		{
			"name": "cubee",
			"from": [9, 1, 5.75],
			"to": [13, 5, 6.75],
			"rotation": {"angle": -22.5, "axis": "y", "origin": [9, 5, 6]},
			"faces": {
				"north": {"uv": [8.5, 0.5, 10.5, 2.5], "texture": "#0"},
				"east": {"uv": [8, 0.5, 8.5, 2.5], "texture": "#0"},
				"south": {"uv": [11, 0.5, 13, 2.5], "texture": "#0"},
				"west": {"uv": [10.5, 0.5, 11, 2.5], "texture": "#0"},
				"up": {"uv": [10.5, 0.5, 8.5, 0], "texture": "#0"},
				"down": {"uv": [12.5, 0, 10.5, 0.5], "texture": "#0"}
			}
		},
		{
			"from": [9, 1, 6.75],
			"to": [13, 5, 5.75],
			"rotation": {"angle": -22.5, "axis": "y", "origin": [9, 5, 6]},
			"faces": {
				"north": {"uv": [11, 0.5, 13, 2.5], "texture": "#0"},
				"east": {"uv": [8, 0.5, 8.5, 2.5], "texture": "#0"},
				"south": {"uv": [10.5, 0.5, 8.5, 2.5], "texture": "#0"},
				"west": {"uv": [10.5, 0.5, 11, 2.5], "texture": "#0"},
				"up": {"uv": [10.5, 0.5, 8.5, 0], "texture": "#0"},
				"down": {"uv": [12.5, 0, 10.5, 0.5], "texture": "#0"}
			}
		},
		{
			"from": [4, 12, 5.75],
			"to": [8, 16, 6.75],
			"rotation": {"angle": 0, "axis": "y", "origin": [6, 2, 6]},
			"faces": {
				"north": {"uv": [0.5, 8.5, 2.5, 10.5], "texture": "#0"},
				"east": {"uv": [0, 8.5, 0.5, 10.5], "texture": "#0"},
				"south": {"uv": [3, 8.5, 5, 10.5], "texture": "#0"},
				"west": {"uv": [2.5, 8.5, 3, 10.5], "texture": "#0"},
				"up": {"uv": [2.5, 8.5, 0.5, 8], "texture": "#0"},
				"down": {"uv": [4.5, 8, 2.5, 8.5], "texture": "#0"}
			}
		},
		{
			"from": [4, 12, 6.75],
			"to": [8, 16, 5.75],
			"rotation": {"angle": 0, "axis": "y", "origin": [6, 2, 6]},
			"faces": {
				"north": {"uv": [3, 8.5, 5, 10.5], "texture": "#0"},
				"east": {"uv": [0, 8.5, 0.5, 10.5], "texture": "#0"},
				"south": {"uv": [2.5, 8.5, 0.5, 10.5], "texture": "#0"},
				"west": {"uv": [2.5, 8.5, 3, 10.5], "texture": "#0"},
				"up": {"uv": [2.5, 8.5, 0.5, 8], "texture": "#0"},
				"down": {"uv": [4.5, 8, 2.5, 8.5], "texture": "#0"}
			}
		},
		{
			"from": [2, 5, 8.75],
			"to": [6, 9, 7.75],
			"rotation": {"angle": 22.5, "axis": "y", "origin": [6, 7, 8]},
			"faces": {
				"north": {"uv": [10.5, 8, 12.5, 10], "texture": "#0"},
				"east": {"uv": [7.5, 8, 8, 10], "texture": "#0"},
				"south": {"uv": [10, 8, 8, 10], "texture": "#0"},
				"west": {"uv": [10, 8, 10.5, 10], "texture": "#0"},
				"up": {"uv": [10, 8, 8, 7.5], "texture": "#0"},
				"down": {"uv": [12, 7.5, 10, 8], "texture": "#0"}
			}
		},
		{
			"from": [2, 5, 7.75],
			"to": [6, 9, 8.75],
			"rotation": {"angle": 22.5, "axis": "y", "origin": [6, 7, 8]},
			"faces": {
				"north": {"uv": [8, 8, 10, 10], "texture": "#0"},
				"east": {"uv": [7.5, 8, 8, 10], "texture": "#0"},
				"south": {"uv": [10.5, 8, 12.5, 10], "texture": "#0"},
				"west": {"uv": [10, 8, 10.5, 10], "texture": "#0"},
				"up": {"uv": [10, 8, 8, 7.5], "texture": "#0"},
				"down": {"uv": [12, 7.5, 10, 8], "texture": "#0"}
			}
		}
	],
	"display": {
		"thirdperson_righthand": {
			"rotation": [90, 0, 0],
			"translation": [0, -2, 6],
			"scale": [1.2, 1.2, 1.2]
		},
		"thirdperson_lefthand": {
			"rotation": [90, 0, 0],
			"translation": [0, -2, 6],
			"scale": [1.2, 1.2, 1.2]
		},
		"firstperson_righthand": {
			"rotation": [90, 0, 0]
		},
		"firstperson_lefthand": {
			"rotation": [90, 0, 0]
		},
		"ground": {
			"rotation": [90, 2, 0],
			"translation": [0, 2, 0],
			"scale": [0.75, 0.75, 0.75]
		},
		"gui": {
			"rotation": [135, 0, -45],
			"scale": [0.625, 0.625, 0.625]
		}
	}
}