{
	"credit": "Made by CiscuLog with Blockbench",
	"texture_size": [32, 32],
	"textures": {
		"0": "siscu_se:item/phage_arrow_shot",
		"particle": "#0"
	},
	"elements": [
		{
			"from": [0, 5.5, 8],
			"to": [16, 10.5, 8],
			"faces": {
				"north": {"uv": [0, 0, 8, 2.5], "texture": "#0"},
				"east": {"uv": [0, 0, 0, 2.5], "texture": "#0"},
				"south": {"uv": [8, 0, 0, 2.5], "texture": "#0"},
				"west": {"uv": [8, 0, 8, 2.5], "texture": "#0"},
				"up": {"uv": [8, 0, 0, 0], "texture": "#0"},
				"down": {"uv": [16, 0, 8, 0], "texture": "#0"}
			}
		},
		{
			"from": [0, 8, 5.5],
			"to": [16, 8, 10.5],
			"faces": {
				"north": {"uv": [16, 0, 8, 0], "rotation": 180, "texture": "#0"},
				"east": {"uv": [0, 0, 0, 2.5], "rotation": 270, "texture": "#0"},
				"south": {"uv": [8, 0, 0, 0], "texture": "#0"},
				"west": {"uv": [8, 0, 8, 2.5], "rotation": 90, "texture": "#0"},
				"up": {"uv": [0, 0, 8, 2.5], "rotation": 180, "texture": "#0"},
				"down": {"uv": [8, 0, 0, 2.5], "texture": "#0"}
			}
		},
		{
			"from": [15, 5.5, 5.5],
			"to": [15, 10.5, 10.5],
			"faces": {
				"north": {"uv": [0, 2.5, 2.5, 5], "texture": "#0"},
				"east": {"uv": [0, 2.5, 2.5, 5], "texture": "#0"},
				"south": {"uv": [0, 2.5, 2.5, 5], "texture": "#0"},
				"west": {"uv": [2.5, 2.5, 0, 5], "texture": "#0"},
				"up": {"uv": [0, 2.5, 2.5, 5], "texture": "#0"},
				"down": {"uv": [0, 2.5, 2.5, 5], "texture": "#0"}
			}
		}
	],
	"display": {
		"thirdperson_righthand": {
			"rotation": [-131.6, -22.77, -43.99],
			"translation": [2.75, 1.5, 8.25],
			"scale": [0.85, 0.85, 0.85]
		},
		"thirdperson_lefthand": {
			"rotation": [-10.09, 4.03, -135.69],
			"translation": [3.5, 1.5, 8.25],
			"scale": [0.85, 0.85, 0.85]
		},
		"firstperson_righthand": {
			"rotation": [0, -90, 25],
			"translation": [1.13, 3.2, 1.13],
			"scale": [0.68, 0.68, 0.68]
		},
		"firstperson_lefthand": {
			"rotation": [0, 90, -25],
			"translation": [1.13, 3.2, 1.13],
			"scale": [0.68, 0.68, 0.68]
		},
		"ground": {
			"translation": [0, 2, 0],
			"scale": [0.5, 0.5, 0.5]
		},
		"gui": {
			"rotation": [30, 225, 0],
			"scale": [0.625, 0.625, 0.625]
		},
		"head": {
			"rotation": [0, -24, 45],
			"translation": [8.75, 9, 5.25],
			"scale": [1.25, 1.25, 1.25]
		},
		"fixed": {
			"rotation": [0, 180, 0]
		}
	}
}