{
	"credit": "Made by CiscuLog with Blockbench",
	"texture_size": [48, 16],
	"textures": {
		"0": "siscu_se:item/turtle_shell",
		"particle": "siscu_se:item/turtle_shell"
	},
	"elements": [
		{
			"from": [4, 2, 8],
			"to": [12, 14, 12],
			"rotation": {"angle": 0, "axis": "y", "origin": [12, 0, 8]},
			"faces": {
				"north": {"uv": [1.33333, 4, 4, 16], "texture": "#0"},
				"east": {"uv": [0, 4, 1.33333, 16], "texture": "#0"},
				"south": {"uv": [5.33333, 4, 8, 16], "texture": "#0"},
				"west": {"uv": [4, 4, 5.33333, 16], "texture": "#0"},
				"up": {"uv": [4, 4, 1.33333, 0], "texture": "#0"},
				"down": {"uv": [6.66667, 0, 4, 4], "texture": "#0"}
			}
		},
		{
			"from": [5, 3, 12],
			"to": [11, 13, 13],
			"rotation": {"angle": 0, "axis": "y", "origin": [12, 0, 8]},
			"faces": {
				"north": {"uv": [8.33333, 1, 10.33333, 11], "texture": "#0"},
				"east": {"uv": [8, 1, 8.33333, 11], "texture": "#0"},
				"south": {"uv": [10.66667, 1, 12.66667, 11], "texture": "#0"},
				"west": {"uv": [10.33333, 1, 10.66667, 11], "texture": "#0"},
				"up": {"uv": [10.33333, 1, 8.33333, 0], "texture": "#0"},
				"down": {"uv": [12.33333, 0, 10.33333, 1], "texture": "#0"}
			}
		}
	],
	"display": {
		"ground": {
			"rotation": [0, 0, -33],
			"translation": [0, -3, 0],
			"scale": [0.5, 0.5, 0.5]
		},
		"gui": {
			"rotation": [30, 225, 0],
			"translation": [-1.5, -6.75, 0]
		},
		"head": {
			"translation": [0, -6, -4.75],
			"scale": [2, 2, 2]
		}
	}
}