{
	"credit": "Made by CiscuLog with Blockbench",
	"texture_size": [64, 128],
	"textures": {
		"0": "entity/witch",
		"particle": "entity/witch"
	},
	"elements": [
		{
			"from": [3, 3, 3],
			"to": [13, 5, 13],
			"rotation": {"angle": 0, "axis": "y", "origin": [3, 3, 3]},
			"faces": {
				"north": {"uv": [2.5, 9.25, 5, 9.5], "texture": "#0"},
				"east": {"uv": [0, 9.25, 2.5, 9.5], "texture": "#0"},
				"south": {"uv": [7.5, 9.25, 10, 9.5], "texture": "#0"},
				"west": {"uv": [5, 9.25, 7.5, 9.5], "texture": "#0"},
				"up": {"uv": [5, 9.25, 2.5, 8], "texture": "#0"},
				"down": {"uv": [7.5, 8, 5, 9.25], "texture": "#0"}
			}
		},
		{
			"from": [4.5, 5, 4.5],
			"to": [11.5, 9, 11.5],
			"rotation": {"angle": 0, "axis": "y", "origin": [3, 3, 3]},
			"faces": {
				"north": {"uv": [1.75, 10.375, 3.5, 10.875], "texture": "#0"},
				"east": {"uv": [0, 10.375, 1.75, 10.875], "texture": "#0"},
				"south": {"uv": [5.25, 10.375, 7, 10.875], "texture": "#0"},
				"west": {"uv": [3.5, 10.375, 5.25, 10.875], "texture": "#0"},
				"up": {"uv": [3.5, 10.375, 1.75, 9.5], "texture": "#0"},
				"down": {"uv": [5.25, 9.5, 3.5, 10.375], "texture": "#0"}
			}
		},
		{
			"from": [6, 8.5, 6],
			"to": [10, 12.5, 10],
			"rotation": {"angle": 0, "axis": "x", "origin": [8, 9, 6]},
			"faces": {
				"north": {"uv": [1, 11.375, 2, 11.875], "texture": "#0"},
				"east": {"uv": [0, 11.375, 1, 11.875], "texture": "#0"},
				"south": {"uv": [3, 11.375, 4, 11.875], "texture": "#0"},
				"west": {"uv": [2, 11.375, 3, 11.875], "texture": "#0"},
				"up": {"uv": [2, 11.375, 1, 10.875], "texture": "#0"},
				"down": {"uv": [3, 10.875, 2, 11.375], "texture": "#0"}
			}
		},
		{
			"from": [7.5, 12.5, 7.5],
			"to": [8.5, 14.5, 8.5],
			"rotation": {"angle": 0, "axis": "y", "origin": [3, 3, 3]},
			"faces": {
				"north": {"uv": [0.25, 12, 0.5, 12.25], "texture": "#0"},
				"east": {"uv": [0, 12, 0.25, 12.25], "texture": "#0"},
				"south": {"uv": [0.75, 12, 1, 12.25], "texture": "#0"},
				"west": {"uv": [0.5, 12, 0.75, 12.25], "texture": "#0"},
				"up": {"uv": [0.5, 12, 0.25, 11.875], "texture": "#0"},
				"down": {"uv": [0.75, 11.875, 0.5, 12], "texture": "#0"}
			}
		}
	],
	"display": {
		"thirdperson_righthand": {
			"rotation": [75, 45, 0],
			"translation": [0, 2.5, 0],
			"scale": [0.75, 0.75, 0.75]
		},
		"thirdperson_lefthand": {
			"rotation": [75, 45, 0],
			"translation": [0, 2.5, 0],
			"scale": [0.375, 0.375, 0.375]
		},
		"firstperson_righthand": {
			"rotation": [-180, 75, -180],
			"translation": [0, 3.25, 0.75],
			"scale": [0.65, 0.65, 0.65]
		},
		"firstperson_lefthand": {
			"rotation": [0, 225, 0],
			"scale": [0.4, 0.4, 0.4]
		},
		"ground": {
			"translation": [0, 2, 0],
			"scale": [0.75, 0.75, 0.75]
		},
		"gui": {
			"rotation": [30, 225, 0],
			"scale": [0.75, 0.75, 0.75]
		},
		"head": {
			"translation": [0, 13.25, 0],
			"scale": [2, 2, 2]
		},
		"fixed": {
			"translation": [0, -1, 0],
			"scale": [1.5, 1.5, 1.5]
		}
	}
}