{
	"credit": "Made by CiscuLog with Blockbench",
	"texture_size": [64, 64],
	"textures": {
		"0": "entity/horse/horse_zombie",
		"particle": "entity/horse/horse_zombie"
	},
	"elements": [
		{
			"from": [5, 5, 6],
			"to": [11, 10, 13],
			"faces": {
				"north": {"uv": [1.75, 5, 3.25, 6.25], "texture": "#0"},
				"east": {"uv": [0, 5, 1.75, 6.25], "texture": "#0"},
				"south": {"uv": [5, 5, 6.5, 6.25], "texture": "#0"},
				"west": {"uv": [3.25, 5, 5, 6.25], "texture": "#0"},
				"up": {"uv": [3.25, 5, 1.75, 3.25], "texture": "#0"},
				"down": {"uv": [4.75, 3.25, 3.25, 5], "texture": "#0"}
			}
		},
		{
			"from": [6, 5, 1],
			"to": [10, 10, 6],
			"faces": {
				"north": {"uv": [1.25, 7.5, 2.25, 8.75], "texture": "#0"},
				"east": {"uv": [0, 7.5, 1.25, 8.75], "texture": "#0"},
				"south": {"uv": [3.5, 7.5, 4.5, 8.75], "texture": "#0"},
				"west": {"uv": [2.25, 7.5, 3.5, 8.75], "texture": "#0"},
				"up": {"uv": [2.25, 7.5, 1.25, 6.25], "texture": "#0"},
				"down": {"uv": [3.25, 6.25, 2.25, 7.5], "texture": "#0"}
			}
		},
		{
			"from": [5.5, 9, 11.9],
			"to": [7.5, 12, 12.9],
			"faces": {
				"north": {"uv": [5, 4.25, 5.5, 5], "texture": "#0"},
				"east": {"uv": [4.75, 4.25, 5, 5], "texture": "#0"},
				"south": {"uv": [5.75, 4.25, 6.25, 5], "texture": "#0"},
				"west": {"uv": [5.5, 4.25, 5.75, 5], "texture": "#0"},
				"up": {"uv": [5.5, 4.25, 5, 4], "texture": "#0"},
				"down": {"uv": [6, 4, 5.5, 4.25], "texture": "#0"}
			}
		},
		{
			"from": [8.5, 9, 11.9],
			"to": [10.5, 12, 12.9],
			"faces": {
				"north": {"uv": [5, 4.25, 5.5, 5], "texture": "#0"},
				"east": {"uv": [4.75, 4.25, 5, 5], "texture": "#0"},
				"south": {"uv": [5.75, 4.25, 6.25, 5], "texture": "#0"},
				"west": {"uv": [5.5, 4.25, 5.75, 5], "texture": "#0"},
				"up": {"uv": [5.5, 4.25, 5, 4], "texture": "#0"},
				"down": {"uv": [6, 4, 5.5, 4.25], "texture": "#0"}
			}
		}
	],
	"display": {
		"thirdperson_righthand": {
			"rotation": [75, 45, 0],
			"translation": [0, 2.5, 0],
			"scale": [0.375, 0.375, 0.375]
		},
		"thirdperson_lefthand": {
			"rotation": [75, 45, 0],
			"translation": [0, 2.5, 0],
			"scale": [0.375, 0.375, 0.375]
		},
		"firstperson_righthand": {
			"rotation": [0, 45, 0],
			"scale": [0.4, 0.4, 0.4]
		},
		"firstperson_lefthand": {
			"rotation": [0, 225, 0],
			"scale": [0.4, 0.4, 0.4]
		},
		"ground": {
			"rotation": [0, 180, 0],
			"translation": [0, 3, 0],
			"scale": [0.25, 0.25, 0.25]
		},
		"gui": {
			"rotation": [60, 225, 30]
		},
		"fixed": {
			"scale": [0.5, 0.5, 0.5]
		}
	}
}