{
  "processors": [
    {
      "processor_type": "minecraft:rule",
      "rules": [
        {
          "input_predicate": {
            "block": "minecraft:coarse_dirt",
            "predicate_type": "minecraft:block_match",
			"probability": 1
          },
          "location_predicate": {
            "block": "minecraft:water",
            "predicate_type": "minecraft:block_match"
          },
          "output_state": {
            "Name": "minecraft:dark_oak_planks"
          }
        },
		{
          "input_predicate": {
            "block": "minecraft:decorated_pot",
            "predicate_type": "minecraft:random_block_match",
            "probability": 0.3
          },
          "location_predicate": {
            "predicate_type": "minecraft:always_true"
          },
          "output_state": {
            "Name": "minecraft:air"
          }
        }
      ]
    }
  ]
}