{
  "processors": [
    {
      "processor_type": "minecraft:rule",
      "rules": [
        {
          "input_predicate": {
            "block": "minecraft:chest",
            "predicate_type": "minecraft:random_block_match",
            "probability": 0.6
          },
          "location_predicate": {
            "predicate_type": "minecraft:always_true"
          },
          "output_state": {
            "Name": "minecraft:air"
          }
        },
		{
          "input_predicate": {
            "block": "minecraft:decorated_pot",
            "predicate_type": "minecraft:random_block_match",
            "probability": 0.6
          },
          "location_predicate": {
            "predicate_type": "minecraft:always_true"
          },
          "output_state": {
            "Name": "minecraft:air"
          }
        }
      ]
    }
  ]
}