{
    "pools": [
      {
        "rolls": 1,
        "bonus_rolls": {
          "min": 0,
          "max": 0
        },
        "entries": [
          {
            "type": "minecraft:item",
            "name": "minecraft:feather",
            "functions": [
              {
                "function": "minecraft:set_count",
                "count": {
                  "min": 1,
                  "max": 2
                },
                "conditions": [
                  {
                    "condition": "minecraft:random_chance",
                    "chance": 0.1
                  }
                ]
              }
            ],
            "conditions": [
              {
                "condition": "minecraft:random_chance",
                "chance": 0.08
              }
            ]
          }
        ]
      }
    ]
  }
  