{  "parent": "wep:root",
  
    "criteria": {
        "cut":{
            "trigger": "entity_hurt_player",
            "conditions": {
                "player": {
                  "equipment": {
                    "mainhand": {
                        "nbt":"{CustomModelData:99995}"
                    }
                  }
                
            },
            "damage": {
                "source_entity": {
                    "equipment": {
                        "mainhand": {
                            "nbt": "{CustomModelData:99993}"
                        }
                    }
                }
            }
            

        }
    }
},
  
    "rewards": {
        "function": "wep:technical/polearm_damage/cutlass"
    }
}