{
  "criteria": {
    "requirement": {
      "trigger": "minecraft:using_item",
      "conditions": {
        "player": [
          {
            "condition": "minecraft:entity_scores",
            "entity": "this",
            "scores": {
              "mt.wand_timer": {
                "min": 20
              }
            }
          }
        ],
        "item": {
          "items": [
            "minecraft:stick"
          ],
          "predicates": {
  "minecraft:custom_data": "{spawn:\"mt.slow_falling_cow\"}"
      }        }
      }
    }
  },
  "rewards": {
    "function": "mt:mobs/slow_falling_cow"
  }
}
