{
  "display": {
    "icon": {
      "id": "minecraft:magenta_glazed_terracotta"
    },
    "title": "Helicopter Man",
    "description": "Consume an Updraft Potion",
    "frame": "task",
    "show_toast": true,
    "announce_to_chat": true,
    "hidden": false
  },
  "parent": "mt:treasure_advancements/first_rare_wind_treasure",
  "criteria": {
    "requirement": {
      "trigger": "minecraft:consume_item",
      "conditions": {
        "item": {
          "predicates": {
  "minecraft:custom_data": "{item:\"uppot\"}"
      }        }
      }
    }
  }
}
