{
	"name": "nova_structures:underground_house",
	"fallback": "minecraft:empty",
	"elements": [
		{
			"weight": 3,
			"element": {
				"element_type": "minecraft:single_pool_element",
				"location": "nova_structures:underground_house/underground_house_1",
				"projection": "rigid",
				"processors": "nova_structures:loot_degradation"
			}
		},
		{
			"weight": 3,
			"element": {
				"element_type": "minecraft:single_pool_element",
				"location": "nova_structures:underground_house/underground_house_2",
				"projection": "rigid",
				"processors": "nova_structures:loot_degradation"
			}
		},
		{
			"weight": 3,
			"element": {
				"element_type": "minecraft:single_pool_element",
				"location": "nova_structures:underground_house/underground_house_3",
				"projection": "rigid",
				"processors": "nova_structures:loot_degradation"
			}
		},
		{
			"weight": 3,
			"element": {
				"element_type": "minecraft:single_pool_element",
				"location": "nova_structures:underground_house/underground_house_4",
				"projection": "rigid",
				"processors": "nova_structures:loot_degradation"
			}
		},
		{
			"weight": 3,
			"element": {
				"element_type": "minecraft:single_pool_element",
				"location": "nova_structures:underground_house/underground_house_5",
				"projection": "rigid",
				"processors": "nova_structures:loot_degradation"
			}
		},
		{
			"weight": 1,
			"element": {
				"element_type": "minecraft:single_pool_element",
				"location": "nova_structures:underground_house/underground_house_trap_1",
				"projection": "rigid",
				"processors": "nova_structures:loot_degradation"
			}
		},
		{
			"weight": 2,
			"element": {
				"element_type": "minecraft:single_pool_element",
				"location": "nova_structures:underground_house/underground_house_trap_2",
				"projection": "rigid",
				"processors": "nova_structures:loot_degradation"
			}
		},
		{
			"weight": 2,
			"element": {
				"element_type": "minecraft:single_pool_element",
				"location": "nova_structures:underground_house/underground_house_trap_3",
				"projection": "rigid",
				"processors": "nova_structures:loot_degradation"
			}
		},
		{
			"weight": 2,
			"element": {
				"element_type": "minecraft:single_pool_element",
				"location": "nova_structures:underground_house/underground_house_trap_4",
				"projection": "rigid",
				"processors": "nova_structures:loot_degradation"
			}
		},
		{
			"weight": 2,
			"element": {
				"element_type": "minecraft:single_pool_element",
				"location": "nova_structures:underground_house/underground_house_trap_5",
				"projection": "rigid",
				"processors": "nova_structures:loot_degradation"
			}
		}
	]
}
