{
    "display": {
        "icon": {
            "item": "minecraft:iron_sword",
            "nbt": "{CustomModelData:99900}"
            
        },
        "background":"minecraft:textures/block/mangrove_planks.png",
        "title": "Warfare Expanded",
        "description": "Welcome to the dream of every blacksmith :D!",
        "announce_to_chat": false,
        "hidden": false,
        "show_toast": false,
        "frame": "task"
     
    },
    "criteria": {
        "wep":{
            "trigger": "inventory_changed",
            "conditions": {
                "items": [
                  {
                    "tag": "swords"
                  }
                ]
            }
           
        },
        "wep2":{
            "trigger": "inventory_changed",
            "conditions": {
                "items": [
                  {
                    "tag": "axes"
                  }
                ]
            }
           
        }
        
    },
    "requirements": [
        ["wep","wep2"]
    ]
            
     
    
   

}