{  "parent": "wep:warfare_expanded/root",
    "display": {
        "icon": {
            "item": "minecraft:potion",
            "nbt": "{CustomPotionColor:16771366,Enchantments:[]}"
            
        },
        "title": "Three Sheets to the Wind",
        "description": "Drink a Bottle o' Rum",
        "announce_to_chat": true,
        "hidden": false,
        "show_toast": true,
        "frame": "task"
     
    },
    "criteria": {
        "wep":{
            "trigger": "consume_item",
           "conditions":{
           "item": {
            "nbt": "{Custom:1001}"
           }
           }
        }
        
    }
   

}