{  "parent": "wep:warfare_expanded/root",
    "display": {
        "icon": {
            "item": "minecraft:glow_item_frame",
            "nbt": "{CustomModelData:99991}"
            
        },
        "title": "Where it all begins",
        "description": "Craft a Molding Bench",
        "announce_to_chat": true,
        "hidden": false,
        "show_toast": true,
        "frame": "task"
     
    },
    "criteria": {
        "wep":{
            "trigger": "recipe_unlocked",
            "conditions": {
                "recipe": "wep:molding_bench"
            }
           
        }
        
    }
   

}