{  "parent": "wep:warfare_expanded/swords/cutlass",
    "display": {
        "icon": {
            "item": "minecraft:golden_sword",
            "nbt": "{CustomModelData:99993,Enchantments:[{}]}"
            
        },
        "title": "Shining Gold",
        "description": "Obtain a Captain's Cutlass",
        "announce_to_chat": true,
        "hidden": false,
        "show_toast": true,
        "frame": "challenge"
     
    },
    "criteria": {
        "wep":{
            "trigger": "inventory_changed",
            "conditions": {
                "items": [
                    {"nbt": "{CustomModelData:99993,Unbreakable:1b}",
                "items": [
                    "minecraft:golden_sword"
                ]}
            
                ]
            }
           
        }
        
    }
   

}