{  "parent": "wep:warfare_expanded/swords/cutlass",
    "display": {
        "icon": {
            "item": "minecraft:diamond_sword",
            "nbt": "{CustomModelData:99993}"
            
        },
        "title": "Sharpened Edge",
        "description": "Deal Heavy damage to a polearm with a weapon with the edged trait",
        "announce_to_chat": true,
        "hidden": false,
        "show_toast": true,
        "frame": "task"
     
    },
    "criteria": {
        "wep1":{
            "trigger": "player_hurt_entity",
            "conditions": {
              "player": {
                "equipment": {
                    "mainhand": {
                        "nbt": "{CustomModelData:99993}"
                    }
                }
              },
              "entity": {
                "equipment": {
                    "mainhand": {
                        "nbt":"{CustomModelData:99995}"
                    }
                }
              }
            }
           
        },
        "wep2":{
            "trigger": "player_hurt_entity",
            "conditions": {
              "player": {
                "equipment": {
                    "mainhand": {
                        "nbt": "{CustomModelData:99993}"
                    }
                }
              },
              "entity": {
                "equipment": {
                    "mainhand": {
                        "nbt":"{CustomModelData:999901}"
                    }
                }
              }
            }
           
        }
        
        
    },
    "requirements": [
        ["wep1","wep2"]
    ]
   

}