{  "parent": "wep:warfare_expanded/swords/swords",
    "display": {
        "icon": {
            "item": "minecraft:iron_sword",
            "nbt": "{CustomModelData:99993}"
            
        },
        "title": "Certified Pirate",
        "description": "Mold a Cutlass from any Material",
        "announce_to_chat": true,
        "hidden": false,
        "show_toast": true,
        "frame": "task"
     
    },
    "criteria": {
        "wep":{
            "trigger": "inventory_changed",
            "conditions": {
                "items": [
                    {"nbt": "{CustomModelData:99993}"}
                ]
            }
           
        }
        
    }
   

}