{  "parent": "wep:warfare_expanded/swords/z_heavy_duty",
    "display": {
        "icon": {
            "item": "minecraft:skeleton_skull",
            "nbt": "{CustomModelData:99992}"
            
        },
        "title": "Executioner",
        "description": "Execute an undead mob with one slash using a claymore",
        "announce_to_chat": true,
        "hidden": false,
        "show_toast": true,
        "frame": "challenge"
     
    },
    "criteria": {
        "wep":{
            "trigger": "player_killed_entity" ,
            "conditions": {
              "entity": {
                "type":"#wep:undead",
                "nbt": "{Tags:[full]}"
              },
              "player": {
                "equipment": {"mainhand": {
                    "nbt": "{CustomModelData:99992}"
                }}
              }
            }
        }
        
    },
    "rewards": {
      "experience": 200
    }

}