{  "parent": "wep:warfare_expanded/swords/swords",
    "display": {
        "icon": {
            "item": "minecraft:stone_sword",
            "nbt": "{CustomModelData:99991}"
            
        },
        "title": "Stabbing Device",
        "description": "Mold a Dagger from any Material",
        "announce_to_chat": true,
        "hidden": false,
        "show_toast": true,
        "frame": "task"
     
    },
    "criteria": {
        "wep":{
            "trigger": "inventory_changed",
            "conditions": {
                "items": [
                    {"nbt": "{CustomModelData:99991}"}
                ]
            } 
        }
        
    }
   

}