{  "parent": "wep:warfare_expanded/w_i_a_b",
    "display": {
        "icon": {
            "item": "minecraft:stone_sword"
            
        },
        "title": "The Art of Swords",
        "description": "Mold one of the W.E Sword weapons",
        "announce_to_chat": false,
        "hidden": false,
        "show_toast": true,
        "frame": "goal"
     
    },
    "criteria": {
        "wep":{
            "trigger": "inventory_changed",
            "conditions": {
                "items": [
                    {"nbt": "{CustomModelData:99993}"}
                ]
            }
           
        },
        "wep1":{
            "trigger": "inventory_changed",
            "conditions": {
                "items": [
                    {"nbt": "{CustomModelData:99991}"}
                ]
            } 
        },
        "wep2":{
            "trigger": "inventory_changed",
            "conditions": {
                "items": [
                    {"nbt": "{CustomModelData:99996}"}
                ]
            } 
        },
        "wep3":{
            "trigger": "inventory_changed",
            "conditions": {
                "items": [
                    {
                        "nbt": "{CustomModelData:99992}"
                    }
                ]
            } 
        },
        "wep4":{
            "trigger": "inventory_changed",
            "conditions": {
                "items": [
                    {"nbt": "{CustomModelData:99998}"}
                ]
            } 
        }
        
    },
    "requirements": [
        ["wep","wep1","wep2","wep3","wep4"]
    ]
   

}