{
    "type": "minecraft:entity",
    "random_sequence": "minecraft:entities/frog",
    "pools": [
    {
        "rolls": 1.0,
        "entries": [
            {
                "type": "minecraft:loot_table",
                "name": "siscu:items/food/frog",
                "conditions": [
                    {
                        "condition": "minecraft:random_chance_with_looting",
                        "chance": 0.1,
                        "looting_multiplier": 0.2
                    }
                ]
            }
        ]
    }
    ]
}