{
  "type": "minecraft:entity",
  "pools": [
  {
	  "rolls": 1,
	  "entries": [
	  {
		  "type": "minecraft:item",
		  "name": "minecraft:glass_bottle"
	  }
	  ],
	  "conditions": [
	  {
		  "condition": "minecraft:entity_properties",
		  "entity": "this",
		  "predicate": {
			  "effects": {"minecraft:invisibility": {}}
		  }
	  }
	  ]
  },
  {
	  "rolls": 1,
	  "entries": [
	  {
		  "type": "minecraft:item",
		  "name": "minecraft:potion",
		  "functions": [
		  {
			  "function": "minecraft:set_nbt",
			  "tag": "{Potion: \"minecraft:long_invisibility\"}"
		  }
		  ]
	  }
	  ],
	  "conditions": [
	  {
		  "condition": "minecraft:inverted",
		  "term": {
			  "condition": "minecraft:entity_properties",
			  "entity": "this",
			  "predicate": {
				  "effects": {"minecraft:invisibility":{}}
			  }
		  }
	  }
	  ]
  }
  ]
}