{
  "pools": [
    {
      "rolls": 1,
      "entries": [
        {
          "type": "minecraft:loot_table",
          "value": "kattersstructures:automaticons/stone/sword"
        },
        {
          "type": "minecraft:loot_table",
          "value": "kattersstructures:automaticons/stone/shovel"
        },
        {
          "type": "minecraft:loot_table",
          "value": "kattersstructures:automaticons/stone/pickaxe"
        },
        {
          "type": "minecraft:loot_table",
          "value": "kattersstructures:automaticons/stone/hoe"
        },
        {
          "type": "minecraft:loot_table",
          "value": "kattersstructures:automaticons/stone/axe"
        }
      ]
    }
  ]
}
